seed,dial,from,to,change,changed_share,brightness,contrast,clear,opaque,chroma,hue,hue_spread,detail,bright_share,seconds
1,(default),,,0,0,0.26697,0.13688,0.73576,0.05881,0.015086,108.08,0.050309,0.0076984,0.41797,1.848
1,viewer-offset,0.55,0,21.464,0.68554,0.3079,0.16053,0.54212,0.10561,0.018463,111.75,0.05396,0.0076699,0.41924,0.914
1,viewer-offset,0.55,1,11.182,0.55952,0.24746,0.12896,0.82446,0.038303,0.01365,106.39,0.03513,0.0075727,0.41587,0.881
1,viewer-offset,0.55,2,13.625,0.45431,0.21846,0.1167,0.93707,0.020655,0.011854,103.1,0.024934,0.0073479,0.40653,0.716
1,viewer-offset,0.55,3,13.979,0.45463,0.21336,0.11351,0.9636,0.01068,0.011487,102.58,0.020011,0.0069822,0.40647,0.702
1,viewer-offset,0.55,4,14.029,0.45469,0.21157,0.11199,0.97279,0.0072539,0.01136,102.37,0.018947,0.0067578,0.40421,0.704
1,cluster-offset,0.85,0,15.229,0.52629,0.31074,0.16082,0.74332,0.053881,0.017495,114.3,0.061067,0.0094032,0.3879,0.915
1,cluster-offset,0.85,0.2375,14.179,0.49228,0.31345,0.16307,0.7355,0.0561,0.01754,113.03,0.053462,0.0090798,0.37877,0.875
1,cluster-offset,0.85,0.475,11.836,0.45909,0.30852,0.16776,0.73581,0.056835,0.016849,111.42,0.049592,0.0087761,0.42129,0.879
1,cluster-offset,0.85,0.7125,7.7648,0.37888,0.29613,0.16382,0.73536,0.057688,0.016095,110.02,0.048639,0.0084672,0.45861,0.875
1,cluster-offset,0.85,0.95,6.43,0.35882,0.24012,0.11962,0.73531,0.058639,0.013563,104.64,0.04526,0.0068364,0.406,0.875
1,luminosity,1,0.25,10.475,0.44123,0.22197,0.10954,0.73599,0.05883,0.012665,101.72,0.039194,0.0062693,0.38469,1.064
1,luminosity,1,0.5,6.4563,0.39825,0.24004,0.1176,0.73586,0.058929,0.013662,104.62,0.044724,0.0068334,0.39088,0.875
1,luminosity,1,2,9.4926,0.48865,0.30422,0.16691,0.73555,0.058928,0.016429,111.36,0.055037,0.0091366,0.46341,0.873
1,luminosity,1,4,22.291,0.5629,0.35157,0.20427,0.73558,0.059101,0.017159,114.07,0.065513,0.011474,0.50514,0.865
1,clusters,2,1,10.871,0.44306,0.22023,0.12089,0.70866,0.057864,0.013088,102.01,0.044836,0.0060582,0.42419,0.808
1,clusters,2,3,10.047,0.50577,0.30512,0.15788,0.70915,0.053727,0.017318,112.92,0.058973,0.00918,0.40125,0.956
1,thickness,0.06,0.015,6.7427,0.41066,0.27202,0.15059,0.82122,0.013953,0.014978,109.22,0.044384,0.0075834,0.45025,0.965
1,thickness,0.06,0.03,5.5065,0.37439,0.275,0.1498,0.78582,0.025314,0.015246,109.18,0.045222,0.0078373,0.44628,0.896
1,thickness,0.06,0.12,7.6638,0.42333,0.24701,0.12068,0.66397,0.10891,0.014193,105.32,0.053104,0.0070568,0.39419,0.889
1,thickness,0.06,0.24,14.554,0.52999,0.20012,0.12103,0.57302,0.16155,0.012465,97.585,0.049873,0.0057413,0.41218,1.006
1,fold,0.18,0,6.447,0.4603,0.27105,0.13907,0.73869,0.056662,0.015398,108.73,0.050426,0.0078802,0.40944,0.859
1,fold,0.18,0.25,3.1339,0.34221,0.26406,0.13572,0.7338,0.058589,0.014919,107.6,0.0502,0.0077094,0.42152,0.874
1,fold,0.18,0.5,8.8378,0.49987,0.24414,0.12312,0.72714,0.054456,0.013843,104.33,0.044367,0.0073141,0.41753,0.907
1,fold,0.18,0.75,14.536,0.51583,0.20205,0.11243,0.71082,0.057801,0.012288,97.741,0.040488,0.006348,0.40557,0.995
1,fold,0.18,1,15.442,0.54052,0.19643,0.11376,0.66672,0.053854,0.012255,96.218,0.043311,0.0065286,0.40975,1.127
1,fold-scale,1.6,0.4,7.281,0.48268,0.26934,0.13802,0.73839,0.058056,0.015418,108.66,0.048833,0.0078222,0.40272,0.856
1,fold-scale,1.6,0.8,9.1201,0.51605,0.28061,0.14893,0.74441,0.052975,0.015669,109.63,0.049602,0.0080654,0.42478,0.859
1,fold-scale,1.6,3.2,7.5377,0.49732,0.27157,0.13899,0.73849,0.057477,0.015277,108.77,0.053891,0.0079752,0.41521,0.958
1,fold-scale,1.6,6.4,7.9931,0.48508,0.27453,0.14287,0.72148,0.055842,0.015433,108.32,0.046893,0.0088351,0.42198,1.190
1,keep,0.7,0,8.1737,0.44156,0.24976,0.14357,0.96704,0.0071197,0.013386,106.88,0.039,0.0064635,0.46705,0.823
1,keep,0.7,0.25,7.4342,0.4152,0.25428,0.14382,0.92711,0.016568,0.013785,107.27,0.040051,0.0069015,0.45823,0.830
1,keep,0.7,0.5,3.5071,0.23891,0.25794,0.13685,0.81427,0.039724,0.014429,107.67,0.044507,0.007455,0.42782,0.854
1,keep,0.7,0.75,0.65069,0.080602,0.26821,0.1365,0.72624,0.062528,0.015167,108.06,0.050476,0.0077722,0.4164,0.902
1,keep,0.7,1,1.4751,0.14968,0.2711,0.13537,0.70265,0.064533,0.015325,108.32,0.051647,0.007897,0.41295,0.887
1,hole-scale,1.3,0.325,12.11,0.6371,0.24733,0.11102,0.54404,0.074569,0.014991,104.49,0.055174,0.0078596,0.36067,0.902
1,hole-scale,1.3,0.65,10.664,0.54673,0.27393,0.13123,0.66231,0.043539,0.015617,108.21,0.049442,0.0083874,0.39394,0.878
1,hole-scale,1.3,2.6,9.8631,0.49102,0.24016,0.11493,0.74456,0.045292,0.013672,104.8,0.041161,0.0072694,0.38384,0.886
1,hole-scale,1.3,5.2,9.5901,0.5027,0.26631,0.13418,0.71438,0.045589,0.015167,107.53,0.045705,0.0083637,0.41312,0.935
1,outer-sharpness,6,1.5,0.55273,0.081318,0.2671,0.13685,0.71532,0.078914,0.015172,107.87,0.050661,0.0076958,0.41888,0.886
1,outer-sharpness,6,3,0.2522,0.032981,0.26704,0.13685,0.72628,0.068316,0.015126,107.96,0.050418,0.0076956,0.41835,0.877
1,outer-sharpness,6,12,0.19773,0.023615,0.26689,0.13692,0.74384,0.052026,0.015051,108.17,0.050159,0.0077005,0.41778,0.868
1,outer-sharpness,6,24,0.34394,0.051341,0.26679,0.13693,0.75039,0.04743,0.015023,108.23,0.04998,0.0076982,0.41762,0.862
1,detail-scale,5,1.25,7.7445,0.52946,0.26928,0.14125,0.73572,0.062275,0.015072,108.09,0.044575,0.0063222,0.43069,0.877
1,detail-scale,5,2.5,6.2605,0.47037,0.26359,0.13774,0.74306,0.063411,0.014873,107.14,0.046719,0.0069727,0.43186,0.878
1,detail-scale,5,10,6.0204,0.47849,0.26913,0.13787,0.73204,0.062303,0.015225,108.18,0.047749,0.0086927,0.4213,0.873
1,detail-scale,5,20,5.8599,0.48959,0.27358,0.13839,0.73163,0.057977,0.015437,108.97,0.047038,0.008926,0.41826,0.854
1,detail-gain,0.55,0.2,2.4139,0.3056,0.27333,0.13957,0.71179,0.061168,0.015433,109.02,0.052234,0.0075116,0.41882,0.875
1,detail-gain,0.55,0.375,1.3049,0.20305,0.27046,0.13838,0.7236,0.060305,0.015279,108.62,0.051585,0.0076031,0.41819,0.869
1,detail-gain,0.55,0.725,1.489,0.23562,0.26243,0.13522,0.75246,0.058399,0.014853,107.33,0.047941,0.0076336,0.41832,0.870
1,detail-gain,0.55,0.9,3.1157,0.35599,0.25663,0.13352,0.77088,0.05884,0.014571,106.34,0.045677,0.0072271,0.41874,0.868
1,erosion,0.65,0,8.3437,0.6605,0.30185,0.14274,0.60861,0.063587,0.017089,112.56,0.050733,0.005571,0.40405,0.871
1,erosion,0.65,0.25,1.6867,0.2392,0.27321,0.13926,0.69854,0.061438,0.015509,108.69,0.049364,0.0071625,0.41835,0.872
1,erosion,0.65,0.5,0.43788,0.070569,0.26853,0.13751,0.72658,0.059782,0.015195,108.23,0.04994,0.00757,0.41802,0.874
1,erosion,0.65,0.75,0.22709,0.026398,0.26619,0.13656,0.74059,0.05838,0.015029,108,0.050506,0.0077563,0.418,0.873
1,erosion,0.65,1,0.98444,0.12795,0.26522,0.13658,0.75372,0.046757,0.014831,108.63,0.048661,0.0079404,0.41861,0.874
1,filament,0.5,0,3.8325,0.38518,0.27585,0.13932,0.69793,0.066735,0.015666,109.29,0.050933,0.0076516,0.4139,0.874
1,filament,0.5,0.25,2.1941,0.2801,0.27085,0.13796,0.71829,0.06324,0.015354,108.6,0.050992,0.0075814,0.41545,0.871
1,filament,0.5,0.75,2.3501,0.30238,0.26816,0.13695,0.74184,0.054726,0.015091,108.31,0.048845,0.0080865,0.41806,0.870
1,filament,0.5,1,4.3305,0.44155,0.27229,0.13765,0.73128,0.05366,0.015294,108.97,0.04845,0.0082419,0.4161,0.877
1,contrast,1.5,0,6.2113,0.43149,0.26951,0.13527,0.72272,0.03693,0.015209,107.9,0.045477,0.0075808,0.41634,0.870
1,contrast,1.5,0.75,2.362,0.28406,0.26849,0.13424,0.71872,0.049158,0.015257,108.13,0.049462,0.007674,0.40901,0.877
1,contrast,1.5,2.25,1.6882,0.20152,0.265,0.13884,0.76454,0.056073,0.014866,107.99,0.049671,0.0077658,0.42442,0.864
1,contrast,1.5,3,3.0564,0.27898,0.26053,0.13677,0.79541,0.051526,0.0146,107.79,0.048987,0.0077869,0.41795,0.852
1,pillars,9,0,0.68888,0.058612,0.26806,0.13769,0.73571,0.05707,0.015122,108.54,0.050091,0.007734,0.41729,0.812
1,pillars,9,14,0.43961,0.031313,0.26666,0.13673,0.73578,0.060631,0.015118,107.82,0.051742,0.0076921,0.41823,0.945
1,pillars,9,28,4.7239,0.2905,0.24726,0.12869,0.73382,0.062768,0.014003,104.84,0.04982,0.0071077,0.4289,1.090
1,pillars,9,42,5.2025,0.30218,0.2457,0.12491,0.73153,0.064933,0.014023,104.58,0.049752,0.0070572,0.41073,1.233
1,pillars,9,56,7.1324,0.31255,0.2371,0.12315,0.73365,0.062378,0.013406,104.05,0.046474,0.006439,0.41931,1.170
1,pillar-length,0.3,0.075,0.25024,0.036418,0.26792,0.13774,0.73579,0.057737,0.015112,108.44,0.049918,0.0077228,0.41818,0.870
1,pillar-length,0.3,0.15,0.059161,0.0089074,0.26717,0.13701,0.73576,0.058425,0.015075,108.25,0.050015,0.0077059,0.41821,0.880
1,pillar-length,0.3,0.6,0.177,0.0258,0.26624,0.13647,0.73575,0.058938,0.015047,107.93,0.050499,0.007695,0.41827,0.862
1,pillar-length,0.3,0.8,0.177,0.0258,0.26624,0.13647,0.73575,0.058938,0.015047,107.93,0.050499,0.007695,0.41827,0.629
1,pillar-width,0.045,0.01125,0.25334,0.0378,0.26794,0.13772,0.73583,0.056814,0.015109,108.47,0.049821,0.0077225,0.4182,0.864
1,pillar-width,0.045,0.0225,0.23407,0.037382,0.26786,0.13766,0.73581,0.057093,0.015115,108.36,0.049908,0.0077206,0.41802,0.875
1,pillar-width,0.045,0.09,1.5691,0.20466,0.26068,0.13288,0.73552,0.060763,0.014732,106.98,0.049668,0.007621,0.42046,0.905
1,pillar-width,0.045,0.18,2.2493,0.2467,0.25817,0.13259,0.73455,0.065872,0.0146,106.59,0.048439,0.0076339,0.42354,0.886
1,pillar-density,2.5,0.625,0.21833,0.033854,0.26776,0.13762,0.73591,0.058496,0.015129,108.17,0.050569,0.0077192,0.41793,0.874
1,pillar-density,2.5,1.25,0.152,0.026833,0.2675,0.13737,0.73588,0.058544,0.015119,108.13,0.050594,0.0077126,0.41783,0.874
1,pillar-density,2.5,5,0.18404,0.034406,0.26632,0.13638,0.73557,0.059304,0.015035,108.05,0.049834,0.0076926,0.41859,0.867
1,pillar-density,2.5,10,0.35467,0.058505,0.26569,0.136,0.73538,0.059669,0.01498,108.07,0.049486,0.007698,0.4193,0.875
1,clouds,4,0,0.75624,0.03311,0.26748,0.13784,0.74061,0.052094,0.014906,109.23,0.047578,0.007571,0.42222,0.781
1,clouds,4,3,0.16298,0.0057215,0.26634,0.1367,0.73618,0.05768,0.015007,108.2,0.049963,0.0076297,0.41924,0.846
1,clouds,4,6,0.57365,0.030257,0.26651,0.13726,0.73486,0.06694,0.015252,106.95,0.053184,0.0077714,0.41958,0.919
1,clouds,4,9,1.6128,0.053393,0.26318,0.13208,0.72841,0.073717,0.015338,106.24,0.055043,0.0079771,0.39874,0.993
1,clouds,4,12,2.5223,0.086831,0.26045,0.13166,0.71339,0.084791,0.015598,104.55,0.064235,0.0080016,0.40033,1.086
1,cloud-length,0.15,0.0375,0.8278,0.036014,0.26782,0.13794,0.73635,0.055063,0.015021,108.73,0.048815,0.0076111,0.42138,0.869
1,cloud-length,0.15,0.075,0.69412,0.034116,0.26786,0.13789,0.73522,0.05591,0.015067,108.53,0.049385,0.0076579,0.42035,0.871
1,cloud-length,0.15,0.3,1.1294,0.051247,0.26519,0.13556,0.73324,0.064565,0.015143,107.31,0.052895,0.007853,0.41709,0.874
1,cloud-length,0.15,0.6,1.7038,0.070205,0.26417,0.135,0.7297,0.066411,0.01518,107.04,0.053121,0.0080315,0.41489,0.885
1,cloud-width,0.022,0.0055,0.74263,0.032405,0.26753,0.13777,0.74028,0.052238,0.014916,109.17,0.047515,0.0075717,0.42183,0.864
1,cloud-width,0.022,0.011,0.64386,0.031339,0.26745,0.13745,0.73865,0.053403,0.014968,108.82,0.04827,0.0076405,0.42069,0.863
1,cloud-width,0.022,0.044,2.429,0.080648,0.26502,0.13776,0.72435,0.078826,0.015296,106.91,0.057615,0.0076728,0.41618,0.894
1,cloud-width,0.022,0.088,5.2919,0.13288,0.25214,0.13297,0.71631,0.10676,0.01481,105.19,0.070874,0.0070695,0.40011,0.872
1,cloud-distance,0.35,0.0875,0.75624,0.03311,0.26748,0.13784,0.74061,0.052094,0.014906,109.23,0.047578,0.007571,0.42222,0.780
1,cloud-distance,0.35,0.175,2.4902,0.091635,0.26349,0.13425,0.72299,0.080445,0.015457,105.53,0.058128,0.0074643,0.41158,0.896
1,cloud-distance,0.35,0.7,0.75985,0.034858,0.26768,0.13802,0.73775,0.053822,0.014971,108.9,0.04814,0.0076959,0.422,0.860
1,cloud-distance,0.35,1.4,0.77701,0.034316,0.26765,0.13797,0.73856,0.053021,0.014949,109.04,0.047851,0.0076719,0.42199,0.863
1,cloud-density,3,0.75,0.53539,0.02732,0.26743,0.13728,0.73761,0.05342,0.014978,108.69,0.048112,0.0075801,0.42048,0.873
1,cloud-density,3,1.5,0.27749,0.023958,0.26735,0.13695,0.7363,0.055441,0.015064,108.21,0.049559,0.007613,0.41869,0.875
1,cloud-density,3,6,0.3393,0.025199,0.26605,0.1369,0.73531,0.062321,0.01503,108.13,0.0505,0.0078118,0.41928,0.875
1,cloud-density,3,12,0.67778,0.028401,0.26487,0.13722,0.73488,0.064861,0.014934,108.19,0.052136,0.0079261,0.42129,0.866
1,hardness,0.5,0,3.8281,0.38769,0.25255,0.13346,0.7802,0.060348,0.014378,105.65,0.044652,0.0066435,0.4213,0.869
1,hardness,0.5,0.25,1.6918,0.25778,0.26044,0.13537,0.75646,0.059178,0.014769,107.01,0.04825,0.0073378,0.41986,0.869
1,hardness,0.5,0.75,1.1139,0.18566,0.2713,0.13788,0.72203,0.059146,0.015305,108.75,0.051139,0.0078459,0.41663,0.873
1,hardness,0.5,1,1.848,0.28384,0.27418,0.13853,0.71274,0.05899,0.015457,109.18,0.051484,0.0078996,0.41563,0.874
1,dust-style,lanes,vein,0.8084,0.11504,0.2697,0.13793,0.7474,0.050868,0.01501,109.93,0.048246,0.0075238,0.41982,0.874
1,dust-style,lanes,physical,3.3386,0.28208,0.26155,0.13903,0.7169,0.096313,0.014298,111.96,0.054004,0.0074291,0.44062,0.870
1,dust,0.6,0,1.7884,0.16836,0.27371,0.14074,0.79003,0.030076,0.015035,112.82,0.054366,0.0075842,0.42424,0.869
1,dust,0.6,0.25,1.4457,0.15041,0.27267,0.13982,0.76307,0.04308,0.015031,111.66,0.050206,0.0075602,0.42294,0.868
1,dust,0.6,0.5,0.33048,0.064439,0.26828,0.13734,0.74267,0.054253,0.015028,109.17,0.048949,0.0076587,0.41831,0.876
1,dust,0.6,0.75,0.42343,0.088308,0.26534,0.13643,0.72668,0.06479,0.015234,106.4,0.053259,0.0077451,0.41801,0.873
1,dust,0.6,1,1.0227,0.15861,0.26317,0.13597,0.71291,0.072418,0.015628,103.47,0.060538,0.0077892,0.41857,0.876
1,dust-scale,4,1,2.1091,0.20541,0.27053,0.14052,0.77024,0.053038,0.015128,110.63,0.057268,0.0075509,0.42851,0.852
1,dust-scale,4,2,2.4145,0.22545,0.26811,0.13976,0.75022,0.063574,0.015131,108.32,0.051162,0.0075588,0.42883,0.858
1,dust-scale,4,8,2.2648,0.25837,0.2665,0.1381,0.73109,0.066361,0.015089,106.72,0.0456,0.007687,0.42883,0.965
1,dust-scale,4,16,2.1907,0.27686,0.26578,0.13683,0.71506,0.068399,0.015032,105.71,0.038564,0.0076848,0.42488,1.194
1,cavity-density,0.006,0.0015,3.7984,0.16428,0.2518,0.12146,0.74019,0.058966,0.01432,106.83,0.051216,0.0086741,0.38416,0.872
1,cavity-density,0.006,0.003,2.3482,0.14893,0.25774,0.12685,0.73887,0.058894,0.014695,107.5,0.051258,0.0082287,0.39297,0.868
1,cavity-density,0.006,0.012,3.2361,0.19168,0.27935,0.15112,0.72807,0.059336,0.015465,108.8,0.04934,0.0071428,0.45592,0.876
1,cavity-density,0.006,0.024,7.2249,0.25461,0.29456,0.16658,0.71882,0.060501,0.015914,109.79,0.047534,0.0065683,0.48787,0.886
1,cavity-density,0.006,0,4.8217,0.17503,0.24723,0.12031,0.74119,0.058998,0.01402,106.07,0.050343,0.009208,0.38824,0.852
1,cavity-spread,1.7,1,0.49618,0.1012,0.26889,0.13906,0.73476,0.058887,0.015153,108.19,0.050162,0.0076003,0.42383,0.873
1,cavity-spread,1.7,3.4,0.61302,0.10571,0.26459,0.13424,0.73681,0.058815,0.014997,107.94,0.0505,0.0078237,0.41105,0.874
1,cavity-spread,1.7,4,0.74936,0.11333,0.26406,0.13366,0.73701,0.058818,0.014976,107.91,0.05054,0.0078513,0.40954,0.865
1,mass-inner,0.75,0.1,0,0,0.26697,0.13688,0.73576,0.05881,0.015086,108.08,0.050309,0.0076984,0.41797,0.879
1,mass-inner,0.75,0.3125,0,0,0.26697,0.13688,0.73576,0.05881,0.015086,108.08,0.050309,0.0076984,0.41797,0.871
1,mass-inner,0.75,0.525,0,0,0.26697,0.13688,0.73576,0.05881,0.015086,108.08,0.050309,0.0076984,0.41797,0.878
1,mass-inner,0.75,0.7375,0,0,0.26697,0.13688,0.73576,0.05881,0.015086,108.08,0.050309,0.0076984,0.41797,0.878
1,mass-inner,0.75,0.95,0,0,0.26697,0.13688,0.73576,0.05881,0.015086,108.08,0.050309,0.0076984,0.41797,0.870
1,mass-lobes,0.4,0,0,0,0.26697,0.13688,0.73576,0.05881,0.015086,108.08,0.050309,0.0076984,0.41797,0.874
1,mass-lobes,0.4,0.2,0,0,0.26697,0.13688,0.73576,0.05881,0.015086,108.08,0.050309,0.0076984,0.41797,0.871
1,mass-lobes,0.4,0.6,0,0,0.26697,0.13688,0.73576,0.05881,0.015086,108.08,0.050309,0.0076984,0.41797,0.874
1,mass-lobes,0.4,0.8,0,0,0.26697,0.13688,0.73576,0.05881,0.015086,108.08,0.050309,0.0076984,0.41797,0.874
1,mass-scale,1.5,0.5,0,0,0.26697,0.13688,0.73576,0.05881,0.015086,108.08,0.050309,0.0076984,0.41797,0.875
1,mass-scale,1.5,0.75,0,0,0.26697,0.13688,0.73576,0.05881,0.015086,108.08,0.050309,0.0076984,0.41797,0.877
1,mass-scale,1.5,3,0,0,0.26697,0.13688,0.73576,0.05881,0.015086,108.08,0.050309,0.0076984,0.41797,0.868
1,mass-scale,1.5,6,0,0,0.26697,0.13688,0.73576,0.05881,0.015086,108.08,0.050309,0.0076984,0.41797,0.873
1,mass-density,6,1.5,0,0,0.26697,0.13688,0.73576,0.05881,0.015086,108.08,0.050309,0.0076984,0.41797,0.875
1,mass-density,6,3,0,0,0.26697,0.13688,0.73576,0.05881,0.015086,108.08,0.050309,0.0076984,0.41797,0.869
1,mass-density,6,12,0,0,0.26697,0.13688,0.73576,0.05881,0.015086,108.08,0.050309,0.0076984,0.41797,0.872
1,mass-density,6,20,0,0,0.26697,0.13688,0.73576,0.05881,0.015086,108.08,0.050309,0.0076984,0.41797,0.868
1,mass-clusters,1,2,0,0,0.26697,0.13688,0.73576,0.05881,0.015086,108.08,0.050309,0.0076984,0.41797,0.860
1,mass-clusters,1,3,0,0,0.26697,0.13688,0.73576,0.05881,0.015086,108.08,0.050309,0.0076984,0.41797,0.628
1,mass-cavity,0,0.0005,0,0,0.26697,0.13688,0.73576,0.05881,0.015086,108.08,0.050309,0.0076984,0.41797,0.651
1,mass-cavity,0,0.002,0,0,0.26697,0.13688,0.73576,0.05881,0.015086,108.08,0.050309,0.0076984,0.41797,0.620
1,mass-cavity,0,0.008,0,0,0.26697,0.13688,0.73576,0.05881,0.015086,108.08,0.050309,0.0076984,0.41797,0.630
1,mass-cavity,0,0.032,0,0,0.26697,0.13688,0.73576,0.05881,0.015086,108.08,0.050309,0.0076984,0.41797,0.655
1,mass-fine,1,0,0,0,0.26697,0.13688,0.73576,0.05881,0.015086,108.08,0.050309,0.0076984,0.41797,1.051
1,mass-fine,1,0.75,5.725e-06,0,0.26697,0.13688,0.73576,0.05881,0.015086,108.08,0.050309,0.0076984,0.41797,0.889
1,mass-fine,1,1.5,5.725e-06,0,0.26697,0.13688,0.73576,0.05881,0.015086,108.08,0.050309,0.0076984,0.41797,0.893
1,mass-fine,1,2.25,5.725e-06,0,0.26697,0.13688,0.73576,0.05881,0.015086,108.08,0.050309,0.0076984,0.41797,0.881
1,mass-fine,1,3,5.725e-06,0,0.26697,0.13688,0.73576,0.05881,0.015086,108.08,0.050309,0.0076984,0.41797,0.875
1,mass-edge,0,0.25,0,0,0.26697,0.13688,0.73576,0.05881,0.015086,108.08,0.050309,0.0076984,0.41797,0.873
1,mass-edge,0,0.5,0,0,0.26697,0.13688,0.73576,0.05881,0.015086,108.08,0.050309,0.0076984,0.41797,0.867
1,mass-edge,0,0.75,0,0,0.26697,0.13688,0.73576,0.05881,0.015086,108.08,0.050309,0.0076984,0.41797,0.874
1,mass-edge,0,1,0,0,0.26697,0.13688,0.73576,0.05881,0.015086,108.08,0.050309,0.0076984,0.41797,0.870
1,mass-edge-patch,0,0.25,0,0,0.26697,0.13688,0.73576,0.05881,0.015086,108.08,0.050309,0.0076984,0.41797,0.889
1,mass-edge-patch,0,0.5,0,0,0.26697,0.13688,0.73576,0.05881,0.015086,108.08,0.050309,0.0076984,0.41797,0.870
1,mass-edge-patch,0,0.75,0,0,0.26697,0.13688,0.73576,0.05881,0.015086,108.08,0.050309,0.0076984,0.41797,0.869
1,mass-edge-patch,0,1,0,0,0.26697,0.13688,0.73576,0.05881,0.015086,108.08,0.050309,0.0076984,0.41797,0.880
1,graze,3,0,0,0,0.26697,0.13688,0.73576,0.05881,0.015086,108.08,0.050309,0.0076984,0.41797,0.874
1,graze,3,1.25,0,0,0.26697,0.13688,0.73576,0.05881,0.015086,108.08,0.050309,0.0076984,0.41797,0.631
1,graze,3,2.5,0,0,0.26697,0.13688,0.73576,0.05881,0.015086,108.08,0.050309,0.0076984,0.41797,0.630
1,graze,3,3.75,0,0,0.26697,0.13688,0.73576,0.05881,0.015086,108.08,0.050309,0.0076984,0.41797,0.624
1,graze,3,5,0,0,0.26697,0.13688,0.73576,0.05881,0.015086,108.08,0.050309,0.0076984,0.41797,0.628
1,mass-blister,0.3,0,0,0,0.26697,0.13688,0.73576,0.05881,0.015086,108.08,0.050309,0.0076984,0.41797,0.632
1,mass-blister,0.3,0.25,0,0,0.26697,0.13688,0.73576,0.05881,0.015086,108.08,0.050309,0.0076984,0.41797,0.629
1,mass-blister,0.3,0.5,0,0,0.26697,0.13688,0.73576,0.05881,0.015086,108.08,0.050309,0.0076984,0.41797,0.631
1,mass-blister,0.3,0.75,0,0,0.26697,0.13688,0.73576,0.05881,0.015086,108.08,0.050309,0.0076984,0.41797,0.629
1,mass-blister,0.3,1,0,0,0.26697,0.13688,0.73576,0.05881,0.015086,108.08,0.050309,0.0076984,0.41797,0.631
1,mass-cluster-size,0.15,0.0375,0,0,0.26697,0.13688,0.73576,0.05881,0.015086,108.08,0.050309,0.0076984,0.41797,0.625
1,mass-cluster-size,0.15,0.075,0,0,0.26697,0.13688,0.73576,0.05881,0.015086,108.08,0.050309,0.0076984,0.41797,0.631
1,mass-cluster-size,0.15,0.3,0,0,0.26697,0.13688,0.73576,0.05881,0.015086,108.08,0.050309,0.0076984,0.41797,0.625
1,mass-cluster-size,0.15,0.5,0,0,0.26697,0.13688,0.73576,0.05881,0.015086,108.08,0.050309,0.0076984,0.41797,0.651
1,mass-cluster-size,0.15,0,0,0,0.26697,0.13688,0.73576,0.05881,0.015086,108.08,0.050309,0.0076984,0.41797,0.633
1,mass-dust,0,0.25,0,0,0.26697,0.13688,0.73576,0.05881,0.015086,108.08,0.050309,0.0076984,0.41797,0.629
1,mass-dust,0,0.5,0,0,0.26697,0.13688,0.73576,0.05881,0.015086,108.08,0.050309,0.0076984,0.41797,0.628
1,mass-dust,0,0.75,0,0,0.26697,0.13688,0.73576,0.05881,0.015086,108.08,0.050309,0.0076984,0.41797,0.633
1,mass-dust,0,1,0,0,0.26697,0.13688,0.73576,0.05881,0.015086,108.08,0.050309,0.0076984,0.41797,0.631
1,mass-warp,0.25,0,0,0,0.26697,0.13688,0.73576,0.05881,0.015086,108.08,0.050309,0.0076984,0.41797,0.885
1,mass-warp,0.25,0.5,0,0,0.26697,0.13688,0.73576,0.05881,0.015086,108.08,0.050309,0.0076984,0.41797,0.895
1,mass-warp,0.25,0.75,0,0,0.26697,0.13688,0.73576,0.05881,0.015086,108.08,0.050309,0.0076984,0.41797,0.894
1,mass-warp,0.25,1,0,0,0.26697,0.13688,0.73576,0.05881,0.015086,108.08,0.050309,0.0076984,0.41797,0.873
1,cluster-size,0,0.005,0.021108,6.363e-06,0.26702,0.13688,0.73576,0.058836,0.015089,108.08,0.050313,0.0076969,0.41787,1.758
1,cluster-size,0,0.02,0.21236,0.032642,0.26728,0.13687,0.73575,0.058838,0.015113,108.11,0.050298,0.0076867,0.41677,1.790
1,cluster-size,0,0.08,1.3806,0.15654,0.27007,0.13778,0.73579,0.058871,0.015302,108.37,0.049628,0.0076524,0.41121,1.831
1,cluster-size,0,0.32,4.1071,0.3211,0.26347,0.13021,0.73643,0.059068,0.015049,107.88,0.048374,0.0075497,0.39227,2.350
1,fill-shadow,15,3.75,0,0,0.26697,0.13688,0.73576,0.05881,0.015086,108.08,0.050309,0.0076984,0.41797,0.872
1,fill-shadow,15,7.5,0,0,0.26697,0.13688,0.73576,0.05881,0.015086,108.08,0.050309,0.0076984,0.41797,0.629
1,fill-shadow,15,30,0,0,0.26697,0.13688,0.73576,0.05881,0.015086,108.08,0.050309,0.0076984,0.41797,0.628
1,fill-shadow,15,60,0,0,0.26697,0.13688,0.73576,0.05881,0.015086,108.08,0.050309,0.0076984,0.41797,0.638
1,fill,0.1,0.025,0,0,0.26697,0.13688,0.73576,0.05881,0.015086,108.08,0.050309,0.0076984,0.41797,0.633
1,fill,0.1,0.05,0,0,0.26697,0.13688,0.73576,0.05881,0.015086,108.08,0.050309,0.0076984,0.41797,0.625
1,fill,0.1,0.2,0,0,0.26697,0.13688,0.73576,0.05881,0.015086,108.08,0.050309,0.0076984,0.41797,0.619
1,fill,0.1,0.4,0,0,0.26697,0.13688,0.73576,0.05881,0.015086,108.08,0.050309,0.0076984,0.41797,0.626
1,fill,0.1,0,0,0,0.26697,0.13688,0.73576,0.05881,0.015086,108.08,0.050309,0.0076984,0.41797,0.633
1,blister,0.8,0,12.189,0.79045,0.31004,0.12774,0.326,0.17444,0.019085,113.99,0.076514,0.006866,0.35442,0.927
1,blister,0.8,0.25,11.897,0.77846,0.30851,0.12827,0.32978,0.17422,0.019016,113.74,0.076367,0.0069058,0.35549,0.928
1,blister,0.8,0.5,7.1504,0.51514,0.28962,0.13659,0.49198,0.12897,0.017713,110.33,0.05522,0.0072046,0.38316,0.913
1,blister,0.8,0.75,1.0735,0.14395,0.26961,0.13822,0.71284,0.066599,0.015394,108.31,0.050572,0.007699,0.41665,0.882
1,blister,0.8,1,4.1403,0.22229,0.25577,0.12732,0.81358,0.031073,0.014018,107.6,0.046098,0.0080499,0.40583,0.862
1,distant-count,3,0,0.25793,0.013459,0.26598,0.1365,0.74159,0.054682,0.014997,108.1,0.050367,0.0075892,0.41878,0.802
1,distant-count,3,2,0.012917,0.0013721,0.26692,0.13688,0.73586,0.05861,0.01508,108.09,0.050251,0.0076936,0.41809,0.855
1,distant-count,3,4,0.0060677,0.00020784,0.267,0.13687,0.73555,0.05881,0.015086,108.08,0.050364,0.0077189,0.41792,0.902
1,distant-count,3,5,0.012005,0.00053569,0.26703,0.13685,0.73516,0.05881,0.015086,108.08,0.050373,0.0077349,0.41788,0.933
1,distant-count,3,7,0.031728,0.0020267,0.26706,0.13688,0.73316,0.05885,0.015095,108.09,0.050358,0.0077727,0.4178,1.008
1,distant-min-deg,3,0.75,0.077454,0.0067844,0.26682,0.13672,0.73688,0.058409,0.015075,108.09,0.0503,0.0076814,0.41782,0.884
1,distant-min-deg,3,1.5,0.057023,0.0059209,0.26687,0.13678,0.73656,0.058561,0.015078,108.09,0.0503,0.0076871,0.41787,0.878
1,distant-min-deg,3,6,0.12889,0.0097603,0.2672,0.13714,0.73359,0.05947,0.015104,108.06,0.050323,0.0077277,0.41818,0.876
1,distant-min-deg,3,12,0.38013,0.021213,0.26785,0.13779,0.72849,0.061654,0.015157,108.05,0.05021,0.0077898,0.41854,0.879
1,distant-max-deg,14,3.5,0.25138,0.013284,0.26605,0.13654,0.74094,0.055195,0.015002,108.09,0.050297,0.0076136,0.41876,0.863
1,distant-max-deg,14,7,0.2335,0.012837,0.26624,0.13659,0.7398,0.055902,0.015018,108.08,0.050269,0.0076427,0.41865,0.871
1,distant-max-deg,14,28,0.78411,0.04016,0.26934,0.13757,0.71936,0.068593,0.015286,108.09,0.049686,0.0078016,0.41611,0.892
1,distant-max-deg,14,56,1.1999,0.053638,0.27061,0.13993,0.70927,0.070603,0.015408,108.03,0.049718,0.0078891,0.41829,0.902
1,density,1,0.25,5.6016,0.39569,0.262,0.12856,0.82186,0.0074397,0.01474,109.31,0.042892,0.007282,0.37656,0.876
1,density,1,0.5,3.0705,0.32409,0.26536,0.13217,0.77777,0.024092,0.015064,108.66,0.046608,0.0074987,0.39111,0.869
1,density,1,2,3.3434,0.35534,0.26763,0.14316,0.68979,0.10442,0.014942,108.11,0.054306,0.0079216,0.45337,0.883
1,density,1,4,6.3007,0.45453,0.26804,0.14882,0.64359,0.14022,0.014884,108.74,0.060928,0.0081928,0.4799,0.893
1,sigma,8,2,5.8402,0.40147,0.25994,0.12658,0.82197,0.0074942,0.014634,109.01,0.042615,0.0071121,0.37141,0.871
1,sigma,8,4,3.1995,0.33285,0.26434,0.13121,0.77775,0.02411,0.015016,108.53,0.046465,0.0074002,0.3886,0.900
1,sigma,8,16,3.4584,0.36647,0.26872,0.14411,0.68982,0.10443,0.014989,108.23,0.054378,0.008022,0.45451,0.872
1,sigma,8,32,6.7734,0.46339,0.27091,0.15185,0.64372,0.1402,0.01498,108.94,0.061003,0.0083985,0.48472,0.878
1,oxygen-threshold,20,5,1.0864,0.19397,0.27163,0.13842,0.73558,0.05889,0.015295,108.84,0.052452,0.0080073,0.41685,0.879
1,oxygen-threshold,20,10,0.58728,0.10775,0.26953,0.13757,0.73561,0.058862,0.015188,108.49,0.051195,0.0078176,0.41731,0.629
1,oxygen-threshold,20,40,0.66718,0.10623,0.2642,0.13517,0.73589,0.058835,0.014922,107.69,0.05012,0.0076968,0.41876,0.632
1,oxygen-threshold,20,80,1.2119,0.14842,0.26203,0.13309,0.73599,0.058965,0.014804,107.51,0.050363,0.0077444,0.41507,0.632
1,line-o,1,0,4.6621,0.21613,0.24853,0.11593,0.73639,0.059259,0.014198,106.4,0.050636,0.0082677,0.3625,0.631
1,line-o,1,2,3.0019,0.21261,0.27814,0.15212,0.7356,0.058733,0.015267,108.5,0.049579,0.0076391,0.46861,0.634
1,line-o,1,3,5.2929,0.28028,0.28654,0.16315,0.73542,0.058687,0.015349,108.84,0.049311,0.0076875,0.50316,0.625
1,line-o,1,4,7.1716,0.31277,0.29339,0.17169,0.73545,0.058676,0.015397,109.09,0.049097,0.0077771,0.52759,0.625
1,line-h,1,0,4.9013,0.40318,0.24578,0.12815,0.7357,0.058764,0.013928,104.82,0.043574,0.0064727,0.42772,0.631
1,line-h,1,2,4.012,0.39343,0.28332,0.14746,0.73578,0.059061,0.015926,110.1,0.054242,0.0088309,0.42069,0.634
1,line-h,1,3,7.4734,0.45864,0.29694,0.15762,0.736,0.059151,0.016496,111.39,0.057048,0.0098052,0.42791,0.631
1,line-h,1,4,10.541,0.49012,0.30869,0.16695,0.7361,0.059305,0.016869,112.26,0.05949,0.010653,0.43664,0.631
1,line-s,0.5,0,2.4411,0.28086,0.25661,0.13182,0.73543,0.058945,0.014428,106.58,0.048346,0.0072814,0.42398,0.631
1,line-s,0.5,1,2.1477,0.27778,0.27577,0.14271,0.73601,0.058893,0.015613,109.15,0.051245,0.0081244,0.41664,0.629
1,line-s,0.5,2,5.851,0.35374,0.2904,0.15444,0.73637,0.059082,0.016338,110.45,0.051694,0.0088985,0.42122,0.638
1,line-s,0.5,3,9.0109,0.3904,0.30245,0.16532,0.73644,0.059277,0.016744,111.1,0.051612,0.0095621,0.42986,0.635
1,line-s,0.5,4,11.787,0.41875,0.31275,0.17512,0.7365,0.059409,0.016941,111.44,0.051763,0.010129,0.4397,0.631
1,line-colors,natural,hubble-sho,5.4963,0.40872,0.28807,0.1488,0.7362,0.059151,0.016303,110.88,0.055647,0.0094535,0.40714,0.625
1,line-colors,natural,hoo,0.3135,0.054187,0.26581,0.13532,0.7358,0.058836,0.015055,108.03,0.050454,0.0077189,0.41297,0.628
1,grade,auto,physical,6.6776,0.74004,0.27218,0.13737,0.73576,0.05881,0.028712,32.034,0.13023,0.0078279,0.41362,0.655
1,grade-strength,1,0,6.3266,0.62099,0.27182,0.13751,0.73576,0.05881,0.029439,38.675,0.17062,0.0078179,0.41361,0.626
1,grade-strength,1,0.25,4.8504,0.56065,0.27041,0.13745,0.73576,0.05881,0.024629,46.65,0.17648,0.0077921,0.4148,0.629
1,grade-strength,1,0.5,3.3252,0.46311,0.26909,0.13735,0.73576,0.05881,0.019778,59.962,0.16549,0.0077628,0.41597,0.623
1,grade-strength,1,0.75,1.7228,0.35036,0.26792,0.13715,0.73576,0.05881,0.015549,81.409,0.095951,0.0077313,0.41702,0.627
1,haze,0.004,0.001,4.322,0.89196,0.23956,0.1527,0.73606,0.059179,0.014574,102.71,0.056894,0.0089995,0.4491,0.627
1,haze,0.004,0.002,2.8952,0.73917,0.25044,0.14536,0.7359,0.059096,0.015042,105.04,0.050512,0.0083875,0.43809,0.628
1,haze,0.004,0.008,5.4615,0.93982,0.29247,0.12808,0.73556,0.058648,0.015925,113.27,0.053026,0.0069244,0.38416,0.631
1,haze,0.004,0.016,15.124,0.99696,0.3343,0.11751,0.73541,0.058311,0.018592,121.56,0.072121,0.0059081,0.33437,0.630
1,haze,0.004,0,5.6859,0.93524,0.22935,0.1585,0.73624,0.059256,0.014335,100.39,0.065589,0.0095466,0.46085,0.627
1,shoulder,0.8,0.2,0.72702,0.042645,0.2646,0.1292,0.73576,0.05881,0.015086,108.09,0.050303,0.0075044,0.37198,0.630
1,shoulder,0.8,0.4,0.10873,0.0072443,0.26664,0.13548,0.73576,0.05881,0.01509,108.08,0.050301,0.007652,0.4052,0.626
1,shoulder,0.8,1.6,0.022446,0.0020613,0.26704,0.13721,0.73576,0.05881,0.015085,108.08,0.05031,0.0077136,0.42369,0.627
1,shoulder,0.8,3.2,0.022862,0.0020613,0.26704,0.13722,0.73576,0.05881,0.015085,108.08,0.050311,0.0077141,0.42407,0.628
1,shoulder,0.8,0,0.022862,0.0020613,0.26704,0.13722,0.73576,0.05881,0.015085,108.08,0.050311,0.0077141,0.42407,0.628
1,grade-dust,1,0,0.54014,0.10977,0.26674,0.13692,0.73576,0.05881,0.014577,114.43,0.050983,0.0077232,0.41796,0.632
1,grade-dust,1,0.25,0.40355,0.093923,0.26678,0.13692,0.73576,0.05881,0.014598,112.79,0.045235,0.0077201,0.41799,0.628
1,grade-dust,1,0.5,0.26807,0.069451,0.26683,0.13691,0.73576,0.05881,0.014709,111.18,0.044426,0.0077117,0.41796,0.629
1,grade-dust,1,0.75,0.13357,0.034664,0.2669,0.13689,0.73576,0.05881,0.01488,109.6,0.046619,0.007705,0.41799,0.624
1,hue-type,auto,single,0.1288,0.047815,0.26698,0.13689,0.73576,0.05881,0.015428,107.37,0.044129,0.0076982,0.41798,0.623
1,hue-type,auto,fan,0,0,0.26697,0.13688,0.73576,0.05881,0.015086,108.08,0.050309,0.0076984,0.41797,0.625
1,hue-type,auto,split,1.0399,0.19537,0.26747,0.137,0.73576,0.05881,0.017015,95.3,0.10593,0.0076891,0.41797,0.634
1,palette-family,auto,warm,8.2358,0.99985,0.27128,0.13751,0.73576,0.05881,0.033374,56.448,0.022201,0.0077557,0.4177,0.631
1,palette-family,auto,green,0,0,0.26697,0.13688,0.73576,0.05881,0.015086,108.08,0.050309,0.0076984,0.41797,0.630
1,palette-family,auto,teal,2.4757,0.6445,0.26665,0.13681,0.73576,0.05881,0.011638,135.19,0.17117,0.0077054,0.41798,0.630
1,palette-family,auto,blue,4.1143,0.94498,0.26735,0.13708,0.73576,0.05881,0.0084572,241.23,0.45897,0.0077278,0.41764,0.630
1,grade-galaxy,0.2,0,0.45432,0.093586,0.26718,0.13693,0.73576,0.05881,0.015495,101.74,0.064665,0.0076903,0.41798,0.628
1,grade-galaxy,0.2,0.25,0.11428,0,0.26692,0.13687,0.73576,0.05881,0.015028,109.68,0.047445,0.0076996,0.41799,0.633
1,grade-galaxy,0.2,0.5,0.69029,0.18538,0.26669,0.13679,0.73576,0.05881,0.015044,117.68,0.040627,0.0077059,0.41798,0.626
1,grade-galaxy,0.2,0.75,1.275,0.37918,0.26647,0.13671,0.73576,0.05881,0.015579,125.42,0.047387,0.0077109,0.41799,0.626
1,grade-galaxy,0.2,1,1.8697,0.51331,0.26627,0.13662,0.73576,0.05881,0.016524,132.59,0.0609,0.0077137,0.418,0.622
1,grade-stars,0.6,0,0.14955,0.029775,0.26702,0.1369,0.73576,0.05881,0.014679,107.27,0.059891,0.0077185,0.41798,0.622
1,grade-stars,0.6,0.25,0.087942,0.013864,0.267,0.13689,0.73576,0.05881,0.014828,107.61,0.054704,0.0077099,0.41798,0.628
1,grade-stars,0.6,0.5,0.025601,0.0013303,0.26698,0.13688,0.73576,0.05881,0.015007,107.94,0.051241,0.0077017,0.41797,0.632
1,grade-stars,0.6,0.75,0.038374,0.003207,0.26696,0.13688,0.73576,0.05881,0.015212,108.27,0.049301,0.0076938,0.41799,0.630
1,grade-stars,0.6,1,0.10228,0.017408,0.26695,0.13687,0.73576,0.05881,0.015431,108.6,0.048132,0.0076866,0.41797,0.626
1,reflection,0.2,0.05,0.17744,0.015422,0.26623,0.13647,0.73575,0.058855,0.015044,108,0.050385,0.0077119,0.41791,0.626
1,reflection,0.2,0.1,0.11802,0.0060043,0.26648,0.13661,0.73575,0.058847,0.015058,108.03,0.050357,0.0077073,0.41794,0.634
1,reflection,0.2,0.4,0.23273,0.023243,0.26795,0.13745,0.73577,0.058817,0.015139,108.17,0.050216,0.0076832,0.41813,0.627
1,reflection,0.2,0.8,0.68595,0.12897,0.26983,0.13864,0.73566,0.058807,0.015237,108.35,0.050047,0.0076621,0.41875,0.631
1,reflection,0.2,0,0.23719,0.024073,0.26597,0.13633,0.73574,0.058865,0.01503,107.98,0.050413,0.0077173,0.4179,0.627
1,anisotropy,0.5,-0.9,0.3081,0.03315,0.26709,0.13658,0.73577,0.058841,0.015079,108.21,0.052281,0.0077003,0.41794,0.629
1,anisotropy,0.5,-0.45,0.34436,0.040771,0.26824,0.13736,0.73564,0.058812,0.01515,108.27,0.050507,0.0076597,0.41806,0.632
1,anisotropy,0.5,0,0.28028,0.026234,0.26805,0.13734,0.73569,0.058812,0.015148,108.23,0.050282,0.0076732,0.41764,0.628
1,anisotropy,0.5,0.45,0.027356,0,0.26707,0.13692,0.73577,0.058828,0.015092,108.09,0.05031,0.0076964,0.41794,0.630
1,anisotropy,0.5,0.9,0.19721,0.012831,0.26633,0.13664,0.73577,0.05884,0.015046,108,0.050354,0.0077095,0.41859,0.631
1,ion-opacity,8,2,5.4524,0.39213,0.25132,0.1212,0.73639,0.059145,0.014533,106.52,0.047405,0.0069837,0.3728,0.872
1,ion-opacity,8,4,2.9372,0.316,0.25979,0.12876,0.73612,0.058931,0.014933,107.54,0.048705,0.0073381,0.39048,0.872
1,ion-opacity,8,16,3.1771,0.34602,0.27367,0.1455,0.73544,0.058985,0.015136,108.56,0.053308,0.0080685,0.45136,0.870
1,ion-opacity,8,32,6.3549,0.44046,0.28094,0.15381,0.73532,0.058781,0.015246,109.29,0.056592,0.0084568,0.47924,0.877
1,dust-opacity,6,1.5,0.69058,0.090009,0.26983,0.13786,0.754,0.040317,0.015027,109.63,0.046773,0.0075516,0.41618,0.894
1,dust-opacity,6,3,0.40236,0.055036,0.26865,0.13739,0.74587,0.04755,0.015062,108.89,0.048553,0.0076105,0.41686,0.872
1,dust-opacity,6,12,0.49862,0.075455,0.26483,0.13649,0.72343,0.071342,0.015073,107.39,0.051049,0.0078096,0.41989,0.873
1,dust-opacity,6,24,1.0576,0.14124,0.26235,0.13627,0.70856,0.082845,0.015034,106.79,0.052853,0.0079242,0.42203,0.868
1,dust-opacity,6,0,1.1013,0.1215,0.27148,0.13873,0.76657,0.03067,0.014958,110.97,0.043828,0.0074763,0.41528,0.880
1,rim-shadow,2,0,2.1809,0.23302,0.27565,0.1446,0.73589,0.059177,0.015517,108.91,0.05041,0.0076883,0.42805,0.847
1,rim-shadow,2,1.5,0.34116,0.062796,0.26834,0.13809,0.73575,0.058889,0.015155,108.22,0.050407,0.0076828,0.41975,0.632
1,rim-shadow,2,3,0.53165,0.10724,0.26485,0.13493,0.73572,0.058832,0.014981,107.86,0.050121,0.0077209,0.41473,0.637
1,rim-shadow,2,4.5,1.1246,0.17798,0.2625,0.13264,0.73582,0.058797,0.014869,107.63,0.049884,0.0077409,0.41028,0.630
1,rim-shadow,2,6,1.5899,0.21236,0.26065,0.13074,0.73581,0.058769,0.014783,107.46,0.049681,0.0077514,0.40618,0.629
1,star-brightness,0.55,0.1375,1.515,0.20057,0.26053,0.13543,0.73576,0.05881,0.014933,107.51,0.052152,0.0048419,0.42263,0.633
1,star-brightness,0.55,0.275,0.98397,0.1314,0.26281,0.1358,0.73576,0.05881,0.014985,107.72,0.051443,0.0058741,0.42048,0.630
1,star-brightness,0.55,1.1,1.7697,0.25388,0.27431,0.13953,0.73576,0.05881,0.015273,108.65,0.048578,0.010758,0.41663,0.627
1,star-brightness,0.55,2.2,4.8371,0.46056,0.28672,0.1453,0.73576,0.05881,0.015591,109.51,0.046273,0.015581,0.42115,0.631
1,star-brightness,0.55,0,2.0696,0.24929,0.25806,0.1354,0.73576,0.05881,0.014888,107.25,0.053068,0.0037233,0.42586,0.628
1,star-count,30000,7500,1.5271,0.17962,0.26041,0.13585,0.73576,0.05881,0.014938,107.48,0.052326,0.0049511,0.42413,0.352
1,star-count,30000,15000,1.0487,0.11469,0.26248,0.13611,0.73576,0.05881,0.014979,107.68,0.051696,0.0058898,0.42212,0.438
1,star-count,30000,60000,2.1502,0.24494,0.2761,0.13873,0.73576,0.05881,0.015289,108.83,0.048055,0.010828,0.41314,1.019
1,star-count,30000,120000,6.1805,0.58068,0.29297,0.14198,0.73576,0.05881,0.015681,110.1,0.044417,0.015243,0.40579,1.790
1,star-reach,1.5,0.375,2.9611,0.31515,0.26782,0.13473,0.73576,0.05881,0.015041,107.98,0.050896,0.0080289,0.4199,0.494
1,star-reach,1.5,0.75,2.9915,0.31276,0.26778,0.13547,0.73576,0.05881,0.015066,108.01,0.05102,0.0080792,0.41966,0.531
1,star-reach,1.5,3,3.0178,0.29881,0.26723,0.13995,0.73576,0.05881,0.015068,108.2,0.04974,0.0077887,0.42811,1.482
1,star-reach,1.5,6,3.0673,0.28778,0.26548,0.14204,0.73576,0.05881,0.014958,108.15,0.050166,0.0070277,0.439,2.816
1,nebula-scale,0.08,0.02,0.0050788,0.00046957,0.26695,0.13688,0.73576,0.05881,0.015086,108.07,0.050331,0.0076924,0.41797,0.632
1,nebula-scale,0.08,0.04,0.0041547,0.00035707,0.26696,0.13687,0.73576,0.05881,0.015086,108.07,0.050328,0.0076925,0.41796,0.635
1,nebula-scale,0.08,0.16,0.018585,0.001709,0.26705,0.13694,0.73576,0.05881,0.015086,108.08,0.050274,0.0077303,0.41801,0.629
1,nebula-scale,0.08,0.32,0.052191,0.0047318,0.26719,0.13701,0.73576,0.05881,0.015084,108.1,0.050151,0.0077862,0.41812,0.626
1,cluster-stars,1,0.25,0.0036435,0.0003295,0.26696,0.13685,0.73576,0.05881,0.015087,108.08,0.050303,0.0076964,0.41767,0.631
1,cluster-stars,1,0.5,0.002293,0.00027737,0.26697,0.13686,0.73576,0.05881,0.015086,108.08,0.050305,0.007697,0.41777,0.630
1,cluster-stars,1,2,0.003591,0.00034879,0.26699,0.13692,0.73576,0.05881,0.015085,108.08,0.050316,0.0077012,0.41836,0.629
1,cluster-stars,1,4,0.0085115,0.00054022,0.267,0.13697,0.73576,0.05881,0.015084,108.08,0.050318,0.0077046,0.41916,0.628
1,cluster-stars,1,0,0.0051668,0.00034879,0.26696,0.13683,0.73576,0.05881,0.015087,108.07,0.050302,0.0076961,0.41757,0.630
1,young,40,0,0.00035375,2.4932e-05,0.26697,0.13688,0.73576,0.05881,0.015086,108.08,0.050308,0.0076987,0.41794,0.632
1,young,40,125,0.00076316,5.0631e-05,0.26698,0.13689,0.73576,0.05881,0.015086,108.08,0.050309,0.0076987,0.418,0.632
1,young,40,250,0.00135,0.00015198,0.26698,0.13689,0.73576,0.05881,0.015086,108.08,0.050309,0.0076982,0.41805,0.635
1,young,40,375,0.0022067,0.00030838,0.26698,0.1369,0.73576,0.05881,0.015085,108.08,0.05031,0.0076984,0.41811,0.631
1,young,40,500,0.0032664,0.00050477,0.26699,0.13691,0.73576,0.05881,0.015085,108.08,0.05031,0.0076979,0.41818,0.629
1,star-halo,0.1,0,0.057658,0.0015138,0.26705,0.13691,0.73576,0.05881,0.015088,108.08,0.050298,0.0077129,0.41792,0.630
1,star-halo,0.1,0.25,0.087858,0.0045993,0.26686,0.13684,0.73576,0.05881,0.015083,108.07,0.050324,0.0076983,0.41804,0.630
1,star-halo,0.1,0.5,0.23355,0.021996,0.26668,0.13678,0.73576,0.05881,0.015078,108.06,0.050352,0.0077456,0.41817,0.629
1,star-halo,0.1,0.75,0.38022,0.040943,0.2665,0.13673,0.73576,0.05881,0.015073,108.04,0.050399,0.0078471,0.41837,0.632
1,star-halo,0.1,1,0.528,0.060853,0.2663,0.1367,0.73576,0.05881,0.015068,108.03,0.050449,0.0079916,0.41854,0.635
1,star-halo-deg,0.4,0.1,0.17498,0.013365,0.2669,0.137,0.73576,0.05881,0.015085,108.07,0.050363,0.0080728,0.41844,0.631
1,star-halo-deg,0.4,0.2,0.094441,0.0057773,0.26696,0.13696,0.73576,0.05881,0.015086,108.07,0.050336,0.0079205,0.41828,0.629
1,star-halo-deg,0.4,0.8,0.07756,0.0044503,0.26689,0.13677,0.73576,0.05881,0.015082,108.07,0.05031,0.0074597,0.41776,0.632
1,star-halo-deg,0.4,1.6,0.1251,0.0089289,0.26669,0.13669,0.73576,0.05881,0.015076,108.06,0.050362,0.0073477,0.41778,0.634
1,spike,0,0.125,0,0,0.26697,0.13688,0.73576,0.05881,0.015086,108.08,0.050309,0.0076984,0.41797,0.628
1,spike,0,0.25,0,0,0.26697,0.13688,0.73576,0.05881,0.015086,108.08,0.050309,0.0076984,0.41797,0.632
1,spike,0,0.375,0,0,0.26697,0.13688,0.73576,0.05881,0.015086,108.08,0.050309,0.0076984,0.41797,0.626
1,spike,0,0.5,0,0,0.26697,0.13688,0.73576,0.05881,0.015086,108.08,0.050309,0.0076984,0.41797,0.633
1,spike-flux,5000,1250,0.00098251,9.9363e-05,0.26698,0.13688,0.73576,0.05881,0.015086,108.08,0.050307,0.0076971,0.41796,0.635
1,spike-flux,5000,2500,0,0,0.26697,0.13688,0.73576,0.05881,0.015086,108.08,0.050309,0.0076984,0.41797,0.632
1,spike-flux,5000,10000,0,0,0.26697,0.13688,0.73576,0.05881,0.015086,108.08,0.050309,0.0076984,0.41797,0.628
1,spike-flux,5000,20000,0,0,0.26697,0.13688,0.73576,0.05881,0.015086,108.08,0.050309,0.0076984,0.41797,0.629
1,nebula,on,off,14.066,0.45858,0.20758,0.10889,1,0,0.010988,101.98,0.017308,0.0060199,0.40149,0.507
1,galaxy-style,barred-spiral,grand-design,5.6792,0.61046,0.27929,0.13263,0.73569,0.059098,0.015421,106.4,0.050479,0.0073388,0.39041,0.636
1,galaxy-style,barred-spiral,flocculent,3.7717,0.52557,0.26481,0.13751,0.7357,0.058923,0.015066,108.38,0.050106,0.0078615,0.42068,0.611
1,galaxy-radius,3.5,0,108.14,0.98573,0.67004,0.11118,0.73903,0.064112,0.029451,85.479,0.0056229,0.004406,0.16532,0.561
1,galaxy-radius,3.5,2,40.169,0.96161,0.42982,0.12216,0.73696,0.060487,0.022299,97.421,0.024955,0.0061129,0.27599,0.612
1,galaxy-radius,3.5,4,7.7696,0.68785,0.24717,0.13529,0.73558,0.058685,0.014054,110.96,0.052693,0.0091956,0.45129,0.545
1,galaxy-radius,3.5,6,17.541,0.8521,0.17224,0.15614,0.73544,0.05859,0.012906,124.33,0.062936,0.014583,0.54637,0.518
1,galaxy-radius,3.5,8,18.936,0.85421,0.16325,0.1565,0.73546,0.058584,0.012589,126.22,0.058762,0.015206,0.56044,0.483
1,galaxy-height,0.03,-5,22.331,0.88094,0.18889,0.17194,0.73553,0.059548,0.01344,120.64,0.068614,0.012854,0.53773,0.544
1,galaxy-height,0.03,-2.5,21.468,0.88307,0.20618,0.17698,0.73549,0.059256,0.0138,117.63,0.069158,0.010739,0.51609,0.923
1,galaxy-height,0.03,0,1.8218,0.22888,0.2665,0.13779,0.73578,0.058807,0.015102,108.17,0.050363,0.0078429,0.42165,0.632
1,galaxy-height,0.03,2.5,23.572,0.8467,0.23282,0.16702,0.73578,0.05859,0.013381,115.85,0.063493,0.010133,0.4786,0.647
1,galaxy-height,0.03,5,25.837,0.8526,0.21427,0.1703,0.73565,0.05859,0.0131,119.47,0.064597,0.011729,0.50469,0.544
1,galaxy-glow,1.5,0.375,13.008,0.8481,0.20098,0.13908,0.73545,0.058667,0.013327,118.17,0.05388,0.010433,0.48438,0.627
1,galaxy-glow,1.5,0.75,8.1898,0.81625,0.22816,0.13509,0.73549,0.058636,0.014051,113.19,0.052697,0.00898,0.44578,0.634
1,galaxy-glow,1.5,3,12.898,0.87585,0.32075,0.14809,0.73606,0.059278,0.016982,103.6,0.044825,0.0066067,0.40995,0.632
1,galaxy-glow,1.5,6,31.597,0.93487,0.39364,0.16415,0.73667,0.059633,0.019414,100.06,0.036424,0.0054705,0.41006,0.630
1,galaxy-glow,1.5,0,18.485,0.87136,0.1593,0.1526,0.73544,0.058584,0.012487,127.47,0.053688,0.014548,0.5581,0.632
1,galaxy-dust,1,0.25,1.131,0.103,0.27098,0.14325,0.73576,0.058818,0.014885,108.62,0.049185,0.0075008,0.44035,0.631
1,galaxy-dust,1,0.5,0.71369,0.058894,0.26954,0.14066,0.73576,0.05881,0.014979,108.41,0.049483,0.0075804,0.43029,0.634
1,galaxy-dust,1,2,1.1091,0.12421,0.26281,0.13231,0.73577,0.058794,0.015182,107.62,0.051661,0.0077426,0.4089,0.627
1,galaxy-dust,1,4,2.7154,0.22869,0.25653,0.12747,0.73573,0.058781,0.015249,107.05,0.053578,0.007687,0.40477,0.632
1,galaxy-dust,1,0,1.6034,0.13615,0.27254,0.14653,0.73576,0.058825,0.014726,108.93,0.048807,0.0074817,0.45554,0.625
1,galaxy-warp,1,0,0.14568,0.0071335,0.26684,0.13676,0.73577,0.058802,0.015082,108.08,0.050323,0.0076471,0.41752,0.627
1,galaxy-warp,1,1.25,0.017089,0.00015919,0.26698,0.13688,0.73576,0.05881,0.015086,108.08,0.050311,0.0076984,0.41797,0.625
1,galaxy-warp,1,2.5,0.55788,0.050085,0.26706,0.13694,0.73576,0.058817,0.01509,108.08,0.050459,0.0077128,0.41779,0.634
1,galaxy-warp,1,3.75,0.65763,0.061532,0.26717,0.13705,0.73576,0.058817,0.015091,108.09,0.050495,0.0077351,0.41904,0.631
1,galaxy-warp,1,5,0.78614,0.087359,0.26723,0.13699,0.73577,0.058817,0.015093,108.09,0.050488,0.0077408,0.41864,0.628
1,galaxy-waves,1,0,2.773,0.40812,0.26757,0.13804,0.73569,0.058878,0.015154,108.05,0.050342,0.0079256,0.422,0.632
1,galaxy-waves,1,1.25,1.2131,0.11558,0.26684,0.13679,0.73576,0.058806,0.015074,108.13,0.050385,0.0077138,0.4175,0.623
1,galaxy-waves,1,2.5,3.5124,0.53955,0.26578,0.13824,0.73576,0.058777,0.015025,108.47,0.05046,0.007979,0.42362,0.625
1,galaxy-waves,1,3.75,5.1406,0.66343,0.26201,0.14025,0.73582,0.058721,0.014809,108.92,0.050832,0.0076947,0.42657,0.620
1,galaxy-waves,1,5,6.5846,0.71582,0.25863,0.14229,0.73583,0.058724,0.014605,109.37,0.050881,0.0076008,0.43053,0.616
1,external-galaxies,4,0,0.0015366,0.00011833,0.26697,0.13689,0.73576,0.05881,0.015086,108.08,0.050306,0.0076937,0.41798,0.627
1,external-galaxies,4,2,0.00098679,5.888e-05,0.26697,0.13688,0.73576,0.05881,0.015086,108.08,0.050307,0.0076948,0.41797,0.630
1,external-galaxies,4,6,0.00051877,2.6705e-05,0.26698,0.13688,0.73576,0.05881,0.015086,108.08,0.050308,0.0076993,0.41796,0.636
1,external-galaxies,4,8,0.0010957,9.0343e-05,0.26698,0.13688,0.73576,0.05881,0.015086,108.08,0.050305,0.0077004,0.41796,0.632
1,galaxy-res,512,64,0.13205,0.014892,0.2671,0.13683,0.73576,0.05881,0.015091,108.08,0.050144,0.0075707,0.41689,0.530
1,galaxy-res,512,560,0.0021745,7.4266e-06,0.26697,0.13688,0.73576,0.05881,0.015086,108.08,0.050313,0.0077006,0.41801,0.637
1,galaxy-res,512,1056,0.0037695,2.2284e-05,0.26697,0.13688,0.73576,0.05881,0.015086,108.08,0.050316,0.0077027,0.41803,0.846
1,galaxy-res,512,1552,0.0041008,2.2284e-05,0.26697,0.13688,0.73576,0.05881,0.015086,108.08,0.050317,0.0077032,0.41803,1.228
1,galaxy-res,512,2048,0.0040715,2.2284e-05,0.26697,0.13688,0.73576,0.05881,0.015086,108.08,0.050317,0.0077032,0.41801,1.755
1,exposure,0.18,0.045,25.345,0.99284,0.14227,0.08682,0.73523,0.058118,0.010634,113.93,0.059627,0.0043578,0.33972,0.632
1,exposure,0.18,0.09,15.524,0.99197,0.19618,0.10783,0.73553,0.058551,0.012582,110.12,0.051819,0.0057772,0.38961,0.626
1,exposure,0.18,0.36,22.52,0.99925,0.35766,0.16892,0.73594,0.059183,0.018164,106.83,0.048314,0.010037,0.42516,0.627
1,exposure,0.18,0.72,52.293,0.99986,0.4689,0.1918,0.73615,0.059301,0.02036,104.97,0.045653,0.011989,0.40289,0.634
1,denoise,0.35,0.0875,0.81268,0.1566,0.26621,0.13737,0.74008,0.062821,0.015083,107.98,0.052341,0.0092088,0.42004,0.631
1,denoise,0.35,0.175,0.54312,0.097901,0.26642,0.13724,0.73784,0.061111,0.015077,108.01,0.051596,0.0087394,0.41945,0.623
1,denoise,0.35,0.7,0.64313,0.10372,0.26773,0.13636,0.73459,0.057424,0.015111,108.16,0.048902,0.006421,0.41599,0.626
1,denoise,0.35,1.4,0.96762,0.13517,0.26808,0.13611,0.73399,0.056611,0.015124,108.2,0.048425,0.0059025,0.41508,0.629
1,denoise,0.35,0,0.99216,0.19063,0.2662,0.13753,0.74556,0.066561,0.015122,107.95,0.054129,0.0095975,0.42053,0.627
1,supersample,2,1,0.7095,0.094098,0.26634,0.13695,0.73717,0.059718,0.015054,108.08,0.050927,0.0083514,0.41832,0.537
1,step-frac,0.15,0.0375,0.50774,0.094312,0.26531,0.13574,0.73834,0.058862,0.014999,107.89,0.049346,0.0076125,0.41625,0.850
1,step-frac,0.15,0.075,0.3817,0.048806,0.26594,0.13617,0.73734,0.058882,0.015032,107.96,0.049687,0.0076412,0.41681,0.706
1,step-frac,0.15,0.3,0.79586,0.13337,0.26826,0.13796,0.73534,0.056978,0.015108,108.38,0.050723,0.0078544,0.42087,0.593
1,step-frac,0.15,0.6,1.807,0.24322,0.26814,0.13891,0.74662,0.046017,0.014941,108.91,0.049105,0.0087423,0.42476,0.560
1,max-steps,600,50,2.4655,0.13907,0.25847,0.13031,0.78788,0.012527,0.014354,108.8,0.049142,0.0077381,0.409,0.597
1,max-steps,600,1038,0,0,0.26697,0.13688,0.73576,0.05881,0.015086,108.08,0.050309,0.0076984,0.41797,0.631
1,max-steps,600,2025,0,0,0.26697,0.13688,0.73576,0.05881,0.015086,108.08,0.050309,0.0076984,0.41797,0.630
1,max-steps,600,3013,0,0,0.26697,0.13688,0.73576,0.05881,0.015086,108.08,0.050309,0.0076984,0.41797,0.631
1,max-steps,600,4000,0,0,0.26697,0.13688,0.73576,0.05881,0.015086,108.08,0.050309,0.0076984,0.41797,0.629
1,light-res,96,16,4.4462,0.27478,0.25156,0.13264,0.73588,0.058886,0.014119,106.03,0.048374,0.0072712,0.42543,0.656
1,light-res,96,76,0.47782,0.064508,0.2662,0.1364,0.73574,0.058796,0.01503,107.91,0.05038,0.0076424,0.4188,0.796
1,light-res,96,136,0.36449,0.053075,0.26789,0.13777,0.73582,0.058868,0.015133,108.19,0.050184,0.0077416,0.41922,1.128
1,light-res,96,196,0.49721,0.084952,0.26848,0.1383,0.73579,0.058773,0.015165,108.26,0.050103,0.0077815,0.41958,1.922
1,light-res,96,256,0.5607,0.096381,0.26882,0.13857,0.73578,0.058787,0.015184,108.29,0.050005,0.0078037,0.41954,3.341
1,light-steps,48,8,3.4064,0.2585,0.28078,0.14633,0.73612,0.059002,0.015885,109.53,0.049861,0.0081465,0.41223,0.708
1,light-steps,48,70,0.084696,0.0083338,0.26668,0.13674,0.73575,0.058832,0.015067,108.05,0.05034,0.0076857,0.41829,0.999
1,light-steps,48,132,0.11055,0.0077483,0.26655,0.13668,0.73575,0.05884,0.015059,108.03,0.050298,0.0076813,0.41845,1.252
1,light-steps,48,194,0.11828,0.0080156,0.26652,0.13667,0.73576,0.05884,0.015057,108.02,0.050283,0.0076808,0.41847,1.551
1,light-steps,48,256,0.12141,0.0081818,0.26651,0.13667,0.73576,0.05884,0.015056,108.02,0.050279,0.0076803,0.41851,1.850
3,(default),,,0,0,0.27045,0.15106,0.71646,0.055562,0.019917,165.99,0.066475,0.0079323,0.46301,1.009
3,viewer-offset,0.55,0,22.813,0.69325,0.32588,0.16012,0.59599,0.080321,0.026354,170.11,0.061928,0.0078752,0.39988,1.034
3,viewer-offset,0.55,1,12.096,0.64989,0.24188,0.12856,0.58879,0.038653,0.01694,160.64,0.056053,0.007245,0.44171,0.962
3,viewer-offset,0.55,2,14.473,0.48861,0.22025,0.11737,0.93282,0.021806,0.013409,157.92,0.066708,0.0072476,0.42922,0.848
3,viewer-offset,0.55,3,14.212,0.48908,0.21922,0.11265,0.96174,0.011374,0.012941,156.98,0.067285,0.0072997,0.41174,0.838
3,viewer-offset,0.55,4,14.006,0.48924,0.21899,0.1107,0.9711,0.0079245,0.012792,156.68,0.067976,0.0072232,0.40075,0.833
3,cluster-offset,0.85,0,16.9,0.61034,0.30736,0.17774,0.72408,0.041972,0.022779,169.26,0.060172,0.0084079,0.47739,0.960
3,cluster-offset,0.85,0.2375,14.045,0.54683,0.30744,0.17828,0.71292,0.056558,0.022426,167.74,0.064023,0.0084784,0.47123,0.994
3,cluster-offset,0.85,0.475,11.909,0.4828,0.30561,0.18146,0.71415,0.053297,0.021786,166.28,0.067242,0.0082815,0.48288,1.026
3,cluster-offset,0.85,0.7125,6.8694,0.38887,0.29109,0.17408,0.7143,0.05526,0.020662,165.83,0.068665,0.0081012,0.50552,1.013
3,cluster-offset,0.85,0.95,4.0662,0.32948,0.25825,0.13676,0.71693,0.052721,0.019304,166.28,0.066103,0.0076262,0.42715,1.005
3,luminosity,1,0.25,11.856,0.48251,0.22012,0.10727,0.7161,0.056799,0.015496,160.48,0.077205,0.0068429,0.37661,1.008
3,luminosity,1,0.5,7.4109,0.45202,0.23993,0.12259,0.71607,0.056089,0.017524,164.07,0.072282,0.0072564,0.40606,1.005
3,luminosity,1,2,10.938,0.54699,0.31242,0.18891,0.71665,0.055326,0.021674,166.57,0.070709,0.0090434,0.51647,1.015
3,luminosity,1,4,24.981,0.68122,0.36335,0.22973,0.71675,0.055383,0.022153,166.93,0.079053,0.010663,0.5321,1.010
3,clusters,2,1,4.5229,0.32819,0.2606,0.14184,0.73893,0.060287,0.018856,165.92,0.06824,0.0076601,0.44797,0.878
3,clusters,2,3,5.3273,0.38459,0.28135,0.15145,0.73964,0.054415,0.020814,167.32,0.067804,0.0083258,0.44926,1.028
3,thickness,0.06,0.015,6.7773,0.44853,0.27467,0.16315,0.80645,0.020297,0.019453,165.37,0.069758,0.0075248,0.47228,1.113
3,thickness,0.06,0.03,4.815,0.40694,0.2741,0.15858,0.76499,0.030395,0.019743,165.58,0.068258,0.0077355,0.46458,1.017
3,thickness,0.06,0.12,7.5323,0.48669,0.25815,0.13426,0.64492,0.10019,0.019863,166.66,0.067864,0.0078086,0.43649,1.102
3,thickness,0.06,0.24,15.298,0.66691,0.22531,0.10304,0.54335,0.16292,0.017404,163.63,0.07285,0.0074673,0.38531,1.480
3,fold,0.18,0,8.1625,0.49234,0.25921,0.13014,0.70232,0.059618,0.02007,167.58,0.065295,0.0077005,0.38817,0.989
3,fold,0.18,0.25,3.9533,0.38669,0.26983,0.15268,0.72287,0.051434,0.019693,165.76,0.067068,0.0079835,0.47215,1.021
3,fold,0.18,0.5,8.738,0.51712,0.26408,0.15378,0.71046,0.052539,0.019,164.88,0.06556,0.008339,0.48325,1.073
3,fold,0.18,0.75,10.694,0.53777,0.25431,0.14926,0.69498,0.057107,0.017962,163.29,0.062214,0.0084463,0.49502,1.231
3,fold,0.18,1,12.912,0.6473,0.25491,0.14561,0.61769,0.057705,0.018479,163.47,0.064784,0.0089261,0.48156,1.460
3,fold-scale,1.6,0.4,8.2842,0.49457,0.26484,0.14041,0.70854,0.056868,0.020153,167.37,0.065315,0.0078657,0.42871,0.975
3,fold-scale,1.6,0.8,10.533,0.49214,0.23808,0.12087,0.70434,0.059339,0.017802,164.96,0.070289,0.007249,0.39471,0.983
3,fold-scale,1.6,3.2,12.28,0.51947,0.23173,0.11629,0.70166,0.056651,0.016549,162.2,0.073189,0.0074699,0.4069,1.179
3,fold-scale,1.6,6.4,12.807,0.51407,0.22414,0.11745,0.6882,0.057459,0.015699,160.1,0.073822,0.007676,0.42748,1.628
3,keep,0.7,0,8.453,0.48116,0.25944,0.15347,0.95953,0.011181,0.017718,165.07,0.070578,0.0064377,0.46559,0.944
3,keep,0.7,0.25,7.6108,0.4123,0.26839,0.15719,0.88447,0.023339,0.018823,165.65,0.068218,0.0070582,0.46176,0.964
3,keep,0.7,0.5,3.3826,0.22928,0.26974,0.15379,0.76816,0.041945,0.019596,165.94,0.066046,0.0077583,0.45987,0.989
3,keep,0.7,0.75,0.51131,0.052347,0.27063,0.15038,0.71222,0.058297,0.020025,166.28,0.066126,0.0079264,0.46112,1.014
3,keep,0.7,1,1.2367,0.11187,0.27235,0.14836,0.69916,0.061827,0.020372,166.96,0.06584,0.0079429,0.45444,1.011
3,hole-scale,1.3,0.325,9.6694,0.5243,0.25036,0.12721,0.6158,0.076411,0.0196,166.68,0.070184,0.0086846,0.42249,1.000
3,hole-scale,1.3,0.65,7.9995,0.46906,0.25544,0.12558,0.7063,0.054526,0.01991,167.84,0.069993,0.0080332,0.38425,0.992
3,hole-scale,1.3,2.6,10.195,0.54134,0.26695,0.15235,0.71174,0.040468,0.018998,165.13,0.07254,0.0079854,0.49219,1.029
3,hole-scale,1.3,5.2,10.273,0.54446,0.26505,0.14883,0.69245,0.038352,0.019327,165.97,0.076244,0.008228,0.48309,1.149
3,outer-sharpness,6,1.5,0.705,0.1341,0.26987,0.1493,0.69748,0.074767,0.02008,166,0.066093,0.007912,0.46082,1.011
3,outer-sharpness,6,3,0.34894,0.055597,0.27008,0.15019,0.70754,0.064118,0.019985,165.96,0.066195,0.0079226,0.46174,1.016
3,outer-sharpness,6,12,0.32069,0.047499,0.27088,0.15183,0.72453,0.04939,0.019867,166.04,0.066811,0.0079402,0.4642,1.001
3,outer-sharpness,6,24,0.57084,0.10369,0.27124,0.15245,0.73153,0.044971,0.019831,166.08,0.067017,0.0079367,0.46509,1.002
3,detail-scale,5,1.25,6.8351,0.49182,0.26924,0.14742,0.69031,0.05794,0.020188,166.69,0.06701,0.006785,0.46154,1.012
3,detail-scale,5,2.5,6.2375,0.46271,0.26639,0.15318,0.73641,0.057262,0.019363,165.34,0.067,0.0070887,0.47519,1.006
3,detail-scale,5,10,5.6201,0.4859,0.27193,0.14972,0.70987,0.05236,0.0202,166.45,0.066261,0.0085147,0.45921,0.994
3,detail-scale,5,20,5.3618,0.50234,0.27423,0.15017,0.71097,0.053992,0.020388,166.74,0.065836,0.0085937,0.45627,0.988
3,detail-gain,0.55,0.2,2.3842,0.3069,0.2761,0.15395,0.69133,0.056796,0.020509,166.56,0.066521,0.0076788,0.46759,1.012
3,detail-gain,0.55,0.375,1.2858,0.21116,0.27361,0.15277,0.70352,0.056532,0.020239,166.31,0.0664,0.0078047,0.46528,1.004
3,detail-gain,0.55,0.725,1.4784,0.24144,0.26606,0.14887,0.73312,0.05493,0.019465,165.47,0.066856,0.0079194,0.46072,1.005
3,detail-gain,0.55,0.9,3.0592,0.35333,0.26046,0.14611,0.7495,0.054579,0.018936,164.81,0.067433,0.0075322,0.45735,1.008
3,erosion,0.65,0,7.7762,0.65173,0.30264,0.15812,0.58996,0.060557,0.023464,169.37,0.063307,0.0059938,0.4576,1.003
3,erosion,0.65,0.25,1.6363,0.2434,0.27598,0.15459,0.68222,0.058037,0.020452,166.33,0.066015,0.0073925,0.46815,1.002
3,erosion,0.65,0.5,0.44761,0.079218,0.27188,0.1521,0.70683,0.056574,0.020052,166.06,0.066347,0.007803,0.4649,1.005
3,erosion,0.65,0.75,0.23565,0.032243,0.26972,0.1505,0.72146,0.055089,0.01985,165.97,0.066566,0.0079909,0.46186,1.015
3,erosion,0.65,1,0.9791,0.14095,0.26916,0.14996,0.73918,0.04266,0.019679,166.39,0.064777,0.0081654,0.45809,1.005
3,filament,0.5,0,3.9898,0.39399,0.27998,0.15599,0.68218,0.056912,0.020827,166.92,0.066617,0.0076311,0.47301,1.009
3,filament,0.5,0.25,2.3057,0.29115,0.27478,0.15388,0.70099,0.056184,0.020322,166.46,0.066602,0.0077447,0.47041,1.009
3,filament,0.5,0.75,2.1918,0.29934,0.27118,0.1501,0.71498,0.055205,0.020061,166.2,0.066053,0.0082509,0.45815,1.000
3,filament,0.5,1,3.94,0.41717,0.27452,0.15014,0.7026,0.055313,0.020501,166.77,0.065644,0.0084016,0.45335,1.005
3,contrast,1.5,0,7.4102,0.46229,0.25903,0.14401,0.648,0.052966,0.018945,164.77,0.07655,0.0076061,0.48696,1.017
3,contrast,1.5,0.75,3.806,0.34398,0.26463,0.14411,0.67052,0.055432,0.019675,165.82,0.070734,0.007734,0.45796,1.010
3,contrast,1.5,2.25,3.0816,0.30812,0.27148,0.1572,0.75443,0.051573,0.019412,165.69,0.068117,0.0080799,0.48922,1.002
3,contrast,1.5,3,5.3188,0.40819,0.26669,0.15718,0.78668,0.046579,0.018557,165.05,0.070419,0.0081759,0.50732,0.989
3,pillars,9,0,0.98289,0.040264,0.27174,0.15227,0.71712,0.049999,0.019956,166.33,0.064471,0.0078453,0.46312,0.928
3,pillars,9,14,0.59006,0.036512,0.27012,0.15054,0.71509,0.05462,0.019884,166.13,0.065978,0.0078943,0.46156,1.043
3,pillars,9,28,1.3864,0.052543,0.26841,0.1487,0.71116,0.06235,0.019859,165.86,0.066686,0.0079898,0.45864,1.178
3,pillars,9,42,3.4587,0.22563,0.25961,0.13863,0.70942,0.067647,0.019436,165.45,0.067353,0.0079524,0.43242,1.325
3,pillars,9,56,4.206,0.23416,0.25703,0.13588,0.7101,0.062203,0.019187,165.82,0.065596,0.0078155,0.42723,1.337
3,pillar-length,0.3,0.075,0.40105,0.014764,0.27156,0.15222,0.71731,0.053456,0.019953,166.08,0.065851,0.0078902,0.46372,1.004
3,pillar-length,0.3,0.15,0.26847,0.012222,0.27114,0.15159,0.71689,0.054298,0.019958,166.02,0.06616,0.0079226,0.46195,1.006
3,pillar-length,0.3,0.6,0.571,0.025408,0.26909,0.14991,0.71591,0.057851,0.019855,166.02,0.066901,0.0079141,0.46175,1.008
3,pillar-length,0.3,0.8,0.58981,0.026156,0.26903,0.14986,0.71591,0.057943,0.019852,166.03,0.066908,0.0079177,0.46173,1.011
3,pillar-width,0.045,0.01125,0.41687,0.015739,0.27153,0.15214,0.71715,0.052466,0.019954,166.12,0.065686,0.0078901,0.46314,0.995
3,pillar-width,0.045,0.0225,0.32636,0.015478,0.27123,0.15175,0.71702,0.052839,0.019945,166.08,0.065964,0.0079249,0.46267,1.004
3,pillar-width,0.045,0.09,1.2125,0.047557,0.26621,0.14615,0.71531,0.062242,0.019793,166.1,0.067202,0.0077599,0.45056,1.016
3,pillar-width,0.045,0.18,13.402,0.47482,0.21207,0.10876,0.71304,0.074824,0.014798,158.15,0.07898,0.0066854,0.39916,1.027
3,pillar-density,2.5,0.625,0.23412,0.012361,0.27086,0.15117,0.71697,0.053022,0.019935,166.05,0.065965,0.0079142,0.46068,1.009
3,pillar-density,2.5,1.25,0.11211,0.010475,0.27064,0.15111,0.71662,0.054019,0.019929,165.97,0.066616,0.0079194,0.46182,1.005
3,pillar-density,2.5,5,0.098797,0.011258,0.27021,0.15089,0.7163,0.056556,0.019904,166.05,0.066106,0.0079432,0.46341,1.010
3,pillar-density,2.5,10,0.19013,0.014741,0.26993,0.15061,0.7161,0.057371,0.019898,166.12,0.065782,0.0079526,0.4629,1.007
3,clouds,4,0,0.98827,0.037509,0.27097,0.15168,0.72054,0.042929,0.019793,167.13,0.060527,0.0077729,0.46587,0.920
3,clouds,4,3,0.22908,0.010736,0.26972,0.15088,0.71827,0.050956,0.019787,166.46,0.063771,0.0077966,0.46463,0.984
3,clouds,4,6,0.81574,0.032005,0.26843,0.14976,0.70967,0.063409,0.019877,165.41,0.069894,0.0079511,0.46226,1.045
3,clouds,4,9,2.4893,0.064211,0.26288,0.13963,0.70376,0.071565,0.020012,164.68,0.07483,0.0080995,0.42239,1.144
3,clouds,4,12,3.8719,0.089201,0.25804,0.13409,0.69353,0.082795,0.020038,164.17,0.080687,0.0080384,0.41023,1.198
3,cloud-length,0.15,0.0375,0.98268,0.041564,0.2714,0.15097,0.71892,0.047372,0.019938,166.75,0.062799,0.0078187,0.46124,1.012
3,cloud-length,0.15,0.075,0.79008,0.038896,0.27077,0.15065,0.71728,0.04941,0.019937,166.54,0.064463,0.0078318,0.4613,1.003
3,cloud-length,0.15,0.3,1.2352,0.061269,0.27087,0.15074,0.71247,0.058809,0.020037,165.66,0.067972,0.008092,0.4586,1.014
3,cloud-length,0.15,0.6,2.0461,0.089828,0.26977,0.14901,0.70779,0.058334,0.020061,165.33,0.069279,0.0083041,0.44699,1.018
3,cloud-width,0.022,0.0055,1.0019,0.037369,0.27109,0.15166,0.7195,0.043044,0.019799,167.05,0.060461,0.0078009,0.46529,0.997
3,cloud-width,0.022,0.011,1.0203,0.037018,0.27147,0.15161,0.71855,0.044334,0.01985,166.71,0.061606,0.0079021,0.46391,1.000
3,cloud-width,0.022,0.044,2.3524,0.080282,0.26698,0.15171,0.70592,0.079346,0.019838,165.04,0.069675,0.0077035,0.46393,1.040
3,cloud-width,0.022,0.088,0.98827,0.037509,0.27097,0.15168,0.72054,0.042929,0.019793,167.13,0.060527,0.0077729,0.46587,0.914
3,cloud-distance,0.35,0.0875,0.98827,0.037509,0.27097,0.15168,0.72054,0.042929,0.019793,167.13,0.060527,0.0077729,0.46587,0.678
3,cloud-distance,0.35,0.175,2.3358,0.10025,0.2694,0.14836,0.70317,0.077657,0.020192,163.8,0.077286,0.0076234,0.44987,1.040
3,cloud-distance,0.35,0.7,1.0786,0.054693,0.27066,0.15173,0.71947,0.045371,0.019767,166.73,0.062121,0.0079098,0.465,1.002
3,cloud-distance,0.35,1.4,1.0583,0.046872,0.27084,0.15161,0.72017,0.044724,0.019788,166.89,0.06132,0.0079058,0.46476,0.991
3,cloud-density,3,0.75,0.67671,0.030549,0.27114,0.15126,0.71734,0.043943,0.019839,166.49,0.062404,0.0077746,0.46403,1.001
3,cloud-density,3,1.5,0.36281,0.027954,0.271,0.151,0.71674,0.048477,0.019916,166.08,0.065844,0.0078459,0.46282,1.003
3,cloud-density,3,6,0.41027,0.029375,0.26927,0.15154,0.71621,0.059425,0.019805,166.24,0.064033,0.0080091,0.46445,1.004
3,cloud-density,3,12,0.76754,0.031803,0.26804,0.15222,0.71591,0.06216,0.019698,166.58,0.061161,0.0080536,0.46657,1.014
3,hardness,0.5,0,3.7569,0.38173,0.25665,0.1448,0.75652,0.055571,0.018587,164.31,0.067575,0.0070042,0.456,1.004
3,hardness,0.5,0.25,1.6705,0.26906,0.26419,0.14854,0.73713,0.055933,0.019272,165.18,0.066954,0.0076309,0.46126,1.001
3,hardness,0.5,0.75,1.1038,0.20445,0.27459,0.15271,0.70263,0.055733,0.020353,166.49,0.066245,0.0080698,0.46385,1.005
3,hardness,0.5,1,1.8344,0.29865,0.27739,0.1538,0.69255,0.055831,0.020647,166.81,0.066116,0.0081278,0.46447,1.011
3,dust-style,lanes,vein,1.1676,0.17946,0.27463,0.15303,0.73026,0.046351,0.020285,167.7,0.064231,0.0076609,0.46304,1.006
3,dust-style,lanes,physical,3.695,0.3115,0.27021,0.15473,0.74989,0.079681,0.020464,170.73,0.068477,0.0075676,0.4759,0.998
3,dust,0.6,0,3.0029,0.26661,0.28205,0.15965,0.77034,0.021979,0.020869,169.56,0.067164,0.0076643,0.46942,0.999
3,dust,0.6,0.25,2.1738,0.23234,0.27911,0.15621,0.74907,0.036226,0.02073,169.11,0.06454,0.0076788,0.46533,0.995
3,dust,0.6,0.5,0.52515,0.11036,0.27249,0.15225,0.72484,0.050932,0.020088,167.02,0.064586,0.0078712,0.46365,1.004
3,dust,0.6,0.75,0.69147,0.14153,0.26782,0.14959,0.70484,0.063077,0.01975,164.25,0.072245,0.0079981,0.46216,1.008
3,dust,0.6,1,1.6853,0.22965,0.26421,0.14767,0.68757,0.07525,0.019708,160.9,0.090017,0.0080663,0.46117,1.006
3,dust-scale,4,1,3.2322,0.28717,0.27805,0.15642,0.74879,0.045787,0.020538,168.04,0.067499,0.0076522,0.46744,0.960
3,dust-scale,4,2,3.2615,0.29601,0.27549,0.15644,0.73269,0.051229,0.020245,167.02,0.067824,0.0077579,0.47325,0.970
3,dust-scale,4,8,3.0197,0.30827,0.27263,0.15244,0.70808,0.051616,0.019818,165.66,0.062419,0.0080201,0.46413,1.216
3,dust-scale,4,16,2.8063,0.32387,0.27085,0.15015,0.69724,0.052807,0.019597,165,0.059107,0.0078986,0.45973,1.599
3,cavity-density,0.006,0.0015,4.5501,0.25267,0.25178,0.13419,0.72988,0.055739,0.018237,164.64,0.074167,0.0091843,0.44735,0.995
3,cavity-density,0.006,0.003,2.9947,0.23741,0.25837,0.13933,0.72579,0.055504,0.018953,165.54,0.070062,0.0086987,0.45055,1.009
3,cavity-density,0.006,0.012,4.4551,0.29837,0.28763,0.16876,0.69656,0.055897,0.020707,165.72,0.065504,0.0070711,0.48578,1.010
3,cavity-density,0.006,0.024,10.834,0.56402,0.3119,0.18961,0.67352,0.056882,0.021307,165.96,0.070524,0.0061329,0.51115,1.023
3,cavity-density,0.006,0,5.6613,0.26835,0.24675,0.13154,0.73277,0.056015,0.017669,163.59,0.079748,0.0096825,0.4451,0.992
3,cavity-spread,1.7,1,0.51518,0.10889,0.26842,0.14895,0.71854,0.055497,0.01979,166,0.066839,0.008047,0.46027,1.004
3,cavity-spread,1.7,3.4,0.71127,0.15036,0.27323,0.15395,0.71349,0.05556,0.020081,165.97,0.066072,0.0077805,0.4668,1.001
3,cavity-spread,1.7,4,0.88414,0.17563,0.2739,0.15466,0.71278,0.055575,0.020118,165.97,0.065984,0.0077444,0.46777,1.002
3,mass-inner,0.75,0.1,0,0,0.27045,0.15106,0.71646,0.055562,0.019917,165.99,0.066475,0.0079323,0.46301,1.001
3,mass-inner,0.75,0.3125,0,0,0.27045,0.15106,0.71646,0.055562,0.019917,165.99,0.066475,0.0079323,0.46301,1.009
3,mass-inner,0.75,0.525,0,0,0.27045,0.15106,0.71646,0.055562,0.019917,165.99,0.066475,0.0079323,0.46301,1.010
3,mass-inner,0.75,0.7375,0,0,0.27045,0.15106,0.71646,0.055562,0.019917,165.99,0.066475,0.0079323,0.46301,1.005
3,mass-inner,0.75,0.95,0,0,0.27045,0.15106,0.71646,0.055562,0.019917,165.99,0.066475,0.0079323,0.46301,1.010
3,mass-lobes,0.4,0,0,0,0.27045,0.15106,0.71646,0.055562,0.019917,165.99,0.066475,0.0079323,0.46301,1.006
3,mass-lobes,0.4,0.2,0,0,0.27045,0.15106,0.71646,0.055562,0.019917,165.99,0.066475,0.0079323,0.46301,1.007
3,mass-lobes,0.4,0.6,0,0,0.27045,0.15106,0.71646,0.055562,0.019917,165.99,0.066475,0.0079323,0.46301,1.004
3,mass-lobes,0.4,0.8,0,0,0.27045,0.15106,0.71646,0.055562,0.019917,165.99,0.066475,0.0079323,0.46301,1.008
3,mass-scale,1.5,0.5,0,0,0.27045,0.15106,0.71646,0.055562,0.019917,165.99,0.066475,0.0079323,0.46301,1.008
3,mass-scale,1.5,0.75,0,0,0.27045,0.15106,0.71646,0.055562,0.019917,165.99,0.066475,0.0079323,0.46301,1.003
3,mass-scale,1.5,3,0,0,0.27045,0.15106,0.71646,0.055562,0.019917,165.99,0.066475,0.0079323,0.46301,1.002
3,mass-scale,1.5,6,0,0,0.27045,0.15106,0.71646,0.055562,0.019917,165.99,0.066475,0.0079323,0.46301,1.000
3,mass-density,6,1.5,0,0,0.27045,0.15106,0.71646,0.055562,0.019917,165.99,0.066475,0.0079323,0.46301,1.007
3,mass-density,6,3,0,0,0.27045,0.15106,0.71646,0.055562,0.019917,165.99,0.066475,0.0079323,0.46301,1.003
3,mass-density,6,12,0,0,0.27045,0.15106,0.71646,0.055562,0.019917,165.99,0.066475,0.0079323,0.46301,1.006
3,mass-density,6,20,0,0,0.27045,0.15106,0.71646,0.055562,0.019917,165.99,0.066475,0.0079323,0.46301,1.009
3,mass-clusters,1,2,0,0,0.27045,0.15106,0.71646,0.055562,0.019917,165.99,0.066475,0.0079323,0.46301,0.995
3,mass-clusters,1,3,0,0,0.27045,0.15106,0.71646,0.055562,0.019917,165.99,0.066475,0.0079323,0.46301,0.702
3,mass-cavity,0,0.0005,0,0,0.27045,0.15106,0.71646,0.055562,0.019917,165.99,0.066475,0.0079323,0.46301,0.699
3,mass-cavity,0,0.002,0,0,0.27045,0.15106,0.71646,0.055562,0.019917,165.99,0.066475,0.0079323,0.46301,0.700
3,mass-cavity,0,0.008,0,0,0.27045,0.15106,0.71646,0.055562,0.019917,165.99,0.066475,0.0079323,0.46301,0.704
3,mass-cavity,0,0.032,0,0,0.27045,0.15106,0.71646,0.055562,0.019917,165.99,0.066475,0.0079323,0.46301,0.711
3,mass-fine,1,0,0,0,0.27045,0.15106,0.71646,0.055562,0.019917,165.99,0.066475,0.0079323,0.46301,1.019
3,mass-fine,1,0.75,3.013e-06,0,0.27045,0.15106,0.71646,0.055562,0.019917,165.99,0.066475,0.0079323,0.46301,1.011
3,mass-fine,1,1.5,3.013e-06,0,0.27045,0.15106,0.71646,0.055562,0.019917,165.99,0.066475,0.0079323,0.46301,1.018
3,mass-fine,1,2.25,3.013e-06,0,0.27045,0.15106,0.71646,0.055562,0.019917,165.99,0.066475,0.0079323,0.46301,1.019
3,mass-fine,1,3,3.013e-06,0,0.27045,0.15106,0.71646,0.055562,0.019917,165.99,0.066475,0.0079323,0.46301,1.019
3,mass-edge,0,0.25,0,0,0.27045,0.15106,0.71646,0.055562,0.019917,165.99,0.066475,0.0079323,0.46301,1.008
3,mass-edge,0,0.5,0,0,0.27045,0.15106,0.71646,0.055562,0.019917,165.99,0.066475,0.0079323,0.46301,1.010
3,mass-edge,0,0.75,0,0,0.27045,0.15106,0.71646,0.055562,0.019917,165.99,0.066475,0.0079323,0.46301,1.001
3,mass-edge,0,1,0,0,0.27045,0.15106,0.71646,0.055562,0.019917,165.99,0.066475,0.0079323,0.46301,1.016
3,mass-edge-patch,0,0.25,0,0,0.27045,0.15106,0.71646,0.055562,0.019917,165.99,0.066475,0.0079323,0.46301,1.011
3,mass-edge-patch,0,0.5,0,0,0.27045,0.15106,0.71646,0.055562,0.019917,165.99,0.066475,0.0079323,0.46301,1.008
3,mass-edge-patch,0,0.75,0,0,0.27045,0.15106,0.71646,0.055562,0.019917,165.99,0.066475,0.0079323,0.46301,1.007
3,mass-edge-patch,0,1,0,0,0.27045,0.15106,0.71646,0.055562,0.019917,165.99,0.066475,0.0079323,0.46301,1.003
3,graze,3,0,0,0,0.27045,0.15106,0.71646,0.055562,0.019917,165.99,0.066475,0.0079323,0.46301,1.015
3,graze,3,1.25,0,0,0.27045,0.15106,0.71646,0.055562,0.019917,165.99,0.066475,0.0079323,0.46301,0.703
3,graze,3,2.5,0,0,0.27045,0.15106,0.71646,0.055562,0.019917,165.99,0.066475,0.0079323,0.46301,0.703
3,graze,3,3.75,0,0,0.27045,0.15106,0.71646,0.055562,0.019917,165.99,0.066475,0.0079323,0.46301,0.701
3,graze,3,5,0,0,0.27045,0.15106,0.71646,0.055562,0.019917,165.99,0.066475,0.0079323,0.46301,0.713
3,mass-blister,0.3,0,0,0,0.27045,0.15106,0.71646,0.055562,0.019917,165.99,0.066475,0.0079323,0.46301,0.702
3,mass-blister,0.3,0.25,0,0,0.27045,0.15106,0.71646,0.055562,0.019917,165.99,0.066475,0.0079323,0.46301,0.704
3,mass-blister,0.3,0.5,0,0,0.27045,0.15106,0.71646,0.055562,0.019917,165.99,0.066475,0.0079323,0.46301,0.706
3,mass-blister,0.3,0.75,0,0,0.27045,0.15106,0.71646,0.055562,0.019917,165.99,0.066475,0.0079323,0.46301,0.707
3,mass-blister,0.3,1,0,0,0.27045,0.15106,0.71646,0.055562,0.019917,165.99,0.066475,0.0079323,0.46301,0.704
3,mass-cluster-size,0.15,0.0375,0,0,0.27045,0.15106,0.71646,0.055562,0.019917,165.99,0.066475,0.0079323,0.46301,0.709
3,mass-cluster-size,0.15,0.075,0,0,0.27045,0.15106,0.71646,0.055562,0.019917,165.99,0.066475,0.0079323,0.46301,0.709
3,mass-cluster-size,0.15,0.3,0,0,0.27045,0.15106,0.71646,0.055562,0.019917,165.99,0.066475,0.0079323,0.46301,0.706
3,mass-cluster-size,0.15,0.5,0,0,0.27045,0.15106,0.71646,0.055562,0.019917,165.99,0.066475,0.0079323,0.46301,0.701
3,mass-cluster-size,0.15,0,0,0,0.27045,0.15106,0.71646,0.055562,0.019917,165.99,0.066475,0.0079323,0.46301,0.706
3,mass-dust,0,0.25,0,0,0.27045,0.15106,0.71646,0.055562,0.019917,165.99,0.066475,0.0079323,0.46301,0.709
3,mass-dust,0,0.5,0,0,0.27045,0.15106,0.71646,0.055562,0.019917,165.99,0.066475,0.0079323,0.46301,0.705
3,mass-dust,0,0.75,0,0,0.27045,0.15106,0.71646,0.055562,0.019917,165.99,0.066475,0.0079323,0.46301,0.706
3,mass-dust,0,1,0,0,0.27045,0.15106,0.71646,0.055562,0.019917,165.99,0.066475,0.0079323,0.46301,0.710
3,mass-warp,0.25,0,0,0,0.27045,0.15106,0.71646,0.055562,0.019917,165.99,0.066475,0.0079323,0.46301,1.003
3,mass-warp,0.25,0.5,0,0,0.27045,0.15106,0.71646,0.055562,0.019917,165.99,0.066475,0.0079323,0.46301,1.015
3,mass-warp,0.25,0.75,0,0,0.27045,0.15106,0.71646,0.055562,0.019917,165.99,0.066475,0.0079323,0.46301,1.002
3,mass-warp,0.25,1,0,0,0.27045,0.15106,0.71646,0.055562,0.019917,165.99,0.066475,0.0079323,0.46301,1.004
3,cluster-size,0,0.005,0.016388,0.00011568,0.27044,0.15105,0.71647,0.055568,0.019917,165.99,0.066472,0.0079299,0.46296,2.129
3,cluster-size,0,0.02,0.14032,0.012026,0.27039,0.15095,0.71644,0.055613,0.019912,165.96,0.066517,0.0079053,0.46257,2.152
3,cluster-size,0,0.08,1.2203,0.1721,0.27174,0.15139,0.71638,0.055391,0.020027,165.96,0.066535,0.0077992,0.45955,2.270
3,cluster-size,0,0.32,4.3998,0.36141,0.26289,0.14249,0.71706,0.055301,0.019444,165.51,0.066998,0.0077997,0.43872,3.723
3,fill-shadow,15,3.75,0,0,0.27045,0.15106,0.71646,0.055562,0.019917,165.99,0.066475,0.0079323,0.46301,1.067
3,fill-shadow,15,7.5,0,0,0.27045,0.15106,0.71646,0.055562,0.019917,165.99,0.066475,0.0079323,0.46301,0.706
3,fill-shadow,15,30,0,0,0.27045,0.15106,0.71646,0.055562,0.019917,165.99,0.066475,0.0079323,0.46301,0.698
3,fill-shadow,15,60,0,0,0.27045,0.15106,0.71646,0.055562,0.019917,165.99,0.066475,0.0079323,0.46301,0.704
3,fill,0.1,0.025,0,0,0.27045,0.15106,0.71646,0.055562,0.019917,165.99,0.066475,0.0079323,0.46301,0.701
3,fill,0.1,0.05,0,0,0.27045,0.15106,0.71646,0.055562,0.019917,165.99,0.066475,0.0079323,0.46301,0.711
3,fill,0.1,0.2,0,0,0.27045,0.15106,0.71646,0.055562,0.019917,165.99,0.066475,0.0079323,0.46301,0.702
3,fill,0.1,0.4,0,0,0.27045,0.15106,0.71646,0.055562,0.019917,165.99,0.066475,0.0079323,0.46301,0.692
3,fill,0.1,0,0,0,0.27045,0.15106,0.71646,0.055562,0.019917,165.99,0.066475,0.0079323,0.46301,0.702
3,blister,0.8,0,16.374,0.79542,0.34358,0.12872,0.35026,0.13571,0.032045,173.89,0.059092,0.0066593,0.35899,1.055
3,blister,0.8,0.25,16.361,0.79484,0.34352,0.12878,0.35034,0.13566,0.032035,173.88,0.059122,0.0066614,0.35905,1.078
3,blister,0.8,0.5,12.79,0.67857,0.32683,0.13803,0.44592,0.11098,0.029244,172.52,0.063068,0.0069595,0.38037,1.040
3,blister,0.8,0.75,1.0922,0.17665,0.2739,0.15196,0.69553,0.063093,0.020455,166.5,0.065285,0.0078647,0.45976,1.007
3,blister,0.8,1,5.2206,0.29276,0.25333,0.1383,0.82967,0.032346,0.01765,164.86,0.069459,0.0084938,0.45898,0.984
3,distant-count,3,0,0.48021,0.023676,0.26866,0.1507,0.73222,0.051413,0.019596,165.83,0.066944,0.0076349,0.46643,0.860
3,distant-count,3,2,0.0097023,0.00092762,0.27048,0.15108,0.71648,0.055133,0.019915,165.98,0.066499,0.0079266,0.4629,0.975
3,distant-count,3,4,0.0067146,0.00057878,0.27047,0.15106,0.7163,0.055602,0.019922,166,0.066441,0.0079422,0.46295,1.065
3,distant-count,3,5,0.0097687,0.0013675,0.27048,0.15107,0.7163,0.056125,0.019921,165.99,0.066395,0.0079434,0.46296,1.105
3,distant-count,3,7,0.13617,0.008403,0.27095,0.15122,0.71044,0.056569,0.020014,166.04,0.066326,0.0080394,0.46199,1.203
3,distant-min-deg,3,0.75,0.061602,0.0082678,0.27037,0.15106,0.71723,0.054977,0.0199,165.98,0.066501,0.0079204,0.4631,1.005
3,distant-min-deg,3,1.5,0.044158,0.0061818,0.2704,0.15106,0.71695,0.055185,0.019905,165.99,0.066498,0.0079249,0.46304,1.013
3,distant-min-deg,3,6,0.10694,0.012076,0.2705,0.15101,0.71509,0.056759,0.019948,166.01,0.066451,0.0079451,0.46295,1.019
3,distant-min-deg,3,12,0.338,0.026044,0.27048,0.15093,0.71065,0.060236,0.020014,166.05,0.066461,0.0079653,0.46312,1.019
3,distant-max-deg,14,3.5,0.46928,0.023516,0.26876,0.15069,0.73078,0.051725,0.019616,165.84,0.066892,0.0076836,0.46624,1.003
3,distant-max-deg,14,7,0.4466,0.023377,0.26914,0.15077,0.72813,0.052351,0.01968,165.88,0.066775,0.007785,0.46541,0.999
3,distant-max-deg,14,28,1.6722,0.077422,0.27528,0.15217,0.6783,0.069425,0.02075,166.32,0.065835,0.0081562,0.45422,1.033
3,distant-max-deg,14,56,0.63541,0.037175,0.27155,0.15113,0.70511,0.060487,0.020127,166.07,0.066378,0.0080123,0.4611,1.010
3,density,1,0.25,5.6936,0.44795,0.26268,0.14388,0.81515,0.0058531,0.018428,165.72,0.065825,0.0074897,0.44896,1.007
3,density,1,0.5,3.1831,0.38628,0.26718,0.14754,0.76784,0.021532,0.019206,165.6,0.067682,0.007768,0.456,1.017
3,density,1,2,3.5949,0.41305,0.27255,0.15443,0.65903,0.098435,0.020605,167.2,0.061545,0.007924,0.46817,1.003
3,density,1,4,7.1939,0.5418,0.27552,0.16013,0.60132,0.14183,0.021272,168.58,0.058235,0.0078005,0.48103,0.997
3,sigma,8,2,6.0658,0.45256,0.26003,0.14052,0.81526,0.0058768,0.018308,165.61,0.065496,0.0073248,0.43653,1.008
3,sigma,8,4,3.3593,0.39605,0.26593,0.14611,0.76779,0.02157,0.019145,165.53,0.067567,0.0076748,0.45084,1.004
3,sigma,8,16,3.7934,0.42527,0.27435,0.15676,0.65899,0.098459,0.020624,167.12,0.062457,0.0080325,0.47527,1.008
3,sigma,8,32,7.7201,0.55086,0.27923,0.16435,0.60138,0.14191,0.021372,168.42,0.059535,0.0080015,0.48939,1.013
3,oxygen-threshold,20,5,1.3562,0.25055,0.27604,0.15478,0.71648,0.055503,0.020431,166.65,0.065687,0.0082034,0.46788,1.004
3,oxygen-threshold,20,10,0.8395,0.17599,0.27392,0.15334,0.71635,0.055549,0.020236,166.44,0.065762,0.0080154,0.46632,0.702
3,oxygen-threshold,20,40,1.041,0.17845,0.26622,0.14751,0.71667,0.055606,0.019612,165.75,0.066838,0.0079781,0.45594,0.702
3,oxygen-threshold,20,80,1.8102,0.24046,0.26314,0.14439,0.71674,0.055657,0.019385,165.74,0.067493,0.0080635,0.45318,0.708
3,line-o,1,0,5.5462,0.32504,0.24815,0.12722,0.71726,0.056097,0.018233,165.11,0.070128,0.0087559,0.41543,0.705
3,line-o,1,2,4.0548,0.32106,0.28557,0.16953,0.71626,0.055529,0.020227,165.53,0.068476,0.007734,0.50774,0.712
3,line-o,1,3,7.3034,0.40493,0.29738,0.18352,0.71607,0.055472,0.020278,165.44,0.071713,0.0076777,0.54004,0.702
3,line-o,1,4,10.01,0.46668,0.30713,0.19442,0.71588,0.055349,0.020289,165.64,0.074297,0.0076797,0.56215,0.695
3,line-h,1,0,5.3443,0.43129,0.24806,0.13509,0.71543,0.055895,0.018065,164.02,0.070466,0.0067292,0.44284,0.696
3,line-h,1,2,4.2894,0.42361,0.28746,0.16538,0.71675,0.055552,0.021003,166.57,0.066507,0.0090018,0.48104,0.698
3,line-h,1,3,7.9458,0.48553,0.3015,0.17759,0.71682,0.055662,0.021643,166.74,0.067931,0.0098767,0.49425,0.701
3,line-h,1,4,11.158,0.52573,0.31356,0.18808,0.71701,0.055627,0.022016,166.75,0.069479,0.010601,0.50374,0.712
3,line-s,0.5,0,2.3723,0.29596,0.26069,0.14322,0.7162,0.055766,0.019216,165.65,0.067384,0.0075393,0.45225,0.702
3,line-s,0.5,1,2.0938,0.29124,0.27873,0.15857,0.71682,0.055432,0.020399,166.08,0.066271,0.0083462,0.4737,0.708
3,line-s,0.5,2,5.6989,0.37737,0.29254,0.17195,0.71699,0.055416,0.020967,165.91,0.067246,0.0090915,0.49166,0.704
3,line-s,0.5,3,8.7631,0.40965,0.30391,0.18337,0.7175,0.055561,0.021213,165.59,0.068845,0.0097193,0.50531,0.705
3,line-s,0.5,4,11.441,0.43141,0.31363,0.19324,0.71785,0.055537,0.021286,165.28,0.070554,0.010252,0.51568,0.703
3,line-colors,natural,hubble-sho,5.3575,0.40268,0.29066,0.16737,0.71699,0.055795,0.02126,166.78,0.066465,0.0096585,0.48073,0.711
3,line-colors,natural,hoo,0.3959,0.082722,0.26895,0.14925,0.71646,0.055601,0.01986,166.05,0.066452,0.0079671,0.45879,0.703
3,grade,auto,physical,10.864,0.99963,0.27549,0.15024,0.71646,0.05555,0.026882,31.909,0.11807,0.0079863,0.44761,0.705
3,grade-strength,1,0,9.2913,0.82052,0.27439,0.1506,0.71646,0.055562,0.025665,39.337,0.31875,0.0079789,0.44766,0.704
3,grade-strength,1,0.25,7.192,0.7391,0.27313,0.15106,0.71646,0.055562,0.020276,55.221,0.4431,0.0079826,0.45146,0.715
3,grade-strength,1,0.5,4.9928,0.60952,0.27198,0.15133,0.71646,0.055562,0.015444,99.791,0.5051,0.0079754,0.45541,0.701
3,grade-strength,1,0.75,2.6329,0.44045,0.27101,0.15133,0.71646,0.055562,0.013893,148.39,0.18858,0.0079554,0.45936,0.701
3,haze,0.004,0.001,4.2193,0.89247,0.24565,0.16291,0.71677,0.055723,0.017988,156.99,0.0945,0.0089569,0.4949,0.706
3,haze,0.004,0.002,2.7932,0.80787,0.25534,0.15745,0.71668,0.055575,0.018574,161.05,0.07924,0.0084737,0.48369,0.701
3,haze,0.004,0.008,5.2038,0.92989,0.29549,0.14272,0.71617,0.055375,0.023308,171.47,0.055229,0.0072331,0.42754,0.699
3,haze,0.004,0.016,14.359,0.99399,0.33718,0.1315,0.7158,0.054834,0.029875,177,0.045952,0.0062624,0.37383,0.702
3,haze,0.004,0,5.6022,0.93101,0.23351,0.17098,0.71688,0.055822,0.016921,152.51,0.13128,0.0097215,0.5068,0.698
3,shoulder,0.8,0.2,1.111,0.057911,0.26682,0.14024,0.71646,0.055562,0.01992,165.97,0.066553,0.007656,0.40051,0.699
3,shoulder,0.8,0.4,0.18331,0.012804,0.26988,0.14894,0.71646,0.055562,0.019924,165.98,0.066582,0.0078706,0.44549,0.704
3,shoulder,0.8,1.6,0.03037,0.0027794,0.27054,0.15147,0.71646,0.055562,0.019916,165.99,0.066445,0.007942,0.47037,0.703
3,shoulder,0.8,3.2,0.030979,0.0027794,0.27054,0.15147,0.71646,0.055562,0.019916,166,0.066434,0.0079424,0.47196,0.702
3,shoulder,0.8,0,0.030979,0.0027794,0.27054,0.15147,0.71646,0.055562,0.019916,166,0.066434,0.0079424,0.47196,0.704
3,grade-dust,1,0,0.87826,0.13484,0.27049,0.15101,0.71646,0.055562,0.020645,172.29,0.057601,0.0079266,0.463,0.706
3,grade-dust,1,0.25,0.65583,0.12067,0.27045,0.15102,0.71646,0.055562,0.020343,170.84,0.054603,0.0079301,0.463,0.701
3,grade-dust,1,0.5,0.43504,0.10259,0.27043,0.15104,0.71646,0.055562,0.020107,169.29,0.054602,0.0079322,0.46299,0.699
3,grade-dust,1,0.75,0.21619,0.068157,0.27043,0.15105,0.71646,0.055562,0.019971,167.65,0.058742,0.0079329,0.46299,0.706
3,hue-type,auto,single,0,0,0.27045,0.15106,0.71646,0.055562,0.019917,165.99,0.066475,0.0079323,0.46301,0.701
3,hue-type,auto,fan,1.0573,0.16953,0.27052,0.15114,0.71646,0.055562,0.020922,156.73,0.115,0.0079305,0.46301,0.699
3,hue-type,auto,split,6.0338,0.34804,0.27289,0.1519,0.71646,0.055562,0.027827,105.35,0.47474,0.0079225,0.46299,0.707
3,palette-family,auto,warm,24.392,0.99939,0.28441,0.1509,0.71645,0.055562,0.063052,46.987,0.011631,0.0077743,0.4627,0.704
3,palette-family,auto,green,5.9532,0.99115,0.27065,0.15121,0.71646,0.055562,0.029084,122.21,0.02226,0.0079253,0.46296,0.703
3,palette-family,auto,teal,0,0,0.27045,0.15106,0.71646,0.055562,0.019917,165.99,0.066475,0.0079323,0.46301,0.704
3,palette-family,auto,blue,5.9513,0.99901,0.2724,0.15149,0.71646,0.05555,0.021933,252.87,0.014265,0.0079411,0.46277,0.704
3,grade-galaxy,0.2,0,1.1999,0.40139,0.27072,0.15109,0.71646,0.055562,0.018354,156.46,0.12442,0.0079227,0.463,0.704
3,grade-galaxy,0.2,0.25,0.30327,0.014526,0.27039,0.15105,0.71646,0.055562,0.020487,167.94,0.058174,0.007934,0.463,0.702
3,grade-galaxy,0.2,0.5,1.8399,0.63241,0.27022,0.15098,0.71646,0.055562,0.023965,175.65,0.038717,0.0079345,0.46302,0.707
3,grade-galaxy,0.2,0.75,3.41,0.83955,0.27027,0.15083,0.71646,0.055562,0.027818,180.85,0.033785,0.0079213,0.46305,0.703
3,grade-galaxy,0.2,1,5.0125,0.87645,0.27062,0.15059,0.71646,0.055562,0.031507,184.47,0.031717,0.0078892,0.46305,0.703
3,grade-stars,0.6,0,0.24926,0.051789,0.27052,0.15111,0.71646,0.055562,0.019346,166.15,0.079357,0.0079681,0.46298,0.707
3,grade-stars,0.6,0.25,0.14647,0.026182,0.27049,0.15109,0.71646,0.055562,0.019556,166.09,0.072657,0.0079526,0.46299,0.699
3,grade-stars,0.6,0.5,0.042406,0.0029307,0.27046,0.15107,0.71646,0.055562,0.019806,166.02,0.067888,0.0079381,0.46299,0.701
3,grade-stars,0.6,0.75,0.063917,0.0074986,0.27043,0.15104,0.71646,0.055562,0.020094,165.94,0.06482,0.0079241,0.46299,0.705
3,grade-stars,0.6,1,0.17121,0.032387,0.2704,0.15102,0.71646,0.055562,0.020408,165.86,0.063002,0.0079111,0.46299,0.700
3,reflection,0.2,0.05,0.1698,0.014947,0.26973,0.15058,0.71651,0.055588,0.019876,166,0.06651,0.0079457,0.46228,0.700
3,reflection,0.2,0.1,0.11297,0.0065552,0.26997,0.15074,0.71647,0.055588,0.01989,165.99,0.066498,0.0079408,0.4625,0.699
3,reflection,0.2,0.4,0.22304,0.022557,0.27137,0.15172,0.71643,0.055521,0.019967,165.99,0.066422,0.0079208,0.46398,0.709
3,reflection,0.2,0.8,0.65821,0.12883,0.27315,0.15307,0.7165,0.055473,0.020056,165.99,0.066297,0.0079093,0.46609,0.705
3,reflection,0.2,0,0.22692,0.023256,0.26948,0.15043,0.71651,0.055596,0.019861,166,0.066521,0.0079511,0.46205,0.697
3,anisotropy,0.5,-0.9,0.22224,0.029449,0.27018,0.15085,0.71652,0.055566,0.019921,166.08,0.066324,0.0079283,0.46311,0.702
3,anisotropy,0.5,-0.45,0.37092,0.047072,0.27154,0.15181,0.7164,0.055535,0.019997,166.1,0.066093,0.0078922,0.46395,0.698
3,anisotropy,0.5,0,0.25851,0.024886,0.27126,0.15156,0.71642,0.055529,0.019976,166.05,0.066306,0.007909,0.46337,0.701
3,anisotropy,0.5,0.45,0.024819,0.00015801,0.27052,0.1511,0.71645,0.05555,0.019923,166,0.066464,0.0079303,0.463,0.701
3,anisotropy,0.5,0.9,0.18304,0.011488,0.26982,0.1508,0.71654,0.05558,0.019869,165.98,0.066546,0.0079539,0.46326,0.704
3,ion-opacity,8,2,6.1565,0.44543,0.24757,0.12959,0.71667,0.055862,0.018159,164.55,0.070418,0.0072154,0.42259,0.999
3,ion-opacity,8,4,3.2392,0.38333,0.25935,0.14064,0.71664,0.055777,0.019117,165.43,0.06816,0.0075956,0.44506,1.005
3,ion-opacity,8,16,3.6122,0.40766,0.28109,0.16084,0.71641,0.055715,0.020587,166.35,0.066335,0.0081737,0.47702,1.004
3,ion-opacity,8,32,7.539,0.53295,0.29218,0.17129,0.71586,0.055658,0.021137,166.77,0.068681,0.0083452,0.49174,1.002
3,dust-opacity,6,1.5,1.1003,0.12821,0.27491,0.15303,0.73879,0.028682,0.020068,167.09,0.062353,0.0077427,0.46045,1.005
3,dust-opacity,6,3,0.62259,0.091389,0.273,0.1521,0.72963,0.040742,0.020004,166.53,0.064911,0.0078286,0.46158,0.997
3,dust-opacity,6,12,0.71963,0.11233,0.26736,0.15008,0.69886,0.071166,0.019791,165.65,0.065915,0.0080389,0.46465,1.003
3,dust-opacity,6,24,1.5042,0.18954,0.26397,0.14911,0.67603,0.088512,0.019701,165.45,0.064108,0.008116,0.46648,1.004
3,dust-opacity,6,0,1.8116,0.15659,0.27766,0.15479,0.75111,0.016428,0.020199,168.19,0.057573,0.0076211,0.4588,0.997
3,rim-shadow,2,0,2.3196,0.24464,0.27924,0.16142,0.71685,0.055825,0.020221,165.8,0.067028,0.0079659,0.48579,0.971
3,rim-shadow,2,1.5,0.37401,0.068585,0.27188,0.1527,0.71647,0.055626,0.019982,165.98,0.066522,0.0079235,0.46639,0.697
3,rim-shadow,2,3,0.58938,0.11565,0.26817,0.14848,0.71643,0.055508,0.019804,166,0.066412,0.0079534,0.45763,0.700
3,rim-shadow,2,4.5,1.2527,0.20902,0.26559,0.14556,0.71651,0.055588,0.019665,166.01,0.06642,0.0079846,0.45151,0.697
3,rim-shadow,2,6,1.7732,0.24852,0.26356,0.14324,0.71649,0.055548,0.019549,166.02,0.066575,0.0080073,0.44664,0.695
3,star-brightness,0.55,0.1375,1.5267,0.18045,0.26417,0.14845,0.71646,0.055562,0.019762,166.13,0.068674,0.0050094,0.46236,0.699
3,star-brightness,0.55,0.275,0.98268,0.12623,0.26643,0.14926,0.71646,0.055562,0.019816,166.08,0.067798,0.006089,0.4619,0.704
3,star-brightness,0.55,1.1,1.7196,0.22401,0.27736,0.15476,0.71646,0.055562,0.020095,165.82,0.064624,0.010936,0.46873,0.697
3,star-brightness,0.55,2.2,4.6213,0.41374,0.2888,0.16177,0.71646,0.055562,0.020382,165.52,0.062294,0.015557,0.48499,0.701
3,star-brightness,0.55,0,2.1257,0.22137,0.26161,0.14792,0.71646,0.055562,0.019716,166.16,0.069914,0.0037594,0.46415,0.702
3,star-count,30000,7500,1.5841,0.16469,0.26386,0.14883,0.71646,0.055562,0.019764,166.15,0.068992,0.0049733,0.46511,0.373
3,star-count,30000,15000,1.0451,0.10661,0.2661,0.14965,0.71646,0.055562,0.019817,166.1,0.068125,0.0060726,0.4645,0.481
3,star-count,30000,60000,2.0473,0.21298,0.2789,0.15392,0.71646,0.055562,0.020118,165.81,0.063736,0.011026,0.46338,1.129
3,star-count,30000,120000,6.1069,0.53031,0.2954,0.15994,0.71646,0.055562,0.020501,165.51,0.059764,0.015993,0.46782,2.001
3,star-reach,1.5,0.375,3.1528,0.30452,0.27129,0.14904,0.71646,0.055562,0.019872,166.15,0.067242,0.0082138,0.46249,0.533
3,star-reach,1.5,0.75,2.5846,0.25012,0.26989,0.14982,0.71646,0.055562,0.019867,166.07,0.066947,0.0076361,0.45977,0.601
3,star-reach,1.5,3,3.1274,0.26998,0.27085,0.15325,0.71646,0.055562,0.019944,165.98,0.066265,0.0081098,0.47219,1.298
3,star-reach,1.5,6,3.0016,0.259,0.26799,0.15329,0.71646,0.055562,0.019862,166.09,0.066306,0.0067514,0.47271,2.904
3,nebula-scale,0.08,0.02,0.03365,0.0017111,0.27032,0.1509,0.71646,0.055562,0.019918,165.98,0.066472,0.0078762,0.4622,0.701
3,nebula-scale,0.08,0.04,0.022578,0.0013119,0.27036,0.15094,0.71646,0.055562,0.019918,165.99,0.066457,0.0078975,0.46234,0.700
3,nebula-scale,0.08,0.16,0.045392,0.0037321,0.27061,0.15128,0.71646,0.055562,0.019914,166,0.066463,0.0080003,0.46533,0.700
3,nebula-scale,0.08,0.32,0.1182,0.010411,0.27088,0.15157,0.71646,0.055562,0.019909,166.03,0.06636,0.0081072,0.46631,0.699
3,cluster-stars,1,0.25,0.0015426,0.00021461,0.27044,0.15104,0.71646,0.055562,0.019918,165.99,0.066486,0.0079311,0.46278,0.699
3,cluster-stars,1,0.5,0.00098134,0.00015798,0.27044,0.15105,0.71646,0.055562,0.019917,165.99,0.066481,0.0079316,0.46286,0.698
3,cluster-stars,1,2,0.0014826,0.000256,0.27045,0.15107,0.71646,0.055562,0.019917,165.99,0.066467,0.0079329,0.46331,0.698
3,cluster-stars,1,4,0.0040097,0.00049508,0.27046,0.1511,0.71646,0.055562,0.019917,165.99,0.066461,0.0079343,0.46392,0.698
3,cluster-stars,1,0,0.0021291,0.00028046,0.27044,0.15104,0.71646,0.055562,0.019918,165.99,0.066493,0.0079307,0.46271,0.699
3,young,40,0,0.00057474,3.8154e-05,0.27044,0.15105,0.71646,0.055562,0.019918,165.99,0.066483,0.0079325,0.46297,0.697
3,young,40,125,0.00099431,8.5868e-05,0.27045,0.15107,0.71646,0.055562,0.019917,165.99,0.066464,0.0079319,0.46305,0.698
3,young,40,250,0.0023588,0.00036186,0.27045,0.15108,0.71646,0.055562,0.019917,165.99,0.066447,0.0079311,0.46314,0.706
3,young,40,375,0.0036779,0.00066572,0.27046,0.15109,0.71646,0.055562,0.019916,166,0.066432,0.007931,0.46321,0.707
3,young,40,500,0.005138,0.0011365,0.27046,0.1511,0.71646,0.055562,0.019916,166,0.066414,0.0079299,0.46329,0.704
3,star-halo,0.1,0,0.063067,0.0030116,0.2705,0.1511,0.71646,0.055562,0.01992,165.99,0.066477,0.007957,0.46307,0.698
3,star-halo,0.1,0.25,0.09577,0.0067792,0.27036,0.15101,0.71646,0.055562,0.019914,166,0.066474,0.0079174,0.46289,0.697
3,star-halo,0.1,0.5,0.25612,0.028255,0.27023,0.15095,0.71646,0.055562,0.019908,166.01,0.06648,0.0079391,0.46279,0.701
3,star-halo,0.1,0.75,0.4182,0.050173,0.27009,0.15089,0.71646,0.055562,0.019903,166.02,0.066495,0.0080057,0.46279,0.702
3,star-halo,0.1,1,0.5819,0.071081,0.26994,0.15085,0.71646,0.055562,0.019897,166.03,0.066527,0.0081134,0.4628,0.702
3,star-halo-deg,0.4,0.1,0.17564,0.014816,0.27033,0.1511,0.71646,0.055562,0.019917,165.99,0.066579,0.008271,0.46339,0.702
3,star-halo-deg,0.4,0.2,0.096818,0.0072587,0.2704,0.1511,0.71646,0.055562,0.019918,165.99,0.066531,0.0081405,0.46332,0.706
3,star-halo-deg,0.4,0.8,0.085228,0.0063798,0.27041,0.15096,0.71646,0.055562,0.019914,166,0.06643,0.0076951,0.46261,0.703
3,star-halo-deg,0.4,1.6,0.13949,0.01308,0.27025,0.15085,0.71646,0.055562,0.019908,166.01,0.066437,0.0075785,0.46242,0.700
3,spike,0,0.125,0.0019809,0.00036377,0.27045,0.15107,0.71646,0.055562,0.019917,165.99,0.06646,0.0079317,0.46292,0.701
3,spike,0,0.25,0.0038518,0.00049141,0.27046,0.15108,0.71646,0.055562,0.019917,166,0.066449,0.0079323,0.46287,0.702
3,spike,0,0.375,0.0056252,0.00058047,0.27046,0.15109,0.71646,0.055562,0.019917,166,0.066442,0.0079336,0.46281,0.702
3,spike,0,0.5,0.0073151,0.00063696,0.27047,0.1511,0.71646,0.055562,0.019917,166,0.066438,0.007935,0.46275,0.701
3,spike-flux,5000,1250,0.001508,5.3156e-05,0.27045,0.15106,0.71646,0.055562,0.019917,165.99,0.066471,0.0079315,0.46298,0.704
3,spike-flux,5000,2500,0.00053982,6.9494e-06,0.27045,0.15106,0.71646,0.055562,0.019917,165.99,0.066474,0.0079322,0.463,0.706
3,spike-flux,5000,10000,0.00022838,0,0.27044,0.15106,0.71646,0.055562,0.019917,165.99,0.066478,0.0079324,0.46301,0.705
3,spike-flux,5000,20000,0.00022838,0,0.27044,0.15106,0.71646,0.055562,0.019917,165.99,0.066478,0.0079324,0.46301,0.702
3,nebula,on,off,14.132,0.50197,0.21747,0.1082,1,0,0.012314,155.66,0.070505,0.0066386,0.39173,0.572
3,galaxy-style,barred-spiral,grand-design,5.4544,0.67181,0.2864,0.15026,0.71638,0.055751,0.019477,163.97,0.066624,0.007844,0.44089,0.627
3,galaxy-style,barred-spiral,flocculent,4.0848,0.5323,0.2639,0.15443,0.71647,0.055498,0.020589,168.17,0.063412,0.0077087,0.47155,0.653
3,galaxy-radius,3.5,0,108.14,0.98889,0.67151,0.11061,0.71902,0.061295,0.027169,95.525,0.031639,0.0049441,0.16763,0.566
3,galaxy-radius,3.5,2,39.079,0.96907,0.42579,0.13358,0.717,0.057927,0.021056,139.03,0.08468,0.0060467,0.29332,0.725
3,galaxy-radius,3.5,4,8.3666,0.79947,0.23536,0.15865,0.71644,0.055287,0.021026,172,0.057821,0.008486,0.50197,0.648
3,galaxy-radius,3.5,6,15.54,0.92948,0.18771,0.17046,0.7166,0.055029,0.021782,178.59,0.048434,0.013306,0.56967,0.496
3,galaxy-radius,3.5,8,16.273,0.92997,0.18454,0.16894,0.7166,0.054954,0.021925,179.36,0.044694,0.013552,0.57455,0.497
3,galaxy-height,0.03,-5,19.73,0.90379,0.22426,0.18153,0.71685,0.05531,0.021525,174.3,0.068247,0.01055,0.50583,0.549
3,galaxy-height,0.03,-2.5,18.567,0.91288,0.23435,0.18192,0.71661,0.055471,0.020696,171.9,0.073869,0.0090168,0.49653,1.129
3,galaxy-height,0.03,0,1.8548,0.19441,0.27063,0.15189,0.71642,0.055572,0.019935,166.03,0.066555,0.0078609,0.46548,0.715
3,galaxy-height,0.03,2.5,17.799,0.92604,0.22567,0.1762,0.71638,0.056111,0.020753,173.26,0.072468,0.0097445,0.53492,0.986
3,galaxy-height,0.03,5,18.988,0.93015,0.21177,0.1771,0.71648,0.056098,0.021173,175.06,0.068958,0.010885,0.54678,0.552
3,galaxy-glow,1.5,0.375,11.259,0.92648,0.21195,0.16028,0.71646,0.055082,0.022039,175.91,0.043519,0.010266,0.53651,0.701
3,galaxy-glow,1.5,0.75,7.295,0.90418,0.23573,0.15407,0.71641,0.055095,0.021528,172.77,0.04869,0.0090618,0.50471,0.698
3,galaxy-glow,1.5,3,12.205,0.93787,0.32131,0.15361,0.71642,0.056244,0.019494,155.42,0.092118,0.0068695,0.42297,0.697
3,galaxy-glow,1.5,6,30.879,0.96896,0.3943,0.16065,0.71697,0.057568,0.020098,142.09,0.11143,0.0058553,0.39318,0.704
3,galaxy-glow,1.5,0,15.227,0.93877,0.18042,0.17143,0.71658,0.054947,0.021385,180.22,0.041192,0.01279,0.5783,0.703
3,galaxy-dust,1,0.25,2.226,0.25469,0.27889,0.1578,0.7165,0.055659,0.019736,166.67,0.066022,0.0079672,0.47188,0.699
3,galaxy-dust,1,0.5,1.4212,0.15573,0.2759,0.15505,0.71645,0.055647,0.019822,166.32,0.066688,0.0079639,0.4665,0.696
3,galaxy-dust,1,2,2.3083,0.29529,0.26119,0.14664,0.71638,0.055483,0.020029,165.89,0.065769,0.0077668,0.46832,0.702
3,galaxy-dust,1,4,5.6229,0.5697,0.2471,0.144,0.71638,0.055328,0.020173,166.55,0.062404,0.0073887,0.48601,0.702
3,galaxy-dust,1,0,3.108,0.32058,0.28208,0.16125,0.7165,0.055628,0.019593,167.24,0.063007,0.0079947,0.48153,0.701
3,galaxy-warp,1,0,0.10452,0.0013097,0.27046,0.15107,0.71646,0.055562,0.019915,165.99,0.066388,0.0079348,0.46293,0.700
3,galaxy-warp,1,1.25,0.037321,0.0018564,0.27044,0.15106,0.71646,0.055562,0.019918,165.99,0.066501,0.0079286,0.46302,0.705
3,galaxy-warp,1,2.5,0.17351,0.0037996,0.27043,0.15105,0.71646,0.055562,0.019921,165.99,0.06662,0.0079282,0.46298,0.704
3,galaxy-warp,1,3.75,0.33299,0.02455,0.27041,0.15103,0.71646,0.055562,0.019924,166,0.066737,0.0079229,0.463,0.700
3,galaxy-warp,1,5,0.45974,0.080066,0.27042,0.15102,0.71645,0.055562,0.019928,166,0.066839,0.0079226,0.46302,0.703
3,galaxy-waves,1,0,2.7447,0.38906,0.26994,0.15147,0.71642,0.055566,0.019945,166.06,0.066244,0.0078643,0.46118,0.692
3,galaxy-waves,1,1.25,1.1044,0.097111,0.27073,0.15163,0.71648,0.055565,0.019917,166.02,0.066907,0.0079901,0.46828,0.708
3,galaxy-waves,1,2.5,3.5604,0.52496,0.27099,0.15186,0.71656,0.055517,0.019985,166.08,0.068866,0.007804,0.46335,0.722
3,galaxy-waves,1,3.75,5.3097,0.68892,0.27152,0.15304,0.71656,0.055529,0.020077,166.17,0.070178,0.0078938,0.4653,0.733
3,galaxy-waves,1,5,6.7112,0.75815,0.27093,0.15376,0.71654,0.055468,0.02014,166.31,0.070845,0.0077188,0.46631,0.733
3,external-galaxies,4,0,0.00070087,7.1197e-05,0.27044,0.15106,0.71646,0.055562,0.019917,165.99,0.066473,0.007932,0.46302,0.700
3,external-galaxies,4,2,0.00037948,5.4647e-05,0.27044,0.15106,0.71646,0.055562,0.019917,165.99,0.066475,0.0079322,0.46301,0.703
3,external-galaxies,4,6,0.00029844,4.6958e-05,0.27045,0.15106,0.71646,0.055562,0.019917,165.99,0.066476,0.0079327,0.46301,0.704
3,external-galaxies,4,8,0.00040279,4.6958e-05,0.27045,0.15106,0.71646,0.055562,0.019917,165.99,0.066476,0.0079326,0.46301,0.701
3,galaxy-res,512,64,0.068494,0.0092294,0.2705,0.15104,0.71641,0.05555,0.019917,165.97,0.066459,0.0078737,0.4623,0.592
3,galaxy-res,512,560,0.0013854,1.655e-05,0.27044,0.15106,0.71646,0.055562,0.019917,165.99,0.066473,0.0079331,0.463,0.714
3,galaxy-res,512,1056,0.0021447,1.655e-05,0.27044,0.15106,0.71646,0.055562,0.019917,165.99,0.066474,0.007934,0.46301,0.942
3,galaxy-res,512,1552,0.0022996,1.655e-05,0.27044,0.15106,0.71646,0.055562,0.019917,165.99,0.066474,0.0079342,0.46301,1.357
3,galaxy-res,512,2048,0.0022457,1.655e-05,0.27044,0.15106,0.71646,0.055562,0.019917,165.99,0.066473,0.0079342,0.46301,1.927
3,exposure,0.18,0.045,25.397,0.99873,0.14598,0.095251,0.71559,0.054702,0.017366,175.4,0.046917,0.0046286,0.38205,0.703
3,exposure,0.18,0.09,15.576,0.99793,0.20024,0.11961,0.71614,0.055304,0.019247,172.75,0.050287,0.0060423,0.43471,0.698
3,exposure,0.18,0.36,22.502,0.99938,0.35989,0.18259,0.71675,0.055682,0.020832,156.89,0.089529,0.010047,0.46611,0.699
3,exposure,0.18,0.72,51.897,0.99985,0.46921,0.20161,0.71692,0.055815,0.021064,147.02,0.10772,0.011651,0.43373,0.699
3,denoise,0.35,0.0875,0.82551,0.17975,0.26969,0.15134,0.72193,0.059873,0.019878,165.87,0.068183,0.0095268,0.46552,0.698
3,denoise,0.35,0.175,0.56321,0.12031,0.26989,0.15127,0.71948,0.057665,0.019881,165.92,0.067472,0.0090482,0.4649,0.700
3,denoise,0.35,0.7,0.67433,0.11922,0.27129,0.15072,0.71444,0.053635,0.019985,166.06,0.065394,0.0066303,0.46,0.700
3,denoise,0.35,1.4,1.018,0.15279,0.2717,0.15059,0.71364,0.052807,0.020019,166.1,0.064907,0.0061028,0.45851,0.697
3,denoise,0.35,0,1.0054,0.2098,0.26969,0.15145,0.72714,0.064555,0.019907,165.8,0.069608,0.0099031,0.46585,0.694
3,supersample,2,1,0.7245,0.11358,0.26993,0.15134,0.71804,0.056318,0.019855,165.97,0.066684,0.0086106,0.465,0.605
3,step-frac,0.15,0.0375,0.53342,0.10191,0.26866,0.14966,0.71928,0.05588,0.01979,165.93,0.066299,0.0078491,0.46081,0.924
3,step-frac,0.15,0.075,0.39607,0.06285,0.26931,0.15017,0.71807,0.055828,0.019837,165.95,0.066383,0.0078809,0.46164,0.773
3,step-frac,0.15,0.3,0.88102,0.15452,0.27218,0.15267,0.71587,0.053305,0.020017,166.18,0.065896,0.0080841,0.46521,0.658
3,step-frac,0.15,0.6,2.0313,0.29065,0.27329,0.15437,0.72861,0.039104,0.019927,166.74,0.061592,0.0089398,0.46589,0.623
3,max-steps,600,50,3.2191,0.20997,0.26664,0.14401,0.8415,0.017777,0.01905,166.97,0.069842,0.0077428,0.43548,0.658
3,max-steps,600,1038,0,0,0.27045,0.15106,0.71646,0.055562,0.019917,165.99,0.066475,0.0079323,0.46301,0.702
3,max-steps,600,2025,0,0,0.27045,0.15106,0.71646,0.055562,0.019917,165.99,0.066475,0.0079323,0.46301,0.701
3,max-steps,600,3013,0,0,0.27045,0.15106,0.71646,0.055562,0.019917,165.99,0.066475,0.0079323,0.46301,0.702
3,max-steps,600,4000,0,0,0.27045,0.15106,0.71646,0.055562,0.019917,165.99,0.066475,0.0079323,0.46301,0.701
3,light-res,96,16,5.2941,0.30395,0.25211,0.13351,0.71621,0.056044,0.018816,165.45,0.071314,0.0073242,0.42602,0.731
3,light-res,96,76,0.52965,0.073411,0.26968,0.15004,0.71645,0.055563,0.019886,165.97,0.066551,0.0078997,0.46019,0.907
3,light-res,96,136,0.4205,0.068287,0.27167,0.15214,0.71656,0.055553,0.019976,165.97,0.066467,0.0079945,0.46481,1.308
3,light-res,96,196,0.58827,0.095918,0.27247,0.15294,0.71656,0.055484,0.020008,165.97,0.066227,0.0080368,0.46598,2.203
3,light-res,96,256,0.67281,0.10541,0.27286,0.15326,0.71657,0.055554,0.020026,165.95,0.066224,0.0080683,0.46641,3.809
3,light-steps,48,8,2.4739,0.20801,0.27975,0.15698,0.71712,0.05526,0.020523,166.07,0.06616,0.0083449,0.46073,0.801
3,light-steps,48,70,0.10365,0.0087891,0.27024,0.15095,0.71644,0.05556,0.019899,165.97,0.066502,0.0079363,0.46298,1.137
3,light-steps,48,132,0.11042,0.010383,0.27016,0.15089,0.71645,0.055559,0.019893,165.99,0.066518,0.0079263,0.4631,1.436
3,light-steps,48,194,0.11432,0.010967,0.27014,0.15088,0.71645,0.055566,0.019891,165.98,0.066521,0.0079262,0.4631,1.772
3,light-steps,48,256,0.11527,0.011179,0.27014,0.15088,0.71645,0.055557,0.019891,165.98,0.06652,0.0079259,0.46308,2.096
5,(default),,,0,0,0.33469,0.18233,0.66498,0.036367,0.069406,51.302,0.041363,0.0080754,0.46828,1.040
5,viewer-offset,0.55,0,31.784,0.88487,0.37979,0.20149,0.61536,0.037903,0.075202,53.951,0.040502,0.0066247,0.43477,1.034
5,viewer-offset,0.55,1,21.616,0.84609,0.29538,0.16432,0.66302,0.032241,0.063872,49.891,0.042147,0.0064711,0.47001,1.082
5,viewer-offset,0.55,2,27.43,0.76923,0.22236,0.13565,0.94555,0.010853,0.046433,47.52,0.040465,0.0066228,0.47634,0.841
5,viewer-offset,0.55,3,26.721,0.75861,0.21544,0.12574,0.97272,0.0041245,0.045088,46.396,0.033272,0.0063961,0.45232,0.822
5,viewer-offset,0.55,4,26.448,0.75756,0.21309,0.12201,0.982,0.001897,0.044656,45.995,0.03044,0.0062186,0.44043,0.817
5,cluster-offset,0.85,0,23.106,0.75109,0.31677,0.173,0.78019,0.024391,0.067213,54.06,0.057398,0.0087922,0.40564,1.022
5,cluster-offset,0.85,0.2375,15.879,0.70341,0.33861,0.18952,0.72377,0.031675,0.067393,54.018,0.054299,0.0087779,0.43082,0.978
5,cluster-offset,0.85,0.475,19.893,0.70642,0.35122,0.21753,0.71149,0.044659,0.061973,53.908,0.055333,0.0076322,0.50702,1.018
5,cluster-offset,0.85,0.7125,9.9031,0.54373,0.35332,0.19747,0.65987,0.042944,0.069081,53.723,0.048576,0.0081303,0.46217,1.061
5,cluster-offset,0.85,0.95,6.9564,0.50868,0.31831,0.17203,0.67087,0.036374,0.068101,50.391,0.039659,0.0074559,0.45591,1.041
5,luminosity,1,0.25,18.067,0.7348,0.25408,0.12919,0.66536,0.03643,0.059025,46.342,0.028429,0.0060204,0.40224,1.041
5,luminosity,1,0.5,10.741,0.68544,0.28849,0.15141,0.6655,0.036401,0.064899,48.129,0.033484,0.0067948,0.43035,1.046
5,luminosity,1,2,15.133,0.76553,0.39296,0.217,0.6646,0.036506,0.070071,55.802,0.052992,0.010221,0.48466,1.042
5,luminosity,1,4,34.732,0.85917,0.46063,0.25101,0.66464,0.036526,0.064869,59.02,0.062639,0.01324,0.44723,1.040
5,clusters,2,1,11.36,0.68551,0.28348,0.16644,0.72914,0.036945,0.060203,49.239,0.037911,0.0065311,0.48845,0.906
5,clusters,2,3,12.375,0.5933,0.36719,0.21362,0.67545,0.036675,0.066872,54.007,0.052848,0.0085252,0.49509,1.127
5,thickness,0.06,0.015,6.3936,0.67565,0.32359,0.18876,0.79551,0.017794,0.065552,51.457,0.042014,0.0076959,0.47377,1.250
5,thickness,0.06,0.03,4.6013,0.60166,0.32925,0.18676,0.7358,0.022335,0.067211,51.462,0.041822,0.0079967,0.47348,1.099
5,thickness,0.06,0.12,11.503,0.69245,0.31143,0.15074,0.5913,0.076643,0.071311,49.292,0.032845,0.0081122,0.39462,1.072
5,thickness,0.06,0.24,23.152,0.80993,0.27216,0.13366,0.50222,0.14415,0.065934,46.816,0.029798,0.0078773,0.4048,1.276
5,fold,0.18,0,11.101,0.7494,0.34032,0.18068,0.66631,0.035214,0.070123,52.246,0.043096,0.0081923,0.44435,1.001
5,fold,0.18,0.25,6.4078,0.6576,0.32825,0.1795,0.66085,0.038131,0.068743,50.669,0.039566,0.008057,0.4752,1.049
5,fold,0.18,0.5,13.946,0.79296,0.31258,0.17046,0.65289,0.043065,0.06762,49.333,0.03377,0.0081335,0.46848,1.112
5,fold,0.18,0.75,16.036,0.84044,0.3059,0.16403,0.64248,0.034971,0.06807,48.346,0.031402,0.0085138,0.45835,1.263
5,fold,0.18,1,18.159,0.86396,0.31413,0.16462,0.61761,0.029845,0.069872,49.407,0.034135,0.0098543,0.45206,1.468
5,fold-scale,1.6,0.4,12.474,0.75493,0.33091,0.16794,0.66462,0.036232,0.071646,52.233,0.041917,0.0080324,0.38619,1.007
5,fold-scale,1.6,0.8,12.163,0.75028,0.33623,0.17849,0.67127,0.035032,0.070063,52.861,0.045285,0.0079426,0.4102,1.006
5,fold-scale,1.6,3.2,12.782,0.78363,0.3281,0.16567,0.66164,0.033783,0.07116,51.461,0.040113,0.0083729,0.40139,1.165
5,fold-scale,1.6,6.4,13.179,0.79673,0.32888,0.16932,0.6452,0.034303,0.070744,51.103,0.039484,0.0097065,0.43595,1.516
5,keep,0.7,0,9.3795,0.68654,0.30601,0.19102,0.91351,0.021268,0.060164,51.525,0.045873,0.0063801,0.47844,0.984
5,keep,0.7,0.25,6.7405,0.53396,0.31968,0.19215,0.81375,0.026169,0.063171,51.84,0.045075,0.0070191,0.4696,1.007
5,keep,0.7,0.5,3.1257,0.22824,0.33478,0.19049,0.7137,0.031005,0.067042,52.291,0.045259,0.0078967,0.46769,1.038
5,keep,0.7,0.75,0.26593,0.039326,0.33561,0.18199,0.65923,0.038,0.069643,51.288,0.041272,0.0081142,0.46827,1.058
5,keep,0.7,1,0.80705,0.088485,0.33847,0.18061,0.65134,0.038616,0.070507,51.232,0.041215,0.0082113,0.46565,1.048
5,hole-scale,1.3,0.325,11.352,0.72326,0.33128,0.19031,0.60913,0.059648,0.068334,52.431,0.043444,0.0079928,0.48248,1.029
5,hole-scale,1.3,0.65,9.1085,0.70532,0.33702,0.1967,0.62158,0.047142,0.067327,52.183,0.046112,0.0077924,0.52441,1.037
5,hole-scale,1.3,2.6,14.235,0.7446,0.33869,0.17889,0.67297,0.042418,0.070895,52.458,0.042445,0.0080606,0.45422,1.054
5,hole-scale,1.3,5.2,13.244,0.75398,0.33822,0.17788,0.63182,0.044594,0.071919,52.111,0.04465,0.0087431,0.45425,1.136
5,outer-sharpness,6,1.5,0.77613,0.19518,0.33743,0.18123,0.63613,0.046719,0.070372,51.234,0.041049,0.0080622,0.46639,1.065
5,outer-sharpness,6,3,0.35285,0.091323,0.33589,0.18186,0.65184,0.041052,0.069832,51.269,0.041236,0.0080678,0.46741,1.052
5,outer-sharpness,6,12,0.2718,0.067014,0.33379,0.18268,0.67586,0.03328,0.069087,51.327,0.041433,0.0080695,0.46899,1.035
5,outer-sharpness,6,24,0.47414,0.12079,0.3331,0.18296,0.68407,0.031661,0.068845,51.345,0.041472,0.0080605,0.4695,1.032
5,detail-scale,5,1.25,9.7377,0.72744,0.32874,0.17865,0.695,0.032526,0.069748,51.998,0.045726,0.0063554,0.44136,1.052
5,detail-scale,5,2.5,9.5638,0.6581,0.32341,0.18775,0.69415,0.031684,0.065984,51.817,0.043497,0.0069046,0.46876,1.061
5,detail-scale,5,10,9.5195,0.75164,0.3384,0.18034,0.66977,0.037224,0.070463,51.489,0.040354,0.0091114,0.4537,1.034
5,detail-scale,5,20,8.7375,0.77657,0.34471,0.17939,0.65659,0.038281,0.071974,51.381,0.039295,0.009749,0.45233,1.033
5,detail-gain,0.55,0.2,3.6718,0.51087,0.3469,0.18259,0.63726,0.035896,0.071966,52.033,0.042054,0.0075606,0.45713,1.045
5,detail-gain,0.55,0.375,1.9482,0.39525,0.34114,0.18254,0.64979,0.036026,0.07075,51.685,0.041807,0.0077959,0.46279,1.044
5,detail-gain,0.55,0.725,2.1907,0.4398,0.3271,0.18197,0.68439,0.036741,0.067853,50.821,0.040647,0.0081381,0.47352,1.044
5,detail-gain,0.55,0.9,4.5253,0.56236,0.31815,0.18185,0.70485,0.037095,0.065966,50.327,0.039938,0.0077422,0.47719,1.042
5,erosion,0.65,0,13.366,0.86755,0.40014,0.1734,0.52093,0.039556,0.082797,54.292,0.041356,0.0054077,0.41685,1.046
5,erosion,0.65,0.25,2.4991,0.41016,0.34624,0.18298,0.61214,0.038034,0.071759,51.768,0.041364,0.0075701,0.46065,1.040
5,erosion,0.65,0.5,0.62545,0.1684,0.3375,0.18256,0.6502,0.037005,0.069985,51.404,0.041348,0.0079648,0.46656,1.044
5,erosion,0.65,0.75,0.3183,0.090304,0.33329,0.18218,0.67301,0.036106,0.069122,51.256,0.041384,0.0081267,0.46902,1.051
5,erosion,0.65,1,1.1936,0.21688,0.32973,0.18184,0.70073,0.028958,0.068363,51.185,0.041381,0.0082136,0.47118,1.048
5,filament,0.5,0,5.4849,0.59094,0.35002,0.18212,0.63461,0.035954,0.072945,51.938,0.042267,0.0077732,0.45623,1.045
5,filament,0.5,0.25,3.1112,0.47065,0.34086,0.18212,0.65383,0.035401,0.070932,51.532,0.041853,0.0079214,0.4638,1.037
5,filament,0.5,0.75,3.3717,0.52212,0.3379,0.18204,0.66655,0.037748,0.069805,51.646,0.04148,0.0084979,0.46324,1.046
5,filament,0.5,1,6.43,0.65817,0.34611,0.18176,0.65235,0.039255,0.071301,52.149,0.041833,0.0086596,0.45452,1.046
5,contrast,1.5,0,10.205,0.70964,0.34941,0.1753,0.55809,0.055443,0.075239,52.324,0.038895,0.0078039,0.42124,1.054
5,contrast,1.5,0.75,4.755,0.60197,0.3446,0.17858,0.59775,0.045327,0.072995,51.868,0.040006,0.0079798,0.44211,1.068
5,contrast,1.5,2.25,3.8497,0.54557,0.32212,0.18369,0.73301,0.029516,0.066067,50.753,0.041008,0.0081594,0.48059,1.034
5,contrast,1.5,3,7.4505,0.62882,0.30692,0.179,0.7981,0.025787,0.063616,49.982,0.038915,0.0082408,0.4767,1.022
5,pillars,9,0,3.303,0.11576,0.33751,0.18722,0.67339,0.036414,0.068414,51.992,0.044247,0.0078326,0.46996,0.944
5,pillars,9,14,2.4344,0.11584,0.32796,0.17987,0.66284,0.039349,0.068604,50.876,0.04177,0.0079426,0.4739,1.099
5,pillars,9,28,3.0472,0.14684,0.32552,0.17803,0.65082,0.053604,0.068514,50.618,0.041364,0.0079905,0.47299,1.236
5,pillars,9,42,3.8858,0.17508,0.32198,0.17776,0.64974,0.058935,0.067917,50.556,0.041793,0.0079077,0.47549,1.380
5,pillars,9,56,5.2632,0.23995,0.31388,0.17534,0.67517,0.049892,0.066589,50.3,0.041397,0.007132,0.47769,1.419
5,pillar-length,0.3,0.075,1.831,0.065449,0.33773,0.18735,0.67027,0.034685,0.068444,51.998,0.044321,0.0078984,0.47075,1.027
5,pillar-length,0.3,0.15,1.7458,0.061943,0.33791,0.18741,0.66868,0.034892,0.068522,52.006,0.044231,0.0079234,0.47074,1.034
5,pillar-length,0.3,0.6,1.107,0.078513,0.33018,0.1803,0.66477,0.036819,0.068668,50.885,0.041213,0.0081244,0.47738,1.067
5,pillar-length,0.3,0.8,1.1114,0.078555,0.33016,0.18028,0.66477,0.036826,0.068666,50.884,0.041211,0.0081223,0.47737,1.050
5,pillar-width,0.045,0.01125,1.6279,0.070218,0.33732,0.18654,0.67171,0.034066,0.068626,51.969,0.043922,0.0079672,0.4687,1.039
5,pillar-width,0.045,0.0225,1.2146,0.070105,0.33684,0.18531,0.67048,0.034453,0.068955,51.876,0.043023,0.0080369,0.46588,1.043
5,pillar-width,0.045,0.09,3.3857,0.17013,0.32645,0.17859,0.65257,0.040359,0.068333,50.663,0.040512,0.0079976,0.47961,1.044
5,pillar-width,0.045,0.18,12.262,0.62353,0.29489,0.16363,0.63061,0.052902,0.064957,48.908,0.036511,0.007123,0.46298,1.080
5,pillar-density,2.5,0.625,0.70436,0.061927,0.33538,0.18324,0.67036,0.034264,0.069202,51.515,0.041724,0.0079383,0.46687,1.046
5,pillar-density,2.5,1.25,0.35215,0.05467,0.33489,0.18251,0.66894,0.035338,0.069341,51.348,0.041313,0.0080096,0.46752,1.044
5,pillar-density,2.5,5,0.36036,0.063499,0.33458,0.18227,0.6596,0.037134,0.06946,51.308,0.041586,0.0081048,0.46871,1.041
5,pillar-density,2.5,10,0.79711,0.076616,0.33461,0.18233,0.65233,0.037735,0.069526,51.326,0.041835,0.0081131,0.46942,1.043
5,clouds,4,0,2.531,0.090686,0.32506,0.17934,0.69747,0.023843,0.068066,50.876,0.0406,0.0071454,0.47383,0.935
5,clouds,4,3,0.26804,0.015493,0.33366,0.18256,0.67172,0.0352,0.06916,51.296,0.041515,0.0078779,0.46977,1.018
5,clouds,4,6,0.56199,0.026686,0.33443,0.18223,0.662,0.042984,0.069474,51.084,0.040717,0.0083105,0.46926,1.093
5,clouds,4,9,2.5264,0.083988,0.32907,0.17397,0.65356,0.055682,0.070418,50.957,0.040081,0.0084851,0.43554,1.174
5,clouds,4,12,3.8937,0.11217,0.3254,0.16943,0.64812,0.062586,0.070856,50.65,0.038637,0.0086876,0.4216,1.241
5,cloud-length,0.15,0.0375,3.3957,0.10256,0.33304,0.18353,0.67585,0.029883,0.068937,51.362,0.041952,0.0078836,0.47101,1.038
5,cloud-length,0.15,0.075,2.7245,0.088428,0.33319,0.18252,0.6721,0.032649,0.06919,51.372,0.041788,0.007902,0.4671,1.039
5,cloud-length,0.15,0.3,2.7877,0.10061,0.33552,0.17989,0.659,0.039667,0.069922,51.364,0.041418,0.0083647,0.46186,1.064
5,cloud-length,0.15,0.6,3.1645,0.12263,0.33577,0.17858,0.65759,0.038551,0.070153,51.419,0.041183,0.0088618,0.45971,1.049
5,cloud-width,0.022,0.0055,2.4797,0.088296,0.32675,0.17955,0.69169,0.024071,0.068382,50.927,0.040612,0.0075749,0.47191,1.045
5,cloud-width,0.022,0.011,2.3904,0.081288,0.32931,0.18037,0.68379,0.025881,0.068711,51.105,0.040803,0.0079087,0.46889,1.043
5,cloud-width,0.022,0.044,4.2377,0.13148,0.33479,0.18207,0.66064,0.044459,0.069005,51.626,0.041699,0.0082395,0.46637,1.021
5,cloud-width,0.022,0.088,6.8911,0.23254,0.34109,0.1868,0.64082,0.067973,0.069087,52.233,0.043646,0.0077056,0.46927,1.032
5,cloud-distance,0.35,0.0875,3.5661,0.12483,0.33396,0.17667,0.66151,0.032656,0.069695,51.648,0.041407,0.0073682,0.46279,0.966
5,cloud-distance,0.35,0.175,4.3016,0.14941,0.33751,0.17992,0.65544,0.039986,0.070007,51.632,0.041246,0.0080998,0.46067,1.022
5,cloud-distance,0.35,0.7,2.7717,0.11539,0.32539,0.17869,0.68754,0.026213,0.068297,50.858,0.040125,0.0075333,0.47085,1.017
5,cloud-distance,0.35,1.4,2.7692,0.11322,0.32537,0.1787,0.68785,0.026111,0.068292,50.843,0.040148,0.0075414,0.4712,1.011
5,cloud-density,3,0.75,1.219,0.06263,0.33103,0.17987,0.67273,0.025827,0.06941,51.053,0.040533,0.0074666,0.46511,1.051
5,cloud-density,3,1.5,0.5598,0.044519,0.33353,0.18115,0.66696,0.029734,0.069485,51.25,0.041117,0.007829,0.46542,1.038
5,cloud-density,3,6,0.51357,0.04286,0.33492,0.18288,0.6633,0.041471,0.069343,51.266,0.041458,0.0082171,0.47119,1.042
5,cloud-density,3,12,1.064,0.052428,0.33422,0.18312,0.66158,0.045351,0.069188,51.2,0.041661,0.0083133,0.47403,1.038
5,hardness,0.5,0,5.4785,0.58373,0.311,0.18287,0.71503,0.037985,0.064104,50.149,0.04039,0.0066699,0.48259,1.051
5,hardness,0.5,0.25,2.4836,0.46101,0.32332,0.18313,0.6876,0.037107,0.066829,50.742,0.040903,0.0076332,0.47793,1.051
5,hardness,0.5,0.75,1.6434,0.40418,0.34239,0.18165,0.65008,0.036077,0.071101,51.686,0.041667,0.0081811,0.46171,1.044
5,hardness,0.5,1,2.7406,0.52284,0.34759,0.18116,0.64005,0.035896,0.072224,51.944,0.041879,0.0082241,0.45733,1.065
5,dust-style,lanes,vein,0.97472,0.19076,0.33839,0.18208,0.68014,0.026732,0.07016,51.572,0.041653,0.0078236,0.46374,1.045
5,dust-style,lanes,physical,3.0662,0.34167,0.33483,0.18259,0.70524,0.037373,0.069673,51.657,0.04327,0.0075456,0.46443,1.031
5,dust,0.6,0,1.8928,0.23704,0.34275,0.18436,0.74757,0.014866,0.070459,52.15,0.043212,0.0079917,0.45955,1.032
5,dust,0.6,0.25,1.6582,0.21943,0.34237,0.18346,0.7025,0.022597,0.070647,51.996,0.042663,0.0079575,0.46009,1.043
5,dust,0.6,0.5,0.35321,0.09115,0.33629,0.18251,0.67382,0.030492,0.069654,51.471,0.041666,0.0080462,0.46656,1.046
5,dust,0.6,0.75,0.43566,0.11372,0.33276,0.18212,0.65348,0.044406,0.069118,51.064,0.040951,0.0080955,0.47045,1.042
5,dust,0.6,1,1.0213,0.20467,0.33027,0.1819,0.63675,0.058223,0.068756,50.693,0.040397,0.0081155,0.47335,1.044
5,dust-scale,4,1,2.1674,0.28618,0.34029,0.18417,0.71775,0.020699,0.070126,51.831,0.042013,0.0079041,0.46332,1.006
5,dust-scale,4,2,2.5307,0.33684,0.33482,0.18336,0.66815,0.053925,0.069283,51.441,0.042426,0.0079941,0.46749,1.014
5,dust-scale,4,8,2.4991,0.36543,0.33391,0.18185,0.6568,0.033859,0.069478,51.215,0.040255,0.0081182,0.46373,1.205
5,dust-scale,4,16,2.5717,0.40469,0.33257,0.18111,0.62221,0.036844,0.069299,51.016,0.039837,0.0081082,0.46822,1.515
5,cavity-density,0.006,0.0015,8.729,0.39948,0.29908,0.15326,0.68718,0.036508,0.066877,48.687,0.032797,0.0096525,0.42724,1.030
5,cavity-density,0.006,0.003,5.0002,0.35051,0.31496,0.16536,0.68126,0.036415,0.068627,49.857,0.036247,0.0088096,0.43989,1.042
5,cavity-density,0.006,0.012,6.7428,0.4656,0.36005,0.20288,0.63366,0.036691,0.069336,53.092,0.046335,0.0073196,0.49828,1.050
5,cavity-density,0.006,0.024,14.666,0.63719,0.38931,0.22015,0.60837,0.037202,0.069174,55.031,0.052284,0.0065899,0.50544,1.069
5,cavity-density,0.006,0,11.117,0.43585,0.28699,0.15017,0.69051,0.036649,0.063982,48.228,0.031912,0.010615,0.4355,1.016
5,cavity-spread,1.7,1,3.4721,0.31744,0.32113,0.17063,0.67749,0.036365,0.068962,50.304,0.037673,0.0085594,0.44819,1.039
5,cavity-spread,1.7,3.4,5.688,0.43654,0.35615,0.1999,0.63835,0.03665,0.06941,52.807,0.045692,0.007422,0.49481,1.051
5,cavity-spread,1.7,4,7.1367,0.47558,0.3615,0.20396,0.63173,0.036697,0.069309,53.198,0.046588,0.0072785,0.49943,1.063
5,mass-inner,0.75,0.1,0,0,0.33469,0.18233,0.66498,0.036367,0.069406,51.302,0.041363,0.0080754,0.46828,1.038
5,mass-inner,0.75,0.3125,0,0,0.33469,0.18233,0.66498,0.036367,0.069406,51.302,0.041363,0.0080754,0.46828,1.049
5,mass-inner,0.75,0.525,0,0,0.33469,0.18233,0.66498,0.036367,0.069406,51.302,0.041363,0.0080754,0.46828,1.039
5,mass-inner,0.75,0.7375,0,0,0.33469,0.18233,0.66498,0.036367,0.069406,51.302,0.041363,0.0080754,0.46828,1.053
5,mass-inner,0.75,0.95,0,0,0.33469,0.18233,0.66498,0.036367,0.069406,51.302,0.041363,0.0080754,0.46828,1.044
5,mass-lobes,0.4,0,0,0,0.33469,0.18233,0.66498,0.036367,0.069406,51.302,0.041363,0.0080754,0.46828,1.041
5,mass-lobes,0.4,0.2,0,0,0.33469,0.18233,0.66498,0.036367,0.069406,51.302,0.041363,0.0080754,0.46828,1.040
5,mass-lobes,0.4,0.6,0,0,0.33469,0.18233,0.66498,0.036367,0.069406,51.302,0.041363,0.0080754,0.46828,1.047
5,mass-lobes,0.4,0.8,0,0,0.33469,0.18233,0.66498,0.036367,0.069406,51.302,0.041363,0.0080754,0.46828,1.038
5,mass-scale,1.5,0.5,0,0,0.33469,0.18233,0.66498,0.036367,0.069406,51.302,0.041363,0.0080754,0.46828,1.050
5,mass-scale,1.5,0.75,0,0,0.33469,0.18233,0.66498,0.036367,0.069406,51.302,0.041363,0.0080754,0.46828,1.051
5,mass-scale,1.5,3,0,0,0.33469,0.18233,0.66498,0.036367,0.069406,51.302,0.041363,0.0080754,0.46828,1.045
5,mass-scale,1.5,6,0,0,0.33469,0.18233,0.66498,0.036367,0.069406,51.302,0.041363,0.0080754,0.46828,1.052
5,mass-density,6,1.5,0,0,0.33469,0.18233,0.66498,0.036367,0.069406,51.302,0.041363,0.0080754,0.46828,1.043
5,mass-density,6,3,0,0,0.33469,0.18233,0.66498,0.036367,0.069406,51.302,0.041363,0.0080754,0.46828,1.044
5,mass-density,6,12,0,0,0.33469,0.18233,0.66498,0.036367,0.069406,51.302,0.041363,0.0080754,0.46828,1.045
5,mass-density,6,20,0,0,0.33469,0.18233,0.66498,0.036367,0.069406,51.302,0.041363,0.0080754,0.46828,1.044
5,mass-clusters,1,2,0,0,0.33469,0.18233,0.66498,0.036367,0.069406,51.302,0.041363,0.0080754,0.46828,1.046
5,mass-clusters,1,3,0,0,0.33469,0.18233,0.66498,0.036367,0.069406,51.302,0.041363,0.0080754,0.46828,0.757
5,mass-cavity,0,0.0005,0,0,0.33469,0.18233,0.66498,0.036367,0.069406,51.302,0.041363,0.0080754,0.46828,0.753
5,mass-cavity,0,0.002,0,0,0.33469,0.18233,0.66498,0.036367,0.069406,51.302,0.041363,0.0080754,0.46828,0.757
5,mass-cavity,0,0.008,0,0,0.33469,0.18233,0.66498,0.036367,0.069406,51.302,0.041363,0.0080754,0.46828,0.756
5,mass-cavity,0,0.032,0,0,0.33469,0.18233,0.66498,0.036367,0.069406,51.302,0.041363,0.0080754,0.46828,0.755
5,mass-fine,1,0,0,0,0.33469,0.18233,0.66498,0.036367,0.069406,51.302,0.041363,0.0080754,0.46828,1.049
5,mass-fine,1,0.75,4.9757e-06,0,0.33469,0.18233,0.66498,0.036367,0.069406,51.302,0.041363,0.0080754,0.46828,1.060
5,mass-fine,1,1.5,4.9757e-06,0,0.33469,0.18233,0.66498,0.036367,0.069406,51.302,0.041363,0.0080754,0.46828,1.056
5,mass-fine,1,2.25,4.9757e-06,0,0.33469,0.18233,0.66498,0.036367,0.069406,51.302,0.041363,0.0080754,0.46828,1.056
5,mass-fine,1,3,4.9757e-06,0,0.33469,0.18233,0.66498,0.036367,0.069406,51.302,0.041363,0.0080754,0.46828,1.049
5,mass-edge,0,0.25,0,0,0.33469,0.18233,0.66498,0.036367,0.069406,51.302,0.041363,0.0080754,0.46828,1.040
5,mass-edge,0,0.5,0,0,0.33469,0.18233,0.66498,0.036367,0.069406,51.302,0.041363,0.0080754,0.46828,1.045
5,mass-edge,0,0.75,0,0,0.33469,0.18233,0.66498,0.036367,0.069406,51.302,0.041363,0.0080754,0.46828,1.043
5,mass-edge,0,1,0,0,0.33469,0.18233,0.66498,0.036367,0.069406,51.302,0.041363,0.0080754,0.46828,1.035
5,mass-edge-patch,0,0.25,0,0,0.33469,0.18233,0.66498,0.036367,0.069406,51.302,0.041363,0.0080754,0.46828,1.043
5,mass-edge-patch,0,0.5,0,0,0.33469,0.18233,0.66498,0.036367,0.069406,51.302,0.041363,0.0080754,0.46828,1.052
5,mass-edge-patch,0,0.75,0,0,0.33469,0.18233,0.66498,0.036367,0.069406,51.302,0.041363,0.0080754,0.46828,1.048
5,mass-edge-patch,0,1,0,0,0.33469,0.18233,0.66498,0.036367,0.069406,51.302,0.041363,0.0080754,0.46828,1.043
5,graze,3,0,0,0,0.33469,0.18233,0.66498,0.036367,0.069406,51.302,0.041363,0.0080754,0.46828,1.045
5,graze,3,1.25,0,0,0.33469,0.18233,0.66498,0.036367,0.069406,51.302,0.041363,0.0080754,0.46828,0.756
5,graze,3,2.5,0,0,0.33469,0.18233,0.66498,0.036367,0.069406,51.302,0.041363,0.0080754,0.46828,0.759
5,graze,3,3.75,0,0,0.33469,0.18233,0.66498,0.036367,0.069406,51.302,0.041363,0.0080754,0.46828,0.755
5,graze,3,5,0,0,0.33469,0.18233,0.66498,0.036367,0.069406,51.302,0.041363,0.0080754,0.46828,0.760
5,mass-blister,0.3,0,0,0,0.33469,0.18233,0.66498,0.036367,0.069406,51.302,0.041363,0.0080754,0.46828,0.764
5,mass-blister,0.3,0.25,0,0,0.33469,0.18233,0.66498,0.036367,0.069406,51.302,0.041363,0.0080754,0.46828,0.760
5,mass-blister,0.3,0.5,0,0,0.33469,0.18233,0.66498,0.036367,0.069406,51.302,0.041363,0.0080754,0.46828,0.754
5,mass-blister,0.3,0.75,0,0,0.33469,0.18233,0.66498,0.036367,0.069406,51.302,0.041363,0.0080754,0.46828,0.746
5,mass-blister,0.3,1,0,0,0.33469,0.18233,0.66498,0.036367,0.069406,51.302,0.041363,0.0080754,0.46828,0.753
5,mass-cluster-size,0.15,0.0375,0,0,0.33469,0.18233,0.66498,0.036367,0.069406,51.302,0.041363,0.0080754,0.46828,0.755
5,mass-cluster-size,0.15,0.075,0,0,0.33469,0.18233,0.66498,0.036367,0.069406,51.302,0.041363,0.0080754,0.46828,0.757
5,mass-cluster-size,0.15,0.3,0,0,0.33469,0.18233,0.66498,0.036367,0.069406,51.302,0.041363,0.0080754,0.46828,0.754
5,mass-cluster-size,0.15,0.5,0,0,0.33469,0.18233,0.66498,0.036367,0.069406,51.302,0.041363,0.0080754,0.46828,0.756
5,mass-cluster-size,0.15,0,0,0,0.33469,0.18233,0.66498,0.036367,0.069406,51.302,0.041363,0.0080754,0.46828,0.755
5,mass-dust,0,0.25,0,0,0.33469,0.18233,0.66498,0.036367,0.069406,51.302,0.041363,0.0080754,0.46828,0.756
5,mass-dust,0,0.5,0,0,0.33469,0.18233,0.66498,0.036367,0.069406,51.302,0.041363,0.0080754,0.46828,0.753
5,mass-dust,0,0.75,0,0,0.33469,0.18233,0.66498,0.036367,0.069406,51.302,0.041363,0.0080754,0.46828,0.757
5,mass-dust,0,1,0,0,0.33469,0.18233,0.66498,0.036367,0.069406,51.302,0.041363,0.0080754,0.46828,0.752
5,mass-warp,0.25,0,0,0,0.33469,0.18233,0.66498,0.036367,0.069406,51.302,0.041363,0.0080754,0.46828,1.050
5,mass-warp,0.25,0.5,0,0,0.33469,0.18233,0.66498,0.036367,0.069406,51.302,0.041363,0.0080754,0.46828,1.048
5,mass-warp,0.25,0.75,0,0,0.33469,0.18233,0.66498,0.036367,0.069406,51.302,0.041363,0.0080754,0.46828,1.044
5,mass-warp,0.25,1,0,0,0.33469,0.18233,0.66498,0.036367,0.069406,51.302,0.041363,0.0080754,0.46828,1.047
5,cluster-size,0,0.005,0.021379,0.00060789,0.33472,0.18233,0.66496,0.036405,0.069413,51.305,0.041371,0.008075,0.46821,2.111
5,cluster-size,0,0.02,0.22808,0.056287,0.33485,0.18231,0.66498,0.036369,0.069441,51.328,0.041416,0.0080692,0.46749,2.139
5,cluster-size,0,0.08,1.7486,0.29308,0.33477,0.18204,0.66506,0.036204,0.069337,51.504,0.041621,0.0081262,0.46198,2.223
5,cluster-size,0,0.32,6.3638,0.5163,0.32429,0.17093,0.66569,0.036911,0.069646,50.863,0.038651,0.0084247,0.42466,3.322
5,fill-shadow,15,3.75,0,0,0.33469,0.18233,0.66498,0.036367,0.069406,51.302,0.041363,0.0080754,0.46828,1.048
5,fill-shadow,15,7.5,0,0,0.33469,0.18233,0.66498,0.036367,0.069406,51.302,0.041363,0.0080754,0.46828,0.757
5,fill-shadow,15,30,0,0,0.33469,0.18233,0.66498,0.036367,0.069406,51.302,0.041363,0.0080754,0.46828,0.757
5,fill-shadow,15,60,0,0,0.33469,0.18233,0.66498,0.036367,0.069406,51.302,0.041363,0.0080754,0.46828,0.755
5,fill,0.1,0.025,0,0,0.33469,0.18233,0.66498,0.036367,0.069406,51.302,0.041363,0.0080754,0.46828,0.758
5,fill,0.1,0.05,0,0,0.33469,0.18233,0.66498,0.036367,0.069406,51.302,0.041363,0.0080754,0.46828,0.753
5,fill,0.1,0.2,0,0,0.33469,0.18233,0.66498,0.036367,0.069406,51.302,0.041363,0.0080754,0.46828,0.756
5,fill,0.1,0.4,0,0,0.33469,0.18233,0.66498,0.036367,0.069406,51.302,0.041363,0.0080754,0.46828,0.754
5,fill,0.1,0,0,0,0.33469,0.18233,0.66498,0.036367,0.069406,51.302,0.041363,0.0080754,0.46828,0.750
5,blister,0.8,0,26.461,0.7488,0.44844,0.16931,0.30621,0.10812,0.091087,56.935,0.050236,0.005922,0.36422,1.100
5,blister,0.8,0.25,26.46,0.7488,0.44844,0.16931,0.30623,0.10812,0.091087,56.935,0.050236,0.0059221,0.36423,1.105
5,blister,0.8,0.5,17.808,0.67885,0.41228,0.1774,0.40541,0.089791,0.085949,55.3,0.047432,0.0067626,0.38529,1.086
5,blister,0.8,0.75,1.82,0.25302,0.34317,0.18266,0.63293,0.042152,0.071498,51.711,0.041705,0.008043,0.45531,1.051
5,blister,0.8,1,5.7406,0.33356,0.30787,0.17858,0.79858,0.024678,0.062959,49.932,0.039198,0.0082415,0.50995,1.026
5,distant-count,3,0,0.18492,0.0083495,0.33364,0.18267,0.67067,0.036153,0.069116,51.319,0.041497,0.007885,0.46968,0.930
5,distant-count,3,2,0.0054826,0.00033049,0.33465,0.18235,0.6652,0.036367,0.069402,51.297,0.041363,0.0080556,0.46831,1.004
5,distant-count,3,4,0.013949,0.00083585,0.33477,0.18228,0.66426,0.036367,0.069418,51.315,0.041382,0.0081043,0.46818,1.071
5,distant-count,3,5,0.014451,0.00095315,0.33477,0.18228,0.66426,0.036431,0.069418,51.315,0.041382,0.0081041,0.46817,1.103
5,distant-count,3,7,0.16302,0.0072634,0.33557,0.18211,0.65968,0.036744,0.069603,51.331,0.041293,0.0081947,0.46709,1.162
5,distant-min-deg,3,0.75,0.07838,0.0070469,0.33432,0.18246,0.66681,0.036239,0.069314,51.299,0.041408,0.0080222,0.46876,1.050
5,distant-min-deg,3,1.5,0.060358,0.0064755,0.33443,0.18242,0.66626,0.036281,0.069341,51.301,0.041401,0.0080552,0.46861,1.040
5,distant-min-deg,3,6,0.15958,0.012443,0.33544,0.18203,0.66161,0.036714,0.069587,51.327,0.041348,0.0081611,0.46733,1.045
5,distant-min-deg,3,12,0.5667,0.028785,0.33766,0.18124,0.65173,0.037937,0.070088,51.453,0.04166,0.0083431,0.4643,1.050
5,distant-max-deg,14,3.5,0.15797,0.0079965,0.33381,0.18259,0.66943,0.036153,0.069163,51.318,0.04148,0.0079623,0.46947,1.043
5,distant-max-deg,14,7,0.13252,0.0078455,0.33398,0.18255,0.66846,0.036153,0.06921,51.313,0.041458,0.008,0.46925,1.039
5,distant-max-deg,14,28,0.4933,0.024029,0.33707,0.18166,0.65352,0.037995,0.070083,51.265,0.041099,0.0082148,0.46502,1.044
5,distant-max-deg,14,56,2.0154,0.082978,0.34467,0.18038,0.61611,0.045911,0.072346,51.188,0.040442,0.0082647,0.4541,1.077
5,density,1,0.25,10.677,0.69865,0.29826,0.15456,0.80821,0.0061421,0.066247,48.759,0.031212,0.0071434,0.4081,1.107
5,density,1,0.5,5.9206,0.61935,0.31641,0.16765,0.74113,0.015816,0.068325,50.069,0.035574,0.0075723,0.43361,1.046
5,density,1,2,6.6784,0.66263,0.35303,0.19778,0.58777,0.071817,0.069793,52.045,0.046082,0.0086772,0.5056,1.062
5,density,1,4,12.789,0.76591,0.36899,0.21028,0.52234,0.12634,0.070237,52.593,0.048977,0.0093731,0.52692,1.075
5,sigma,8,2,11.288,0.7021,0.29493,0.15181,0.80807,0.0061397,0.065867,48.559,0.030931,0.0069725,0.3997,1.082
5,sigma,8,4,6.2423,0.62504,0.31469,0.16648,0.74114,0.015799,0.068122,49.945,0.035335,0.0074604,0.43154,1.079
5,sigma,8,16,7.1674,0.66985,0.35526,0.199,0.58771,0.071807,0.069893,52.281,0.046728,0.0088358,0.50301,1.074
5,sigma,8,32,14.542,0.77165,0.3755,0.21503,0.5221,0.12644,0.069761,52.913,0.050643,0.009771,0.52344,1.085
5,oxygen-threshold,20,5,1.5586,0.37237,0.34169,0.18488,0.66463,0.03642,0.070261,51.903,0.042861,0.0084532,0.46488,1.065
5,oxygen-threshold,20,10,0.88015,0.25969,0.33869,0.18371,0.66481,0.036442,0.069953,51.638,0.042221,0.008221,0.46589,0.767
5,oxygen-threshold,20,40,1.0335,0.27114,0.32978,0.18047,0.66515,0.036415,0.068593,50.771,0.040068,0.0080566,0.47534,0.765
5,oxygen-threshold,20,80,2.4444,0.40399,0.32358,0.17718,0.66521,0.036414,0.06792,50.029,0.037677,0.0081067,0.48183,0.767
5,line-o,1,0,11.018,0.55593,0.28908,0.14515,0.66609,0.036764,0.066052,47.974,0.030812,0.0089678,0.39994,0.766
5,line-o,1,2,6.7982,0.54613,0.3601,0.20316,0.66459,0.036428,0.069257,52.754,0.046015,0.0081419,0.50728,0.765
5,line-o,1,3,11.908,0.6329,0.37854,0.21675,0.66443,0.036414,0.068745,53.697,0.048948,0.0083529,0.5216,0.765
5,line-o,1,4,16.085,0.68293,0.39324,0.22675,0.66433,0.036324,0.068068,54.322,0.051226,0.0086006,0.52546,0.757
5,line-h,1,0,7.2247,0.60679,0.30166,0.16914,0.66483,0.036179,0.065149,48.737,0.036392,0.0060919,0.47919,0.763
5,line-h,1,2,5.6497,0.58757,0.35803,0.19502,0.66496,0.036478,0.070715,53.521,0.046865,0.009702,0.46776,0.754
5,line-h,1,3,10.52,0.66297,0.37671,0.20586,0.6651,0.036443,0.070823,55.277,0.051681,0.011003,0.46674,0.759
5,line-h,1,4,14.853,0.70625,0.39246,0.21517,0.66538,0.036467,0.070248,56.559,0.054958,0.012073,0.46453,0.752
5,line-s,0.5,0,2.4605,0.38489,0.32367,0.17755,0.66467,0.036358,0.068125,50.451,0.040329,0.0075534,0.47365,0.757
5,line-s,0.5,1,2.17,0.3784,0.34394,0.18734,0.66509,0.036436,0.070056,52.272,0.042894,0.0085972,0.46463,0.755
5,line-s,0.5,2,6.0355,0.47362,0.35925,0.19703,0.66563,0.03647,0.070322,54.127,0.04705,0.0095607,0.46106,0.757
5,line-s,0.5,3,9.4881,0.50825,0.37185,0.20587,0.666,0.036558,0.069817,55.547,0.050969,0.010403,0.46036,0.759
5,line-s,0.5,4,12.603,0.53056,0.38263,0.21383,0.66623,0.036672,0.068924,56.555,0.053988,0.01114,0.46051,0.754
5,line-colors,natural,hubble-sho,6.6045,0.53619,0.35873,0.19366,0.66531,0.036492,0.071112,53.995,0.047216,0.010479,0.45276,0.766
5,line-colors,natural,hoo,0.69903,0.19043,0.33208,0.18003,0.66502,0.036394,0.069374,51.13,0.040692,0.008096,0.46315,0.755
5,grade,auto,physical,18.58,0.99936,0.32406,0.18445,0.66498,0.036353,0.033057,29.589,0.23774,0.0085184,0.45454,0.754
5,grade-strength,1,0,14.039,0.89443,0.3292,0.18044,0.66498,0.036367,0.049314,34.742,0.11405,0.0082925,0.45443,0.758
5,grade-strength,1,0.25,10.688,0.84708,0.33042,0.18119,0.66498,0.036367,0.052866,40.28,0.057987,0.0082395,0.4579,0.755
5,grade-strength,1,0.5,7.2582,0.78688,0.33175,0.1818,0.66498,0.036367,0.058069,45.034,0.037575,0.0081897,0.46154,0.756
5,grade-strength,1,0.75,3.6456,0.62868,0.33316,0.18221,0.66498,0.036367,0.063836,48.927,0.033498,0.0081365,0.4652,0.754
5,haze,0.004,0.001,3.4732,0.89641,0.31167,0.19615,0.66531,0.036564,0.062349,51.63,0.042537,0.0091782,0.49001,0.751
5,haze,0.004,0.002,2.2847,0.80385,0.32027,0.19045,0.66519,0.036489,0.06518,51.298,0.042433,0.0087187,0.48251,0.751
5,haze,0.004,0.008,4.2164,0.93063,0.35911,0.17026,0.6648,0.036172,0.075869,51.96,0.040203,0.0071436,0.44267,0.759
5,haze,0.004,0.016,11.418,0.97951,0.39731,0.15495,0.66469,0.035847,0.085288,53.567,0.043996,0.005988,0.40042,0.754
5,haze,0.004,0,4.6499,0.93233,0.30017,0.20556,0.66539,0.036745,0.058261,52.53,0.041934,0.010001,0.49776,0.755
5,shoulder,0.8,0.2,4.2641,0.24474,0.31944,0.154,0.66498,0.036367,0.068442,50.651,0.039339,0.0074987,0.34234,0.751
5,shoulder,0.8,0.4,0.73328,0.051934,0.33239,0.17619,0.66498,0.036367,0.06943,51.311,0.041396,0.0080032,0.42329,0.748
5,shoulder,0.8,1.6,0.094974,0.009481,0.33497,0.18326,0.66498,0.036367,0.069403,51.3,0.041346,0.0080974,0.48129,0.752
5,shoulder,0.8,3.2,0.097068,0.009481,0.33498,0.18329,0.66498,0.036367,0.069402,51.299,0.041342,0.0080985,0.48251,0.755
5,shoulder,0.8,0,0.097068,0.009481,0.33498,0.18329,0.66498,0.036367,0.069402,51.299,0.041342,0.0080985,0.48251,0.751
5,grade-dust,1,0,0.3337,0.077581,0.3347,0.18244,0.66498,0.036367,0.069876,51.219,0.041294,0.0080865,0.46826,0.750
5,grade-dust,1,0.25,0.25643,0.059953,0.3347,0.18241,0.66498,0.036367,0.069766,51.246,0.041307,0.0080838,0.46826,0.755
5,grade-dust,1,0.5,0.17422,0.041455,0.33469,0.18238,0.66498,0.036367,0.069651,51.269,0.04132,0.008081,0.46827,0.755
5,grade-dust,1,0.75,0.087878,0.023906,0.33469,0.18235,0.66498,0.036367,0.069531,51.287,0.041338,0.0080781,0.46827,0.757
5,hue-type,auto,single,1.5414,0.22104,0.33637,0.18222,0.66498,0.036367,0.073021,47.125,0.025056,0.0081178,0.46828,0.753
5,hue-type,auto,fan,0,0,0.33469,0.18233,0.66498,0.036367,0.069406,51.302,0.041363,0.0080754,0.46828,0.751
5,hue-type,auto,split,9.993,0.37621,0.33112,0.18168,0.66498,0.036367,0.057341,56.499,0.25219,0.00804,0.46829,0.751
5,palette-family,auto,warm,0,0,0.33469,0.18233,0.66498,0.036367,0.069406,51.302,0.041363,0.0080754,0.46828,0.760
5,palette-family,auto,green,21.703,0.99462,0.31872,0.18722,0.66497,0.036353,0.033854,129.1,0.035325,0.0084129,0.46847,0.753
5,palette-family,auto,teal,28.183,0.99515,0.31903,0.18672,0.66498,0.036353,0.025443,171.8,0.10337,0.0083929,0.4685,0.753
5,palette-family,auto,blue,32.296,0.99913,0.32087,0.18642,0.66498,0.036353,0.028567,241.2,0.070839,0.0083555,0.46801,0.754
5,grade-galaxy,0.2,0,1.7401,0.47173,0.33311,0.1831,0.66498,0.036367,0.064374,52.058,0.040363,0.0081555,0.46827,0.755
5,grade-galaxy,0.2,0.25,0.43336,0.099878,0.3351,0.18212,0.66498,0.036367,0.070629,51.141,0.041736,0.0080535,0.46831,0.752
5,grade-galaxy,0.2,0.5,2.5944,0.53726,0.33728,0.18105,0.66498,0.036367,0.076453,50.425,0.043872,0.0079364,0.46829,0.755
5,grade-galaxy,0.2,0.75,4.714,0.70663,0.33965,0.17993,0.66498,0.036367,0.081624,49.627,0.045965,0.0078026,0.4683,0.748
5,grade-galaxy,0.2,1,6.5032,0.76706,0.34223,0.17879,0.66498,0.036367,0.085838,48.319,0.047673,0.0076548,0.4683,0.752
5,grade-stars,0.6,0,0.49077,0.11914,0.33447,0.18239,0.66498,0.036367,0.068255,50.926,0.042799,0.0080162,0.46829,0.753
5,grade-stars,0.6,0.25,0.2887,0.064484,0.33456,0.18237,0.66498,0.036367,0.068718,51.08,0.041914,0.00804,0.4683,0.748
5,grade-stars,0.6,0.5,0.08331,0.011909,0.33465,0.18234,0.66498,0.036367,0.069207,51.238,0.041461,0.008065,0.46829,0.749
5,grade-stars,0.6,0.75,0.12656,0.021972,0.33474,0.1823,0.66498,0.036367,0.069707,51.397,0.041272,0.0080915,0.46828,0.752
5,grade-stars,0.6,1,0.34294,0.075675,0.33484,0.18226,0.66498,0.036367,0.070208,51.552,0.041237,0.0081201,0.46831,0.751
5,reflection,0.2,0.05,0.20711,0.030887,0.33383,0.18186,0.66497,0.0364,0.069367,51.237,0.04129,0.0080785,0.46809,0.753
5,reflection,0.2,0.1,0.13763,0.018155,0.33412,0.18201,0.66497,0.036379,0.069381,51.259,0.041313,0.0080773,0.46815,0.758
5,reflection,0.2,0.4,0.27013,0.047522,0.33579,0.18295,0.66503,0.036329,0.06945,51.385,0.04147,0.0080737,0.46866,0.752
5,reflection,0.2,0.8,0.79235,0.18228,0.33789,0.18421,0.6649,0.036196,0.069513,51.537,0.041678,0.0080763,0.46972,0.756
5,reflection,0.2,0,0.27706,0.048477,0.33354,0.1817,0.66498,0.036422,0.069352,51.215,0.041266,0.00808,0.46804,0.757
5,anisotropy,0.5,-0.9,0.67548,0.13992,0.3367,0.18261,0.66467,0.036355,0.069806,51.461,0.04159,0.0080658,0.46594,0.751
5,anisotropy,0.5,-0.45,0.54158,0.17032,0.33674,0.18236,0.66453,0.036339,0.069851,51.42,0.041503,0.0080476,0.4663,0.754
5,anisotropy,0.5,0,0.31873,0.064837,0.33571,0.18237,0.66485,0.03638,0.069631,51.357,0.04139,0.0080593,0.4671,0.754
5,anisotropy,0.5,0.45,0.03499,0.0026238,0.33476,0.18231,0.66499,0.036375,0.069427,51.305,0.04136,0.0080737,0.46819,0.757
5,anisotropy,0.5,0.9,0.34487,0.032964,0.33445,0.18279,0.66505,0.03632,0.069213,51.281,0.041433,0.0080925,0.47066,0.754
5,ion-opacity,8,2,11.999,0.69876,0.28709,0.14647,0.66624,0.036808,0.065892,47.487,0.029746,0.006827,0.40077,1.044
5,ion-opacity,8,4,6.5381,0.62257,0.3104,0.1636,0.66569,0.036442,0.068282,49.345,0.034428,0.0073758,0.43165,1.039
5,ion-opacity,8,16,7.4781,0.6624,0.35987,0.20155,0.66458,0.036365,0.069452,52.825,0.04732,0.008969,0.50247,1.046
5,ion-opacity,8,32,15.21,0.76238,0.38493,0.21932,0.66436,0.035935,0.068748,53.782,0.051171,0.010039,0.52144,1.041
5,dust-opacity,6,1.5,0.78548,0.11936,0.3378,0.18374,0.69041,0.015644,0.069372,51.784,0.042018,0.0079249,0.46531,1.041
5,dust-opacity,6,3,0.43998,0.075842,0.33644,0.18305,0.67974,0.022171,0.069396,51.571,0.041696,0.0079897,0.4665,1.038
5,dust-opacity,6,12,0.51501,0.099104,0.33261,0.18162,0.64717,0.054561,0.069413,51,0.041078,0.008142,0.47021,1.053
5,dust-opacity,6,24,1.1085,0.1725,0.33019,0.18091,0.62701,0.076082,0.069424,50.68,0.04085,0.0081923,0.4722,1.043
5,dust-opacity,6,0,1.3445,0.15098,0.33991,0.18516,0.7048,0.0065433,0.069284,52.111,0.042786,0.0078346,0.46413,1.037
5,rim-shadow,2,0,2.5108,0.34225,0.34456,0.19013,0.66567,0.036418,0.06956,52.333,0.04403,0.0082387,0.47541,1.005
5,rim-shadow,2,1.5,0.4356,0.12995,0.33641,0.1837,0.66503,0.036432,0.069453,51.46,0.041756,0.0080917,0.47008,0.757
5,rim-shadow,2,3,0.71298,0.1999,0.33187,0.18,0.66485,0.036419,0.069336,51.061,0.040754,0.0080556,0.46467,0.752
5,rim-shadow,2,4.5,1.5594,0.31775,0.32858,0.17711,0.66489,0.036489,0.069276,50.803,0.040072,0.0080412,0.45922,0.756
5,rim-shadow,2,6,2.2589,0.35995,0.3259,0.1746,0.66483,0.036429,0.069245,50.604,0.039509,0.0080328,0.45395,0.758
5,star-brightness,0.55,0.1375,1.2382,0.17711,0.32973,0.1817,0.66498,0.036367,0.069493,50.944,0.041818,0.0060704,0.47163,0.757
5,star-brightness,0.55,0.275,0.80279,0.11657,0.33149,0.18184,0.66498,0.036367,0.069458,51.077,0.041638,0.0067914,0.47015,0.757
5,star-brightness,0.55,1.1,1.4396,0.22337,0.3403,0.18361,0.66498,0.036367,0.069334,51.671,0.041043,0.010259,0.467,0.750
5,star-brightness,0.55,2.2,3.9356,0.40564,0.34984,0.18663,0.66498,0.036367,0.069233,52.25,0.040708,0.013757,0.4691,0.750
5,star-brightness,0.55,0,1.7031,0.21885,0.32779,0.1818,0.66498,0.036367,0.069551,50.777,0.042113,0.005292,0.47382,0.750
5,star-count,30000,7500,1.2222,0.15972,0.32974,0.18208,0.66498,0.036367,0.069508,50.913,0.041928,0.0061891,0.47278,0.412
5,star-count,30000,15000,0.83363,0.10231,0.33132,0.18219,0.66498,0.036367,0.069469,51.042,0.041748,0.0068444,0.47107,0.525
5,star-count,30000,60000,1.5958,0.20867,0.34105,0.18283,0.66498,0.036367,0.069279,51.796,0.040602,0.010089,0.46123,1.214
5,star-count,30000,120000,4.434,0.4915,0.35242,0.18358,0.66498,0.036367,0.069094,52.643,0.039347,0.012866,0.44919,2.162
5,star-reach,1.5,0.375,2.4428,0.29082,0.33569,0.18018,0.66498,0.036367,0.069279,51.686,0.039963,0.0085014,0.46987,0.558
5,star-reach,1.5,0.75,2.0634,0.25026,0.33445,0.18082,0.66498,0.036367,0.069354,51.431,0.040783,0.0079864,0.46742,0.582
5,star-reach,1.5,3,2.3129,0.25436,0.33524,0.1845,0.66498,0.036367,0.069442,51.251,0.041694,0.0082851,0.47084,1.085
5,star-reach,1.5,6,2.4537,0.25791,0.33376,0.18514,0.66498,0.036367,0.069483,51.13,0.04198,0.0077471,0.47149,3.387
5,nebula-scale,0.08,0.02,0.00098375,0.00018549,0.33468,0.18233,0.66498,0.036367,0.069407,51.301,0.041364,0.008075,0.46828,0.753
5,nebula-scale,0.08,0.04,0.00087435,0.00014996,0.33468,0.18233,0.66498,0.036367,0.069406,51.302,0.041364,0.0080751,0.46828,0.759
5,nebula-scale,0.08,0.16,0.004489,0.00042186,0.3347,0.18234,0.66498,0.036367,0.069405,51.303,0.041364,0.0080819,0.46832,0.757
5,nebula-scale,0.08,0.32,0.021883,0.0022916,0.33476,0.18238,0.66498,0.036367,0.069399,51.306,0.041361,0.0081059,0.46846,0.749
5,cluster-stars,1,0.25,0.020149,0.00068884,0.33462,0.18225,0.66498,0.036367,0.069411,51.302,0.041364,0.0080469,0.46781,0.749
5,cluster-stars,1,0.5,0.01157,0.00064436,0.33465,0.18228,0.66498,0.036367,0.069409,51.302,0.041364,0.0080605,0.46794,0.752
5,cluster-stars,1,2,0.01483,0.00083813,0.33474,0.18239,0.66498,0.036367,0.069402,51.302,0.041363,0.0080869,0.46909,0.750
5,cluster-stars,1,4,0.032024,0.0013124,0.33479,0.18247,0.66498,0.036367,0.069398,51.303,0.041363,0.0080995,0.47077,0.755
5,cluster-stars,1,0,0.034647,0.00072457,0.33457,0.18223,0.66498,0.036367,0.069416,51.301,0.041365,0.0080303,0.46777,0.754
5,young,40,0,0.011367,0.0011576,0.33464,0.18235,0.66498,0.036367,0.06941,51.302,0.041366,0.0080609,0.46829,0.758
5,young,40,125,0.027476,0.0028481,0.33474,0.1823,0.66498,0.036367,0.069403,51.304,0.041361,0.0080904,0.46829,0.758
5,young,40,250,0.044805,0.0044242,0.33485,0.18224,0.66498,0.036367,0.069396,51.304,0.04136,0.0081109,0.46822,0.755
5,young,40,375,0.065602,0.0055847,0.33493,0.18224,0.66498,0.036367,0.069392,51.305,0.041357,0.0081078,0.46826,0.756
5,young,40,500,0.075152,0.0060543,0.33497,0.18225,0.66498,0.036367,0.06939,51.306,0.041354,0.0080974,0.46828,0.758
5,star-halo,0.1,0,0.050575,0.0023668,0.33473,0.18236,0.66498,0.036367,0.069406,51.305,0.041365,0.0080975,0.46826,0.756
5,star-halo,0.1,0.25,0.076298,0.0057764,0.33463,0.18228,0.66498,0.036367,0.069407,51.299,0.041362,0.008057,0.46831,0.752
5,star-halo,0.1,0.5,0.20277,0.021562,0.33454,0.18222,0.66498,0.036367,0.069408,51.294,0.041364,0.0080625,0.46838,0.752
5,star-halo,0.1,0.75,0.32941,0.039587,0.33444,0.18218,0.66498,0.036367,0.069409,51.288,0.041372,0.0081022,0.46847,0.751
5,star-halo,0.1,1,0.45746,0.057327,0.33434,0.18214,0.66498,0.036367,0.069411,51.281,0.041383,0.0081743,0.46861,0.750
5,star-halo-deg,0.4,0.1,0.1524,0.014182,0.33464,0.1824,0.66498,0.036367,0.06941,51.294,0.041389,0.008391,0.47029,0.752
5,star-halo-deg,0.4,0.2,0.080501,0.0056243,0.33466,0.18237,0.66498,0.036367,0.069409,51.298,0.041377,0.0082493,0.46882,0.757
5,star-halo-deg,0.4,0.8,0.070616,0.0052915,0.33466,0.18225,0.66498,0.036367,0.069405,51.303,0.041348,0.0078981,0.4681,0.754
5,star-halo-deg,0.4,1.6,0.12119,0.011001,0.33456,0.18217,0.66498,0.036367,0.069406,51.298,0.041344,0.0078197,0.46805,0.755
5,spike,0,0.125,0.027367,0.002216,0.33481,0.18227,0.66498,0.036367,0.069409,51.31,0.041358,0.0081362,0.4679,0.748
5,spike,0,0.25,0.049012,0.0025877,0.3349,0.18226,0.66498,0.036367,0.069412,51.315,0.041363,0.0081797,0.46757,0.749
5,spike,0,0.375,0.067352,0.0026811,0.33497,0.18228,0.66498,0.036367,0.069415,51.32,0.04137,0.0082103,0.46724,0.753
5,spike,0,0.5,0.083474,0.0026936,0.33503,0.1823,0.66498,0.036367,0.069418,51.324,0.041377,0.0082332,0.46699,0.756
5,spike-flux,5000,1250,0.0011301,7.4493e-05,0.33469,0.18232,0.66498,0.036367,0.069406,51.302,0.041363,0.0080741,0.46827,0.753
5,spike-flux,5000,2500,0.00075731,3.5436e-05,0.33469,0.18232,0.66498,0.036367,0.069406,51.302,0.041363,0.0080745,0.46827,0.797
5,spike-flux,5000,10000,0.00019813,0,0.33468,0.18233,0.66498,0.036367,0.069406,51.302,0.041364,0.0080755,0.46828,0.755
5,spike-flux,5000,20000,0.00096235,0.0001188,0.33468,0.18233,0.66498,0.036367,0.069407,51.302,0.041363,0.0080757,0.46828,0.756
5,nebula,on,off,26.409,0.75996,0.20917,0.11699,1,0,0.043785,45.416,0.0267,0.0057458,0.42509,0.577
5,galaxy-style,barred-spiral,grand-design,2.92,0.37538,0.33455,0.18381,0.66474,0.03637,0.069436,51.083,0.040631,0.0084213,0.47131,0.581
5,galaxy-style,barred-spiral,flocculent,3.0151,0.39294,0.33058,0.18287,0.66477,0.036356,0.069471,50.89,0.04049,0.0083508,0.47507,0.670
5,galaxy-radius,3.5,0,101.38,0.98304,0.69508,0.093112,0.66931,0.040501,0.044535,76.175,0.018826,0.0040711,0.18178,0.619
5,galaxy-radius,3.5,2,46.395,0.9696,0.51135,0.1233,0.66731,0.038153,0.063061,63.586,0.034849,0.0062834,0.29194,0.744
5,galaxy-radius,3.5,4,7.9996,0.8127,0.33708,0.17058,0.66489,0.03631,0.069097,52.468,0.033578,0.01027,0.47837,0.656
5,galaxy-radius,3.5,6,12.928,0.8181,0.28064,0.19,0.66443,0.036111,0.069683,45.731,0.041384,0.010671,0.55699,0.743
5,galaxy-radius,3.5,8,14.167,0.82056,0.27529,0.1907,0.66438,0.036111,0.069678,45.07,0.040781,0.010876,0.56721,0.536
5,galaxy-height,0.03,-5,21.417,0.84805,0.31448,0.18822,0.66454,0.036295,0.069745,47.777,0.040092,0.009403,0.50509,0.596
5,galaxy-height,0.03,-2.5,20.459,0.84733,0.32792,0.18353,0.66507,0.036248,0.069341,49.377,0.040252,0.0086679,0.48837,0.652
5,galaxy-height,0.03,0,1.5934,0.22309,0.3351,0.18186,0.66505,0.036396,0.069417,51.412,0.041383,0.0081555,0.4654,0.779
5,galaxy-height,0.03,2.5,17.679,0.88138,0.3189,0.19337,0.66446,0.036142,0.069563,47.849,0.039922,0.0089839,0.49576,1.082
5,galaxy-height,0.03,5,19.41,0.86753,0.30958,0.1937,0.66436,0.036106,0.069827,47.07,0.039262,0.0098684,0.50766,0.594
5,galaxy-glow,1.5,0.375,9.8711,0.8269,0.29137,0.18456,0.66444,0.03618,0.069618,47.498,0.039938,0.009491,0.5403,0.754
5,galaxy-glow,1.5,0.75,6.29,0.74555,0.30784,0.1825,0.66463,0.036251,0.06982,48.947,0.040749,0.0088974,0.50946,0.753
5,galaxy-glow,1.5,3,10.287,0.86185,0.37567,0.18591,0.66588,0.036648,0.067571,54.65,0.040258,0.0070249,0.43392,0.753
5,galaxy-glow,1.5,6,25.637,0.93525,0.43266,0.19373,0.66663,0.037226,0.064049,58.218,0.042288,0.0058927,0.41022,0.755
5,galaxy-glow,1.5,0,13.722,0.86389,0.27059,0.19117,0.66438,0.036111,0.069418,44.778,0.03972,0.010491,0.57667,0.751
5,galaxy-dust,1,0.25,1.2733,0.13193,0.33882,0.18635,0.66502,0.036413,0.068795,51.315,0.04177,0.0079543,0.47131,0.757
5,galaxy-dust,1,0.5,0.79706,0.087604,0.33731,0.18465,0.66501,0.036402,0.069055,51.34,0.041716,0.0080132,0.46783,0.753
5,galaxy-dust,1,2,1.2097,0.1501,0.33051,0.17972,0.66497,0.036341,0.069791,51.137,0.040543,0.0080858,0.47417,0.754
5,galaxy-dust,1,4,2.8998,0.27013,0.32442,0.17737,0.66486,0.036314,0.070165,50.816,0.039286,0.0080325,0.48561,0.746
5,galaxy-dust,1,0,1.8103,0.16009,0.34048,0.18861,0.665,0.036425,0.068468,51.256,0.041739,0.007927,0.4788,0.748
5,galaxy-warp,1,0,0.36657,0.035973,0.33448,0.18251,0.66496,0.036375,0.069385,51.284,0.041249,0.0080728,0.46876,0.749
5,galaxy-warp,1,1.25,0.11538,0.0089651,0.33475,0.18236,0.66498,0.036367,0.069412,51.309,0.041403,0.0080905,0.46842,0.752
5,galaxy-warp,1,2.5,0.48042,0.053142,0.33502,0.18218,0.665,0.036379,0.069422,51.337,0.041529,0.008105,0.46794,0.751
5,galaxy-warp,1,3.75,0.83903,0.13643,0.33539,0.182,0.66506,0.036385,0.069433,51.367,0.041649,0.008166,0.46741,0.754
5,galaxy-warp,1,5,1.078,0.19329,0.33562,0.18172,0.66511,0.03638,0.06944,51.385,0.041747,0.0081433,0.4672,0.754
5,galaxy-waves,1,0,2.2852,0.37612,0.33309,0.18387,0.66481,0.036373,0.069386,51.155,0.041578,0.0081989,0.46829,0.768
5,galaxy-waves,1,1.25,0.91618,0.10593,0.33549,0.1822,0.66499,0.036379,0.069388,51.362,0.041294,0.0082239,0.46847,0.752
5,galaxy-waves,1,2.5,2.9128,0.46439,0.33751,0.18013,0.6651,0.036416,0.06937,51.498,0.040959,0.0081369,0.4646,0.749
5,galaxy-waves,1,3.75,4.2865,0.59209,0.33922,0.17841,0.66533,0.036407,0.069362,51.57,0.040566,0.0082311,0.46609,0.773
5,galaxy-waves,1,5,5.4799,0.65462,0.33944,0.17706,0.66544,0.036407,0.069379,51.494,0.040098,0.0080681,0.46648,0.827
5,external-galaxies,4,0,0.0054117,0.00039479,0.33466,0.18234,0.66498,0.036367,0.069408,51.299,0.041367,0.0080595,0.46831,0.747
5,external-galaxies,4,2,0.0028564,0.00022221,0.33467,0.18234,0.66498,0.036367,0.069408,51.3,0.041368,0.0080664,0.46829,0.751
5,external-galaxies,4,6,0.00013656,2.7764e-05,0.33469,0.18233,0.66499,0.036367,0.069406,51.302,0.041363,0.0080755,0.46828,0.746
5,external-galaxies,4,8,0.00059858,0.0001504,0.33469,0.18233,0.66499,0.036367,0.069406,51.302,0.041363,0.0080756,0.46828,0.748
5,galaxy-res,512,64,0.10533,0.013288,0.3348,0.18226,0.66496,0.036367,0.069414,51.32,0.041409,0.0079963,0.4673,0.650
5,galaxy-res,512,560,0.0018431,7.2243e-05,0.33468,0.18233,0.66498,0.036367,0.069406,51.302,0.041363,0.008076,0.4683,0.765
5,galaxy-res,512,1056,0.0030137,7.2243e-05,0.33468,0.18233,0.66498,0.036367,0.069406,51.302,0.041363,0.0080766,0.46831,1.002
5,galaxy-res,512,1552,0.0032892,8.4272e-05,0.33468,0.18233,0.66498,0.036367,0.069406,51.302,0.041364,0.0080768,0.46832,1.418
5,galaxy-res,512,2048,0.0032589,7.2243e-05,0.33468,0.18233,0.66498,0.036367,0.069406,51.302,0.041363,0.0080768,0.46832,1.990
5,exposure,0.18,0.045,29.296,0.99995,0.20183,0.11064,0.66445,0.035749,0.059778,41.017,0.022613,0.0039473,0.41422,0.755
5,exposure,0.18,0.09,17.566,0.99794,0.25889,0.14612,0.66472,0.03614,0.065868,45.411,0.031719,0.0058687,0.45553,0.754
5,exposure,0.18,0.36,24.543,0.99988,0.42903,0.21253,0.66525,0.036561,0.067404,58.6,0.047575,0.010324,0.4421,0.754
5,exposure,0.18,0.72,55.716,0.99995,0.53687,0.23112,0.66543,0.036725,0.058118,64.399,0.050765,0.012151,0.37205,0.755
5,denoise,0.35,0.0875,0.96098,0.31044,0.33367,0.18295,0.67168,0.040036,0.069135,51.305,0.041637,0.010083,0.46967,0.752
5,denoise,0.35,0.175,0.64142,0.20673,0.33394,0.18283,0.66853,0.038457,0.069204,51.307,0.04158,0.0094655,0.46928,0.752
5,denoise,0.35,0.7,0.7938,0.1983,0.33592,0.18124,0.66292,0.034139,0.069804,51.279,0.040907,0.0062513,0.4662,0.752
5,denoise,0.35,1.4,1.2265,0.24651,0.3366,0.18065,0.66194,0.033205,0.070047,51.262,0.040652,0.005435,0.46475,0.753
5,denoise,0.35,0,1.157,0.35908,0.33366,0.18302,0.68178,0.044943,0.069127,51.302,0.041701,0.010523,0.46989,0.752
5,supersample,2,1,0.90397,0.19504,0.33347,0.18309,0.66732,0.036856,0.069079,51.284,0.041635,0.0091315,0.47004,0.623
5,step-frac,0.15,0.0375,0.65635,0.18197,0.33295,0.18166,0.66781,0.03641,0.069175,51.177,0.041186,0.0078968,0.46846,1.095
5,step-frac,0.15,0.075,0.51239,0.12279,0.33364,0.18191,0.66626,0.036434,0.069271,51.222,0.041243,0.0079477,0.46843,0.867
5,step-frac,0.15,0.3,1.1387,0.25423,0.33556,0.18295,0.66439,0.035221,0.069483,51.387,0.04161,0.0083708,0.46845,0.698
5,step-frac,0.15,0.6,2.7545,0.44564,0.3337,0.18355,0.67404,0.026679,0.069071,51.391,0.041482,0.0094452,0.47075,0.657
5,max-steps,600,50,4.6342,0.34994,0.31694,0.17343,0.83249,0.019425,0.067031,50.27,0.037847,0.0077981,0.43667,0.687
5,max-steps,600,1038,0,0,0.33469,0.18233,0.66498,0.036367,0.069406,51.302,0.041363,0.0080754,0.46828,0.749
5,max-steps,600,2025,0,0,0.33469,0.18233,0.66498,0.036367,0.069406,51.302,0.041363,0.0080754,0.46828,0.753
5,max-steps,600,3013,0,0,0.33469,0.18233,0.66498,0.036367,0.069406,51.302,0.041363,0.0080754,0.46828,0.754
5,max-steps,600,4000,0,0,0.33469,0.18233,0.66498,0.036367,0.069406,51.302,0.041363,0.0080754,0.46828,0.753
5,light-res,96,16,5.3288,0.44756,0.31871,0.17685,0.66517,0.036584,0.066702,50.427,0.040752,0.0080127,0.48067,0.785
5,light-res,96,76,0.73715,0.10937,0.33422,0.18247,0.66484,0.036383,0.069191,51.307,0.041481,0.008051,0.46927,0.946
5,light-res,96,136,0.5644,0.10087,0.33578,0.18306,0.66479,0.036356,0.069462,51.414,0.041545,0.0081231,0.46822,1.346
5,light-res,96,196,0.727,0.14143,0.33667,0.18372,0.66482,0.036441,0.069483,51.475,0.041614,0.0081673,0.46907,2.242
5,light-res,96,256,0.84518,0.15527,0.33722,0.18418,0.66482,0.036436,0.069468,51.529,0.041701,0.0082241,0.46961,3.890
5,light-steps,48,8,2.0566,0.28877,0.34272,0.18653,0.66509,0.036416,0.070077,52.378,0.043777,0.0084449,0.45833,0.837
5,light-steps,48,70,0.071834,0.016493,0.33457,0.18224,0.66492,0.036407,0.069405,51.288,0.041337,0.0080661,0.46838,1.171
5,light-steps,48,132,0.072233,0.013139,0.33451,0.18222,0.66492,0.036413,0.069395,51.283,0.041347,0.008068,0.4684,1.479
5,light-steps,48,194,0.073641,0.013417,0.33449,0.18221,0.66492,0.036422,0.069394,51.281,0.041343,0.0080677,0.46842,1.817
5,light-steps,48,256,0.07464,0.013488,0.33449,0.18221,0.66492,0.036422,0.069394,51.281,0.041343,0.0080676,0.46841,2.152
7,(default),,,0,0,0.31749,0.13734,0.67064,0.062915,0.010118,198.1,0.33427,0.0093372,0.4002,0.943
7,viewer-offset,0.55,0,23.969,0.79742,0.33442,0.14216,0.59253,0.062998,0.011973,206.16,0.24003,0.0080817,0.37686,0.956
7,viewer-offset,0.55,1,17.053,0.60527,0.2854,0.12968,0.80019,0.042346,0.0076077,171.74,0.47236,0.0094574,0.4159,0.904
7,viewer-offset,0.55,2,20.013,0.57906,0.25581,0.11083,0.94463,0.012583,0.0054804,120.62,0.36926,0.0090868,0.37947,0.748
7,viewer-offset,0.55,3,19.681,0.57745,0.25137,0.10586,0.97145,0.0062946,0.0050927,112.93,0.28623,0.0092326,0.36957,0.730
7,viewer-offset,0.55,4,19.447,0.5771,0.24988,0.1045,0.98071,0.0039859,0.0049675,110.51,0.25262,0.0091414,0.3665,0.727
7,cluster-offset,0.85,0,20.268,0.65684,0.33718,0.14321,0.76478,0.043476,0.011418,203.62,0.24999,0.010496,0.35982,0.879
7,cluster-offset,0.85,0.2375,17.709,0.60406,0.37397,0.17043,0.66743,0.063281,0.013374,204.89,0.21729,0.0097389,0.38926,0.897
7,cluster-offset,0.85,0.475,17.081,0.58653,0.37391,0.17747,0.6698,0.068976,0.012733,203.87,0.23188,0.0099996,0.43342,0.936
7,cluster-offset,0.85,0.7125,12.399,0.55467,0.3578,0.16428,0.67493,0.060743,0.012332,203.59,0.25009,0.0099566,0.4184,0.947
7,cluster-offset,0.85,0.95,17.259,0.51688,0.25261,0.10679,0.66924,0.063661,0.00615,150.8,0.48557,0.0088688,0.3717,0.943
7,luminosity,1,0.25,15.417,0.56163,0.2567,0.10561,0.67099,0.06439,0.0064355,155.9,0.49122,0.0083792,0.36292,0.942
7,luminosity,1,0.5,9.2855,0.52077,0.28159,0.1156,0.67084,0.063445,0.0079175,182.36,0.44109,0.0087291,0.37112,0.945
7,luminosity,1,2,12.837,0.61469,0.3651,0.16969,0.67059,0.062555,0.012402,203.98,0.24027,0.010321,0.43635,0.936
7,luminosity,1,4,29.102,0.72561,0.4231,0.20757,0.6703,0.062522,0.013714,204.99,0.18419,0.01183,0.45385,0.944
7,clusters,2,1,5.7488,0.48868,0.30094,0.13244,0.68458,0.059351,0.0089949,188.69,0.41068,0.0088807,0.40862,0.803
7,clusters,2,3,6.8177,0.49578,0.3395,0.14749,0.66384,0.061511,0.011896,204.05,0.26133,0.0096551,0.38252,1.009
7,thickness,0.06,0.015,10.322,0.51845,0.33346,0.15903,0.77245,0.022914,0.010237,195.75,0.34145,0.009527,0.44644,1.073
7,thickness,0.06,0.03,8.1621,0.47489,0.333,0.15495,0.72672,0.036142,0.010457,197.56,0.32814,0.0095419,0.43837,0.971
7,thickness,0.06,0.12,20.122,0.57269,0.24176,0.11122,0.59086,0.12783,0.006263,159.71,0.49791,0.0082922,0.37906,1.004
7,thickness,0.06,0.24,24.159,0.67962,0.22882,0.12759,0.45746,0.20324,0.0066515,175.56,0.48872,0.0076361,0.3962,1.248
7,fold,0.18,0,10.886,0.59264,0.3335,0.14461,0.67086,0.053942,0.011202,201.9,0.28,0.0097444,0.38836,0.918
7,fold,0.18,0.25,5.7412,0.4599,0.30604,0.1324,0.67043,0.067815,0.0094855,194.66,0.36982,0.0092328,0.39822,0.955
7,fold,0.18,0.5,17.034,0.58603,0.26929,0.11085,0.67645,0.077228,0.0072488,177.41,0.4564,0.0090574,0.3583,1.038
7,fold,0.18,0.75,21.44,0.62142,0.2542,0.11783,0.63946,0.075119,0.0065921,164.47,0.47325,0.0095097,0.37376,1.213
7,fold,0.18,1,19.778,0.69028,0.26809,0.12635,0.58816,0.056653,0.0071452,175.65,0.43885,0.011167,0.40024,1.446
7,fold-scale,1.6,0.4,10.545,0.60825,0.32815,0.14394,0.6895,0.046844,0.010604,199.38,0.30316,0.0097201,0.39472,0.909
7,fold-scale,1.6,0.8,9.385,0.61388,0.31738,0.12812,0.6816,0.055991,0.010313,200.02,0.3148,0.0094183,0.36034,0.917
7,fold-scale,1.6,3.2,12.554,0.6302,0.33314,0.1468,0.67405,0.040845,0.010813,201.07,0.28304,0.0098874,0.40212,1.075
7,fold-scale,1.6,6.4,9.9514,0.60514,0.32191,0.13833,0.64663,0.046937,0.010285,200.02,0.30439,0.010471,0.39753,1.435
7,keep,0.7,0,10.423,0.55416,0.31758,0.1593,0.94429,0.012305,0.0089937,184.81,0.41509,0.008754,0.46498,0.893
7,keep,0.7,0.25,9.2435,0.54353,0.32839,0.16098,0.85164,0.0201,0.0099796,192.88,0.36528,0.0092326,0.45571,0.907
7,keep,0.7,0.5,4.4685,0.40081,0.32554,0.15119,0.72925,0.039427,0.010265,196.75,0.34357,0.0094216,0.44005,0.928
7,keep,0.7,0.75,0.2738,0.039736,0.31797,0.13713,0.66327,0.066344,0.010147,198.54,0.3293,0.0093163,0.39958,0.946
7,keep,0.7,1,0.746,0.073221,0.31949,0.13644,0.64792,0.068469,0.010282,199.44,0.32157,0.0093671,0.3973,0.947
7,hole-scale,1.3,0.325,15.152,0.69761,0.28439,0.11755,0.58236,0.10559,0.0082876,193.79,0.35157,0.0096015,0.35733,0.947
7,hole-scale,1.3,0.65,15.031,0.73867,0.30074,0.1179,0.56676,0.12679,0.0098512,204.17,0.26996,0.0082465,0.32897,0.961
7,hole-scale,1.3,2.6,13.692,0.67543,0.3287,0.12995,0.64593,0.059522,0.011012,203.56,0.25677,0.0097802,0.34959,0.957
7,hole-scale,1.3,5.2,11.929,0.65008,0.32901,0.13947,0.61786,0.054549,0.010778,201.92,0.28479,0.0098509,0.39714,1.050
7,outer-sharpness,6,1.5,0.86342,0.13352,0.31733,0.13756,0.64343,0.077603,0.010297,199.45,0.3233,0.0093133,0.40081,0.959
7,outer-sharpness,6,3,0.39289,0.049699,0.3173,0.13747,0.65744,0.069303,0.010194,198.68,0.32973,0.0093264,0.40067,0.949
7,outer-sharpness,6,12,0.31838,0.035142,0.31771,0.13724,0.68126,0.05732,0.010063,197.66,0.33746,0.0093411,0.39967,0.931
7,outer-sharpness,6,24,0.55846,0.072264,0.31787,0.1372,0.68868,0.05328,0.010024,197.33,0.33978,0.009346,0.39925,0.933
7,detail-scale,5,1.25,7.8432,0.51588,0.31353,0.13887,0.70827,0.080988,0.010165,196.93,0.35543,0.0081436,0.39922,0.950
7,detail-scale,5,2.5,6.8111,0.5103,0.31198,0.13961,0.6843,0.061382,0.0097311,194.05,0.37005,0.0088955,0.41231,0.944
7,detail-scale,5,10,6.8822,0.54767,0.321,0.13717,0.66097,0.063457,0.010354,199.59,0.32114,0.0099238,0.39796,0.934
7,detail-scale,5,20,6.8371,0.55717,0.32596,0.1382,0.65475,0.064568,0.010624,201.19,0.30353,0.010198,0.40153,0.932
7,detail-gain,0.55,0.2,2.7675,0.34736,0.32478,0.13904,0.64269,0.065529,0.010675,200.89,0.30372,0.0089774,0.39515,0.944
7,detail-gain,0.55,0.375,1.4928,0.22609,0.32146,0.13833,0.65503,0.064216,0.010425,199.69,0.31749,0.0091392,0.39741,0.947
7,detail-gain,0.55,0.725,1.7221,0.25315,0.31236,0.13598,0.68967,0.062168,0.0097379,195.84,0.35609,0.0094052,0.40364,0.951
7,detail-gain,0.55,0.9,3.6019,0.38412,0.30599,0.13459,0.70881,0.062531,0.0092955,192.6,0.38295,0.0091686,0.40753,0.937
7,erosion,0.65,0,9.888,0.73498,0.35487,0.1405,0.52314,0.069062,0.012902,208.26,0.20181,0.0073371,0.3765,0.942
7,erosion,0.65,0.25,1.7447,0.26233,0.3232,0.13846,0.62927,0.066379,0.010633,200.39,0.31362,0.0089245,0.39764,0.940
7,erosion,0.65,0.5,0.44048,0.073132,0.31884,0.1376,0.65981,0.063917,0.010244,198.69,0.32904,0.0092436,0.39967,0.941
7,erosion,0.65,0.75,0.22417,0.023865,0.31683,0.13721,0.67722,0.06237,0.010054,197.79,0.33689,0.0093812,0.40036,0.939
7,erosion,0.65,1,0.95749,0.14009,0.3168,0.13786,0.6975,0.051866,0.0098868,196.87,0.34248,0.0095334,0.40293,0.942
7,filament,0.5,0,4.0407,0.41625,0.32537,0.13923,0.63452,0.067506,0.01075,201.29,0.29808,0.0091761,0.39404,0.939
7,filament,0.5,0.25,2.3352,0.28634,0.32045,0.13809,0.65183,0.065269,0.010402,199.53,0.31901,0.0091626,0.39579,0.940
7,filament,0.5,0.75,2.7921,0.33551,0.32074,0.13746,0.67028,0.062037,0.010286,199.13,0.32374,0.0097274,0.39895,0.937
7,filament,0.5,1,5.2575,0.48779,0.32701,0.13868,0.65356,0.062576,0.010693,201.15,0.30142,0.0097325,0.3962,0.939
7,contrast,1.5,0,8.3456,0.57223,0.33012,0.1302,0.59539,0.063797,0.011406,203.88,0.26981,0.0090778,0.35902,0.954
7,contrast,1.5,0.75,3.8134,0.45027,0.324,0.13336,0.62082,0.063116,0.010826,201.5,0.29866,0.0091251,0.37713,0.946
7,contrast,1.5,2.25,3.0104,0.3643,0.31141,0.13972,0.72541,0.05589,0.0094313,193.59,0.37075,0.0096356,0.41926,0.934
7,contrast,1.5,3,5.7865,0.46248,0.30235,0.13962,0.77415,0.04845,0.0086008,186.26,0.41476,0.009913,0.43239,0.925
7,pillars,9,0,0.89677,0.047562,0.31834,0.1382,0.6704,0.057756,0.010168,198.18,0.33285,0.0093577,0.40245,0.866
7,pillars,9,14,1.2741,0.054636,0.31583,0.13694,0.66905,0.065575,0.010009,197.68,0.337,0.0092102,0.40143,0.986
7,pillars,9,28,1.7816,0.078649,0.31352,0.13526,0.66918,0.072937,0.0099272,197.44,0.3396,0.0092144,0.39665,1.114
7,pillars,9,42,1.9537,0.10081,0.31278,0.13489,0.66786,0.078897,0.0099363,197.44,0.33924,0.0092149,0.39403,1.237
7,pillars,9,56,2.8852,0.12207,0.31434,0.13964,0.67575,0.068247,0.0097215,196.5,0.34549,0.0087827,0.41662,1.248
7,pillar-length,0.3,0.075,0.074563,0.014511,0.31769,0.13769,0.67064,0.059721,0.010154,198.18,0.33329,0.0093421,0.40138,0.937
7,pillar-length,0.3,0.15,0.059116,0.011673,0.31766,0.13765,0.67064,0.061401,0.01015,198.16,0.33337,0.009341,0.40125,0.935
7,pillar-length,0.3,0.6,5.5313,0.20589,0.29652,0.12196,0.67129,0.06589,0.0088071,190.79,0.3969,0.0094348,0.3822,0.942
7,pillar-length,0.3,0.8,6.5849,0.23234,0.2924,0.11967,0.67131,0.066312,0.0085931,189.24,0.40906,0.00941,0.3789,0.944
7,pillar-width,0.045,0.01125,0.10095,0.018039,0.31779,0.13774,0.67061,0.058732,0.010147,198.16,0.33343,0.0093672,0.4013,0.938
7,pillar-width,0.045,0.0225,0.08458,0.017176,0.31772,0.13767,0.67061,0.059711,0.010137,198.13,0.33369,0.0093652,0.40112,0.939
7,pillar-width,0.045,0.09,0.63934,0.064054,0.3154,0.13521,0.67068,0.069837,0.010041,197.89,0.33804,0.0093318,0.39638,0.949
7,pillar-width,0.045,0.18,6.6543,0.23571,0.29562,0.12462,0.66892,0.084858,0.0091004,193.4,0.38719,0.0093437,0.38587,0.988
7,pillar-density,2.5,0.625,0.029173,0.0055896,0.31755,0.1374,0.67064,0.061921,0.010121,198.09,0.33407,0.0093368,0.40026,0.942
7,pillar-density,2.5,1.25,0.019706,0.001953,0.31753,0.13736,0.67064,0.062334,0.010119,198.09,0.33418,0.0093371,0.40015,0.940
7,pillar-density,2.5,5,0.042646,0.0053916,0.31739,0.1373,0.67064,0.063924,0.010122,198.11,0.3344,0.0093334,0.40016,0.944
7,pillar-density,2.5,10,0.13349,0.018383,0.31725,0.13732,0.67038,0.064685,0.01013,198.11,0.33466,0.0093381,0.40026,0.942
7,clouds,4,0,1.555,0.048355,0.31944,0.14185,0.68041,0.05039,0.0099342,197.34,0.33912,0.0088826,0.42032,0.831
7,clouds,4,3,0.27909,0.011139,0.31838,0.13882,0.67102,0.06017,0.010107,197.99,0.33417,0.0092546,0.40482,0.915
7,clouds,4,6,1.0727,0.027008,0.3149,0.13506,0.66894,0.070311,0.010145,198.24,0.33402,0.0095513,0.39158,1.012
7,clouds,4,9,1.844,0.060067,0.31417,0.13536,0.66488,0.075244,0.01019,198.3,0.33306,0.0098469,0.3926,1.054
7,clouds,4,12,2.9957,0.095521,0.31067,0.13476,0.6582,0.086737,0.010095,198,0.33667,0.0099657,0.39506,1.144
7,cloud-length,0.15,0.0375,1.7222,0.0515,0.3187,0.1403,0.67644,0.056054,0.0099797,197.67,0.33816,0.0091909,0.41571,0.942
7,cloud-length,0.15,0.075,1.4079,0.046007,0.31812,0.13901,0.67459,0.058378,0.010039,197.84,0.3366,0.0092826,0.40951,0.936
7,cloud-length,0.15,0.3,1.7928,0.054611,0.31676,0.13539,0.66531,0.065537,0.010218,198.33,0.33191,0.009428,0.38794,0.947
7,cloud-length,0.15,0.6,2.0887,0.068987,0.31784,0.13866,0.66014,0.066435,0.010181,198.06,0.33321,0.0096371,0.40286,0.953
7,cloud-width,0.022,0.0055,1.5341,0.04745,0.31955,0.14173,0.67799,0.050455,0.00995,197.41,0.33849,0.0089526,0.41922,0.934
7,cloud-width,0.022,0.011,1.3999,0.044402,0.31968,0.14109,0.67551,0.052558,0.010011,197.58,0.33654,0.0091869,0.41432,0.935
7,cloud-width,0.022,0.044,4.1966,0.093905,0.30827,0.12682,0.66072,0.087671,0.010238,199.07,0.33374,0.009192,0.35085,0.972
7,cloud-width,0.022,0.088,7.6672,0.15721,0.31285,0.14165,0.63739,0.10026,0.010585,200.17,0.32572,0.0090861,0.38257,0.918
7,cloud-distance,0.35,0.0875,1.555,0.048355,0.31944,0.14185,0.68041,0.05039,0.0099342,197.34,0.33912,0.0088826,0.42032,0.826
7,cloud-distance,0.35,0.175,3.9686,0.094359,0.31068,0.12814,0.65285,0.088064,0.010417,199.39,0.3263,0.008847,0.35821,0.967
7,cloud-distance,0.35,0.7,1.4533,0.061742,0.31865,0.14054,0.67595,0.05494,0.0099791,197.59,0.33805,0.0093057,0.41614,0.936
7,cloud-distance,0.35,1.4,1.4533,0.061742,0.31865,0.14054,0.67595,0.05494,0.0099791,197.59,0.33805,0.0093057,0.41614,0.630
7,cloud-density,3,0.75,1.0088,0.034204,0.31906,0.13969,0.67237,0.053126,0.010023,197.7,0.33632,0.0089497,0.40834,0.939
7,cloud-density,3,1.5,0.49224,0.02834,0.31833,0.13811,0.67115,0.057268,0.010097,197.98,0.33441,0.0091528,0.40266,0.944
7,cloud-density,3,6,0.50364,0.02933,0.31644,0.1363,0.67005,0.065723,0.010121,198.18,0.33466,0.0094754,0.39642,0.942
7,cloud-density,3,12,1.0594,0.035086,0.31489,0.13526,0.66942,0.06863,0.010081,198.25,0.33686,0.0096605,0.3919,0.951
7,hardness,0.5,0,4.7269,0.41708,0.30076,0.13437,0.71961,0.064136,0.0089919,189.39,0.40583,0.0086516,0.41074,0.942
7,hardness,0.5,0.25,2.0929,0.28665,0.31,0.13586,0.69459,0.063359,0.0096099,194.71,0.3667,0.0091564,0.40506,0.940
7,hardness,0.5,0.75,1.357,0.21713,0.32233,0.13817,0.65368,0.063044,0.010455,199.95,0.31403,0.0093841,0.39689,0.941
7,hardness,0.5,1,2.2675,0.327,0.32564,0.13868,0.64182,0.062797,0.010684,201.09,0.30071,0.0094093,0.39478,0.946
7,dust-style,lanes,vein,1.0159,0.15028,0.32075,0.13687,0.68453,0.052073,0.010172,198.75,0.32947,0.0092015,0.39653,0.947
7,dust-style,lanes,physical,4.708,0.42142,0.30526,0.1373,0.70109,0.0824,0.0092303,193.86,0.38306,0.0089211,0.41138,0.935
7,dust,0.6,0,2.4408,0.24122,0.32691,0.13815,0.72857,0.029806,0.010291,199.32,0.32235,0.0093824,0.39126,0.938
7,dust,0.6,0.25,1.8229,0.20203,0.32466,0.13749,0.70285,0.041858,0.010299,199.47,0.32339,0.0092987,0.3932,0.942
7,dust,0.6,0.5,0.42519,0.075518,0.31918,0.13723,0.67888,0.056756,0.010132,198.35,0.333,0.0093196,0.39856,0.941
7,dust,0.6,0.75,0.5448,0.10313,0.31532,0.13758,0.65935,0.072421,0.010135,197.85,0.33421,0.0093616,0.40226,0.939
7,dust,0.6,1,1.2962,0.19848,0.31228,0.13808,0.64238,0.086478,0.010232,197.68,0.33101,0.0094061,0.40514,0.940
7,dust-scale,4,1,3.9279,0.34049,0.31042,0.14008,0.67544,0.074415,0.0099375,197.45,0.34147,0.00907,0.41025,0.904
7,dust-scale,4,2,3.1711,0.30067,0.31869,0.13854,0.67921,0.068665,0.010216,198.61,0.32911,0.0093955,0.39614,0.908
7,dust-scale,4,8,2.9716,0.3217,0.31423,0.13776,0.6579,0.0718,0.010103,197.92,0.33391,0.0094709,0.40355,1.108
7,dust-scale,4,16,2.8264,0.33567,0.31448,0.13644,0.64351,0.064926,0.010071,198.07,0.33236,0.0094389,0.40206,1.409
7,cavity-density,0.006,0.0015,8.1179,0.31555,0.28598,0.11976,0.6819,0.062754,0.0081371,185.69,0.42175,0.010418,0.37901,0.935
7,cavity-density,0.006,0.003,4.9209,0.28623,0.29867,0.12529,0.67889,0.062624,0.0089795,192.24,0.38301,0.009938,0.38296,0.941
7,cavity-density,0.006,0.012,6.7574,0.38022,0.34275,0.15497,0.65501,0.063758,0.011539,202.16,0.2859,0.0086504,0.42408,0.949
7,cavity-density,0.006,0.024,14.629,0.52711,0.37181,0.17263,0.62763,0.066005,0.012973,204.38,0.23846,0.0079709,0.43334,0.965
7,cavity-density,0.006,0,10.077,0.33637,0.27761,0.1192,0.68398,0.062907,0.0076486,179.86,0.45024,0.010979,0.3797,0.921
7,cavity-spread,1.7,1,2.3416,0.25174,0.30861,0.13126,0.67539,0.062667,0.0095843,195.78,0.35526,0.0096019,0.39105,0.941
7,cavity-spread,1.7,3.4,3.6478,0.31536,0.33119,0.14687,0.66299,0.063477,0.010916,200.69,0.3064,0.0089561,0.41361,0.949
7,cavity-spread,1.7,4,4.5799,0.33694,0.33466,0.14931,0.66058,0.063546,0.011111,201.19,0.30003,0.0088643,0.41678,0.949
7,mass-inner,0.75,0.1,0,0,0.31749,0.13734,0.67064,0.062915,0.010118,198.1,0.33427,0.0093372,0.4002,0.945
7,mass-inner,0.75,0.3125,0,0,0.31749,0.13734,0.67064,0.062915,0.010118,198.1,0.33427,0.0093372,0.4002,0.938
7,mass-inner,0.75,0.525,0,0,0.31749,0.13734,0.67064,0.062915,0.010118,198.1,0.33427,0.0093372,0.4002,0.941
7,mass-inner,0.75,0.7375,0,0,0.31749,0.13734,0.67064,0.062915,0.010118,198.1,0.33427,0.0093372,0.4002,0.946
7,mass-inner,0.75,0.95,0,0,0.31749,0.13734,0.67064,0.062915,0.010118,198.1,0.33427,0.0093372,0.4002,0.943
7,mass-lobes,0.4,0,0,0,0.31749,0.13734,0.67064,0.062915,0.010118,198.1,0.33427,0.0093372,0.4002,0.945
7,mass-lobes,0.4,0.2,0,0,0.31749,0.13734,0.67064,0.062915,0.010118,198.1,0.33427,0.0093372,0.4002,0.944
7,mass-lobes,0.4,0.6,0,0,0.31749,0.13734,0.67064,0.062915,0.010118,198.1,0.33427,0.0093372,0.4002,0.943
7,mass-lobes,0.4,0.8,0,0,0.31749,0.13734,0.67064,0.062915,0.010118,198.1,0.33427,0.0093372,0.4002,0.939
7,mass-scale,1.5,0.5,0,0,0.31749,0.13734,0.67064,0.062915,0.010118,198.1,0.33427,0.0093372,0.4002,0.945
7,mass-scale,1.5,0.75,0,0,0.31749,0.13734,0.67064,0.062915,0.010118,198.1,0.33427,0.0093372,0.4002,0.944
7,mass-scale,1.5,3,0,0,0.31749,0.13734,0.67064,0.062915,0.010118,198.1,0.33427,0.0093372,0.4002,0.943
7,mass-scale,1.5,6,0,0,0.31749,0.13734,0.67064,0.062915,0.010118,198.1,0.33427,0.0093372,0.4002,0.940
7,mass-density,6,1.5,0,0,0.31749,0.13734,0.67064,0.062915,0.010118,198.1,0.33427,0.0093372,0.4002,0.938
7,mass-density,6,3,0,0,0.31749,0.13734,0.67064,0.062915,0.010118,198.1,0.33427,0.0093372,0.4002,0.939
7,mass-density,6,12,0,0,0.31749,0.13734,0.67064,0.062915,0.010118,198.1,0.33427,0.0093372,0.4002,0.940
7,mass-density,6,20,0,0,0.31749,0.13734,0.67064,0.062915,0.010118,198.1,0.33427,0.0093372,0.4002,0.941
7,mass-clusters,1,2,0,0,0.31749,0.13734,0.67064,0.062915,0.010118,198.1,0.33427,0.0093372,0.4002,0.951
7,mass-clusters,1,3,0,0,0.31749,0.13734,0.67064,0.062915,0.010118,198.1,0.33427,0.0093372,0.4002,0.632
7,mass-cavity,0,0.0005,0,0,0.31749,0.13734,0.67064,0.062915,0.010118,198.1,0.33427,0.0093372,0.4002,0.635
7,mass-cavity,0,0.002,0,0,0.31749,0.13734,0.67064,0.062915,0.010118,198.1,0.33427,0.0093372,0.4002,0.636
7,mass-cavity,0,0.008,0,0,0.31749,0.13734,0.67064,0.062915,0.010118,198.1,0.33427,0.0093372,0.4002,0.633
7,mass-cavity,0,0.032,0,0,0.31749,0.13734,0.67064,0.062915,0.010118,198.1,0.33427,0.0093372,0.4002,0.636
7,mass-fine,1,0,0,0,0.31749,0.13734,0.67064,0.062915,0.010118,198.1,0.33427,0.0093372,0.4002,0.945
7,mass-fine,1,0.75,1.085e-05,0,0.31749,0.13734,0.67064,0.062915,0.010118,198.1,0.33427,0.0093372,0.4002,0.953
7,mass-fine,1,1.5,1.085e-05,0,0.31749,0.13734,0.67064,0.062915,0.010118,198.1,0.33427,0.0093372,0.4002,0.953
7,mass-fine,1,2.25,1.085e-05,0,0.31749,0.13734,0.67064,0.062915,0.010118,198.1,0.33427,0.0093372,0.4002,0.954
7,mass-fine,1,3,1.085e-05,0,0.31749,0.13734,0.67064,0.062915,0.010118,198.1,0.33427,0.0093372,0.4002,0.952
7,mass-edge,0,0.25,0,0,0.31749,0.13734,0.67064,0.062915,0.010118,198.1,0.33427,0.0093372,0.4002,0.943
7,mass-edge,0,0.5,0,0,0.31749,0.13734,0.67064,0.062915,0.010118,198.1,0.33427,0.0093372,0.4002,0.943
7,mass-edge,0,0.75,0,0,0.31749,0.13734,0.67064,0.062915,0.010118,198.1,0.33427,0.0093372,0.4002,0.940
7,mass-edge,0,1,0,0,0.31749,0.13734,0.67064,0.062915,0.010118,198.1,0.33427,0.0093372,0.4002,0.947
7,mass-edge-patch,0,0.25,0,0,0.31749,0.13734,0.67064,0.062915,0.010118,198.1,0.33427,0.0093372,0.4002,0.941
7,mass-edge-patch,0,0.5,0,0,0.31749,0.13734,0.67064,0.062915,0.010118,198.1,0.33427,0.0093372,0.4002,0.941
7,mass-edge-patch,0,0.75,0,0,0.31749,0.13734,0.67064,0.062915,0.010118,198.1,0.33427,0.0093372,0.4002,0.941
7,mass-edge-patch,0,1,0,0,0.31749,0.13734,0.67064,0.062915,0.010118,198.1,0.33427,0.0093372,0.4002,0.939
7,graze,3,0,0,0,0.31749,0.13734,0.67064,0.062915,0.010118,198.1,0.33427,0.0093372,0.4002,0.945
7,graze,3,1.25,0,0,0.31749,0.13734,0.67064,0.062915,0.010118,198.1,0.33427,0.0093372,0.4002,0.631
7,graze,3,2.5,0,0,0.31749,0.13734,0.67064,0.062915,0.010118,198.1,0.33427,0.0093372,0.4002,0.630
7,graze,3,3.75,0,0,0.31749,0.13734,0.67064,0.062915,0.010118,198.1,0.33427,0.0093372,0.4002,0.632
7,graze,3,5,0,0,0.31749,0.13734,0.67064,0.062915,0.010118,198.1,0.33427,0.0093372,0.4002,0.628
7,mass-blister,0.3,0,0,0,0.31749,0.13734,0.67064,0.062915,0.010118,198.1,0.33427,0.0093372,0.4002,0.640
7,mass-blister,0.3,0.25,0,0,0.31749,0.13734,0.67064,0.062915,0.010118,198.1,0.33427,0.0093372,0.4002,0.637
7,mass-blister,0.3,0.5,0,0,0.31749,0.13734,0.67064,0.062915,0.010118,198.1,0.33427,0.0093372,0.4002,0.632
7,mass-blister,0.3,0.75,0,0,0.31749,0.13734,0.67064,0.062915,0.010118,198.1,0.33427,0.0093372,0.4002,0.635
7,mass-blister,0.3,1,0,0,0.31749,0.13734,0.67064,0.062915,0.010118,198.1,0.33427,0.0093372,0.4002,0.638
7,mass-cluster-size,0.15,0.0375,0,0,0.31749,0.13734,0.67064,0.062915,0.010118,198.1,0.33427,0.0093372,0.4002,0.637
7,mass-cluster-size,0.15,0.075,0,0,0.31749,0.13734,0.67064,0.062915,0.010118,198.1,0.33427,0.0093372,0.4002,0.632
7,mass-cluster-size,0.15,0.3,0,0,0.31749,0.13734,0.67064,0.062915,0.010118,198.1,0.33427,0.0093372,0.4002,0.632
7,mass-cluster-size,0.15,0.5,0,0,0.31749,0.13734,0.67064,0.062915,0.010118,198.1,0.33427,0.0093372,0.4002,0.634
7,mass-cluster-size,0.15,0,0,0,0.31749,0.13734,0.67064,0.062915,0.010118,198.1,0.33427,0.0093372,0.4002,0.634
7,mass-dust,0,0.25,0,0,0.31749,0.13734,0.67064,0.062915,0.010118,198.1,0.33427,0.0093372,0.4002,0.636
7,mass-dust,0,0.5,0,0,0.31749,0.13734,0.67064,0.062915,0.010118,198.1,0.33427,0.0093372,0.4002,0.638
7,mass-dust,0,0.75,0,0,0.31749,0.13734,0.67064,0.062915,0.010118,198.1,0.33427,0.0093372,0.4002,0.636
7,mass-dust,0,1,0,0,0.31749,0.13734,0.67064,0.062915,0.010118,198.1,0.33427,0.0093372,0.4002,0.638
7,mass-warp,0.25,0,0,0,0.31749,0.13734,0.67064,0.062915,0.010118,198.1,0.33427,0.0093372,0.4002,0.944
7,mass-warp,0.25,0.5,0,0,0.31749,0.13734,0.67064,0.062915,0.010118,198.1,0.33427,0.0093372,0.4002,0.943
7,mass-warp,0.25,0.75,0,0,0.31749,0.13734,0.67064,0.062915,0.010118,198.1,0.33427,0.0093372,0.4002,0.945
7,mass-warp,0.25,1,0,0,0.31749,0.13734,0.67064,0.062915,0.010118,198.1,0.33427,0.0093372,0.4002,0.944
7,cluster-size,0,0.005,0.023163,0.00040353,0.31751,0.13731,0.67065,0.062932,0.01012,198.11,0.33412,0.0093374,0.40007,2.080
7,cluster-size,0,0.02,0.22911,0.014645,0.31743,0.13699,0.67066,0.062968,0.010119,198.15,0.33387,0.0093325,0.39902,2.098
7,cluster-size,0,0.08,1.991,0.31532,0.31511,0.13443,0.67057,0.062817,0.0099841,197.83,0.33795,0.009333,0.39196,2.171
7,cluster-size,0,0.32,5.7637,0.43065,0.31536,0.1326,0.67094,0.06327,0.010024,198.63,0.3306,0.009646,0.38084,3.139
7,fill-shadow,15,3.75,0,0,0.31749,0.13734,0.67064,0.062915,0.010118,198.1,0.33427,0.0093372,0.4002,0.943
7,fill-shadow,15,7.5,0,0,0.31749,0.13734,0.67064,0.062915,0.010118,198.1,0.33427,0.0093372,0.4002,0.635
7,fill-shadow,15,30,0,0,0.31749,0.13734,0.67064,0.062915,0.010118,198.1,0.33427,0.0093372,0.4002,0.632
7,fill-shadow,15,60,0,0,0.31749,0.13734,0.67064,0.062915,0.010118,198.1,0.33427,0.0093372,0.4002,0.635
7,fill,0.1,0.025,0,0,0.31749,0.13734,0.67064,0.062915,0.010118,198.1,0.33427,0.0093372,0.4002,0.633
7,fill,0.1,0.05,0,0,0.31749,0.13734,0.67064,0.062915,0.010118,198.1,0.33427,0.0093372,0.4002,0.635
7,fill,0.1,0.2,0,0,0.31749,0.13734,0.67064,0.062915,0.010118,198.1,0.33427,0.0093372,0.4002,0.634
7,fill,0.1,0.4,0,0,0.31749,0.13734,0.67064,0.062915,0.010118,198.1,0.33427,0.0093372,0.4002,0.636
7,fill,0.1,0,0,0,0.31749,0.13734,0.67064,0.062915,0.010118,198.1,0.33427,0.0093372,0.4002,0.633
7,blister,0.8,0,15.142,0.87978,0.35232,0.12346,0.308,0.13981,0.014547,215.2,0.10629,0.0070174,0.33215,1.001
7,blister,0.8,0.25,15.114,0.87925,0.3524,0.12352,0.30856,0.13939,0.014543,215.17,0.10671,0.007023,0.33224,1.003
7,blister,0.8,0.5,11.901,0.78493,0.34615,0.12737,0.42273,0.12264,0.013527,212.47,0.16258,0.0075627,0.34718,0.994
7,blister,0.8,0.75,1.9478,0.23729,0.32358,0.13709,0.64089,0.06939,0.010843,201.54,0.30949,0.0092206,0.39099,0.950
7,blister,0.8,1,5.3072,0.32546,0.30306,0.13575,0.78745,0.030512,0.0083905,183.95,0.41063,0.0097637,0.4162,0.927
7,distant-count,3,0,0.20974,0.0092348,0.31738,0.13707,0.6769,0.060993,0.010072,197.55,0.3397,0.0091365,0.40046,0.819
7,distant-count,3,2,0.19809,0.008827,0.31743,0.13705,0.67653,0.060993,0.010076,197.58,0.33948,0.009151,0.40038,0.914
7,distant-count,3,4,0.099351,0.0047785,0.31752,0.13742,0.66717,0.06334,0.010146,198.39,0.33054,0.0093778,0.40041,0.978
7,distant-count,3,5,0.12579,0.0056576,0.31762,0.13745,0.6666,0.06334,0.010157,198.43,0.33022,0.0093962,0.40029,1.005
7,distant-count,3,7,0.4187,0.020352,0.3183,0.13767,0.65627,0.066918,0.010274,199.1,0.32464,0.0095943,0.39931,1.064
7,distant-min-deg,3,0.75,0.05575,0.0048281,0.31746,0.13734,0.67132,0.062828,0.01011,198.03,0.33477,0.0093193,0.40023,0.946
7,distant-min-deg,3,1.5,0.0418,0.0043521,0.31747,0.13734,0.67117,0.062742,0.010112,198.05,0.33461,0.0093263,0.40023,0.941
7,distant-min-deg,3,6,0.11468,0.0079899,0.31765,0.13731,0.66891,0.063258,0.010139,198.23,0.33318,0.0093897,0.39999,0.945
7,distant-min-deg,3,12,0.3844,0.019216,0.31821,0.1372,0.66345,0.064313,0.01021,198.63,0.3299,0.0094668,0.39913,0.950
7,distant-max-deg,14,3.5,0.19894,0.0090766,0.31743,0.13706,0.67586,0.061026,0.010077,197.61,0.33919,0.0091648,0.40038,0.940
7,distant-max-deg,14,7,0.19857,0.0090103,0.31743,0.13711,0.67482,0.061418,0.010083,197.69,0.33837,0.0092086,0.40034,0.938
7,distant-max-deg,14,28,1.0679,0.032339,0.3165,0.13688,0.65541,0.068999,0.010218,199.67,0.31853,0.0094856,0.40014,0.950
7,distant-max-deg,14,56,0.44909,0.022201,0.31756,0.13748,0.66569,0.066691,0.010184,198.57,0.33006,0.0094447,0.39996,0.951
7,density,1,0.25,7.5398,0.49043,0.30964,0.12695,0.77812,0.0051213,0.0088937,191.37,0.3789,0.0091507,0.37659,0.939
7,density,1,0.5,4.0978,0.41544,0.31538,0.1315,0.72527,0.027194,0.0096286,195.62,0.35081,0.009324,0.38521,0.944
7,density,1,2,3.9894,0.43008,0.31338,0.14212,0.61152,0.11587,0.010292,199.37,0.32954,0.009221,0.41262,0.941
7,density,1,4,7.1577,0.4983,0.2985,0.13984,0.55464,0.17308,0.010048,200,0.3402,0.0090651,0.40678,0.941
7,sigma,8,2,7.8617,0.49923,0.30703,0.12525,0.77813,0.0051084,0.0087022,190.14,0.386,0.0090124,0.3736,0.945
7,sigma,8,4,4.2116,0.42128,0.31428,0.13078,0.7253,0.02722,0.0095439,195.25,0.35382,0.0092493,0.38465,0.941
7,sigma,8,16,4.1131,0.43562,0.31422,0.143,0.61147,0.11584,0.01033,199.44,0.32767,0.0092823,0.4137,0.939
7,sigma,8,32,7.2564,0.49993,0.30033,0.14229,0.55465,0.17308,0.010121,200,0.33688,0.0091168,0.41182,0.940
7,oxygen-threshold,20,5,1.1954,0.24192,0.32212,0.13887,0.67052,0.062899,0.010409,199.67,0.31533,0.0094693,0.39723,0.941
7,oxygen-threshold,20,10,0.69433,0.11837,0.3202,0.13806,0.67065,0.062882,0.010287,199.09,0.32247,0.0093779,0.39789,0.631
7,oxygen-threshold,20,40,1.0208,0.17225,0.31351,0.13622,0.67073,0.063016,0.0097904,196.51,0.34742,0.0093441,0.40475,0.635
7,oxygen-threshold,20,80,2.2967,0.26838,0.30867,0.13272,0.67083,0.063018,0.0094428,195.27,0.35903,0.0093904,0.40358,0.634
7,line-o,1,0,8.6919,0.36539,0.28432,0.11144,0.67151,0.063472,0.0080269,187.07,0.41665,0.01002,0.35154,0.634
7,line-o,1,2,5.5081,0.3613,0.33761,0.15728,0.67031,0.062902,0.010919,200.05,0.30293,0.0092767,0.44285,0.635
7,line-o,1,3,9.6785,0.43007,0.35258,0.17201,0.67001,0.062903,0.011314,200.64,0.28566,0.0093218,0.47067,0.636
7,line-o,1,4,13.063,0.47464,0.36459,0.18348,0.67001,0.062883,0.011524,200.83,0.27449,0.0093971,0.48923,0.632
7,line-h,1,0,5.6933,0.5008,0.29524,0.12854,0.67033,0.063572,0.0087418,188.54,0.41148,0.0084589,0.40136,0.633
7,line-h,1,2,4.6495,0.49149,0.33511,0.14728,0.67075,0.062753,0.011173,201.85,0.28731,0.010152,0.40553,0.635
7,line-h,1,3,8.6399,0.56612,0.34997,0.15662,0.67063,0.062727,0.011968,203.63,0.25633,0.01085,0.41187,0.633
7,line-h,1,4,12.157,0.60516,0.3629,0.16509,0.67075,0.062808,0.012572,204.55,0.23448,0.011452,0.41767,0.634
7,line-s,0.5,0,2.9491,0.3647,0.30596,0.13342,0.67057,0.0631,0.0093616,193.81,0.37145,0.0089699,0.40244,0.635
7,line-s,0.5,1,2.5939,0.35887,0.32742,0.14211,0.67065,0.062783,0.010785,200.59,0.30738,0.0097334,0.4004,0.638
7,line-s,0.5,2,7.053,0.47324,0.34416,0.15213,0.67101,0.062885,0.011822,203.07,0.27102,0.010478,0.40408,0.635
7,line-s,0.5,3,10.835,0.51753,0.35809,0.16172,0.67124,0.063027,0.012545,204.06,0.24794,0.011135,0.4097,0.636
7,line-s,0.5,4,14.137,0.54813,0.37007,0.17048,0.67153,0.063056,0.013046,204.43,0.23222,0.011709,0.41573,0.634
7,line-colors,natural,hubble-sho,5.6873,0.46981,0.33762,0.14628,0.67088,0.062975,0.011468,202.85,0.27538,0.010722,0.3942,0.637
7,line-colors,natural,hoo,0.5717,0.13131,0.31538,0.13533,0.67074,0.062952,0.010014,197.77,0.33818,0.0093547,0.3957,0.635
7,grade,auto,physical,10.061,0.97624,0.32211,0.13657,0.67064,0.062915,0.029056,34.689,0.1673,0.0093908,0.39442,0.635
7,grade-strength,1,0,9.2677,0.77884,0.32179,0.13666,0.67064,0.062915,0.027169,32.994,0.19536,0.009355,0.39444,0.634
7,grade-strength,1,0.25,7.0784,0.70481,0.32053,0.13714,0.67064,0.062915,0.021006,32.272,0.26677,0.0093691,0.3962,0.636
7,grade-strength,1,0.5,4.8404,0.6127,0.31934,0.13747,0.67064,0.062915,0.014834,33.124,0.42947,0.0093747,0.39789,0.635
7,grade-strength,1,0.75,2.5064,0.45438,0.31829,0.13756,0.67064,0.062915,0.0094013,64.635,0.86363,0.0093649,0.3994,0.635
7,haze,0.004,0.001,4.0837,0.87818,0.30032,0.14393,0.67105,0.063184,0.01051,186.44,0.48654,0.010027,0.42065,0.635
7,haze,0.004,0.002,2.6936,0.74334,0.30625,0.14155,0.67091,0.063063,0.010305,191.07,0.43498,0.0097701,0.4135,0.634
7,haze,0.004,0.008,5.0726,0.9301,0.33816,0.13038,0.6703,0.062628,0.010655,206.73,0.18578,0.0086294,0.37686,0.630
7,haze,0.004,0.016,14.172,0.98786,0.37411,0.12021,0.66973,0.062236,0.013486,214.37,0.073621,0.0075683,0.34032,0.635
7,haze,0.004,0,5.5035,0.93279,0.29414,0.14654,0.67116,0.063295,0.010799,180.44,0.53644,0.010304,0.42814,0.632
7,shoulder,0.8,0.2,1.3514,0.064982,0.31309,0.12447,0.67064,0.062915,0.010124,198.16,0.33369,0.0090703,0.33145,0.633
7,shoulder,0.8,0.4,0.25487,0.017071,0.3167,0.1344,0.67064,0.062915,0.010131,198.11,0.33388,0.0092802,0.37896,0.633
7,shoulder,0.8,1.6,0.032963,0.0037315,0.31759,0.13779,0.67064,0.062915,0.010116,198.1,0.33434,0.009351,0.4065,0.634
7,shoulder,0.8,3.2,0.033629,0.0037315,0.31759,0.1378,0.67064,0.062915,0.010116,198.1,0.33435,0.0093516,0.40734,0.633
7,shoulder,0.8,0,0.033629,0.0037315,0.31759,0.1378,0.67064,0.062915,0.010116,198.1,0.33435,0.0093516,0.40734,0.632
7,grade-dust,1,0,0.20551,0.060477,0.31748,0.13729,0.67064,0.062915,0.010004,198.65,0.3469,0.0093363,0.40014,0.635
7,grade-dust,1,0.25,0.15408,0.044659,0.31748,0.1373,0.67064,0.062915,0.01003,198.52,0.34344,0.0093365,0.40015,0.761
7,grade-dust,1,0.5,0.10272,0.025864,0.31749,0.13732,0.67064,0.062915,0.010058,198.38,0.3402,0.0093367,0.40017,0.629
7,grade-dust,1,0.75,0.05136,0.0050779,0.31749,0.13733,0.67064,0.062915,0.010088,198.24,0.33716,0.0093369,0.40017,0.626
7,hue-type,auto,single,0,0,0.31749,0.13734,0.67064,0.062915,0.010118,198.1,0.33427,0.0093372,0.4002,0.627
7,hue-type,auto,fan,0.34557,0.13098,0.31739,0.1373,0.67064,0.062915,0.010678,185.29,0.33237,0.0093369,0.40018,0.637
7,hue-type,auto,split,9.0737,0.45941,0.3218,0.13753,0.67064,0.062915,0.029089,50.793,0.32967,0.0092249,0.40018,0.632
7,palette-family,auto,warm,14.191,0.99988,0.32293,0.1379,0.67064,0.062915,0.036685,41.6,0.033253,0.0093659,0.40021,0.631
7,palette-family,auto,green,6.6745,0.99672,0.31808,0.13763,0.67064,0.062915,0.018599,94.286,0.017045,0.0093443,0.4005,0.637
7,palette-family,auto,teal,3.1499,0.7941,0.31718,0.13741,0.67064,0.062915,0.014089,127.99,0.094593,0.0093386,0.4005,0.635
7,palette-family,auto,blue,0,0,0.31749,0.13734,0.67064,0.062915,0.010118,198.1,0.33427,0.0093372,0.4002,0.636
7,grade-galaxy,0.2,0,1.028,0.19107,0.31766,0.13736,0.67064,0.062915,0.01159,172.89,0.57376,0.0093285,0.40018,0.634
7,grade-galaxy,0.2,0.25,0.25634,0.004189,0.31745,0.13734,0.67064,0.062915,0.0099151,202.14,0.2612,0.0093389,0.40018,0.633
7,grade-galaxy,0.2,0.5,1.5368,0.39102,0.31729,0.13728,0.67064,0.062915,0.010941,214.7,0.0286,0.0093442,0.40016,0.634
7,grade-galaxy,0.2,0.75,2.8191,0.73451,0.31717,0.13719,0.67064,0.062915,0.014272,220.71,0.0062778,0.0093445,0.40017,0.636
7,grade-galaxy,0.2,1,4.1098,0.8291,0.31711,0.13706,0.67064,0.062915,0.017905,223.97,0.0060412,0.0093393,0.40015,0.636
7,grade-stars,0.6,0,0.37428,0.065912,0.31758,0.13737,0.67064,0.062915,0.010223,194.25,0.43019,0.0093768,0.40017,0.634
7,grade-stars,0.6,0.25,0.21854,0.033231,0.31754,0.13736,0.67064,0.062915,0.010101,196.02,0.38618,0.0093596,0.40018,0.635
7,grade-stars,0.6,0.5,0.062682,0.0030239,0.31751,0.13735,0.67064,0.062915,0.010088,197.55,0.34759,0.0093432,0.40017,0.635
7,grade-stars,0.6,0.75,0.094123,0.0090203,0.31747,0.13733,0.67064,0.062915,0.010199,198.86,0.31663,0.0093279,0.40018,0.634
7,grade-stars,0.6,1,0.25147,0.040424,0.31744,0.13731,0.67064,0.062915,0.010399,200,0.29205,0.0093136,0.4002,0.635
7,reflection,0.2,0.05,0.23833,0.028555,0.31658,0.1368,0.67072,0.062945,0.010077,197.93,0.3362,0.0093498,0.39911,0.635
7,reflection,0.2,0.1,0.15829,0.017124,0.31689,0.13698,0.67069,0.062913,0.010091,197.99,0.33555,0.0093453,0.39945,0.633
7,reflection,0.2,0.4,0.30961,0.037081,0.31867,0.13809,0.67062,0.062883,0.010171,198.31,0.33179,0.0093233,0.40167,0.636
7,reflection,0.2,0.8,0.90408,0.13441,0.32093,0.1396,0.6704,0.062886,0.010266,198.67,0.32731,0.0093057,0.40477,0.635
7,reflection,0.2,0,0.31903,0.038052,0.31627,0.13662,0.67076,0.063019,0.010062,197.87,0.33686,0.0093546,0.39876,0.634
7,anisotropy,0.5,-0.9,0.65916,0.089799,0.31895,0.13645,0.67025,0.062904,0.010252,198.92,0.32783,0.0093416,0.39678,0.637
7,anisotropy,0.5,-0.45,0.64453,0.13052,0.31949,0.1372,0.67024,0.062844,0.010271,198.97,0.32566,0.0093163,0.39735,0.635
7,anisotropy,0.5,0,0.34104,0.025902,0.31842,0.13733,0.67041,0.062956,0.010194,198.5,0.33036,0.0093321,0.39888,0.638
7,anisotropy,0.5,0.45,0.036017,3.5436e-05,0.31756,0.13734,0.67066,0.062915,0.010125,198.13,0.33397,0.0093378,0.40005,0.635
7,anisotropy,0.5,0.9,0.26531,0.022038,0.31692,0.13736,0.67078,0.06289,0.010068,197.89,0.33652,0.0093327,0.4018,0.638
7,ion-opacity,8,2,7.5678,0.49176,0.29301,0.11806,0.6709,0.063721,0.0086911,190.89,0.40028,0.0088775,0.3688,0.944
7,ion-opacity,8,4,3.7895,0.39703,0.30688,0.12739,0.67086,0.063301,0.0095763,196.04,0.35922,0.0091608,0.38179,0.942
7,ion-opacity,8,16,3.2955,0.40073,0.3219,0.14466,0.67041,0.062945,0.010213,197.97,0.32839,0.0093628,0.41686,0.938
7,ion-opacity,8,32,5.1402,0.47007,0.31619,0.14353,0.67016,0.0631,0.0098478,196.23,0.34342,0.0092153,0.41806,0.948
7,dust-opacity,6,1.5,1.2318,0.12608,0.32221,0.13975,0.69215,0.035639,0.010041,197.53,0.33506,0.0090991,0.40429,0.941
7,dust-opacity,6,3,0.6898,0.082171,0.32016,0.13847,0.68326,0.047094,0.010077,197.76,0.33472,0.0091999,0.40214,0.944
7,dust-opacity,6,12,0.76376,0.10367,0.31447,0.13648,0.65463,0.082065,0.010178,198.57,0.33307,0.009493,0.3981,0.944
7,dust-opacity,6,24,1.5901,0.17466,0.31111,0.13591,0.63401,0.10144,0.010259,199.16,0.33139,0.0096555,0.39651,0.937
7,dust-opacity,6,0,2.0166,0.16025,0.32509,0.14243,0.70518,0.021854,0.0099896,197.22,0.33543,0.008979,0.41136,0.939
7,rim-shadow,2,0,2.3212,0.28374,0.32611,0.14494,0.67066,0.06306,0.010573,199.52,0.3171,0.0093587,0.41723,0.914
7,rim-shadow,2,1.5,0.40821,0.065247,0.319,0.13876,0.67066,0.062962,0.010196,198.36,0.33134,0.0093321,0.40368,0.629
7,rim-shadow,2,3,0.68284,0.14057,0.31496,0.13488,0.67072,0.063012,0.0099931,197.66,0.33904,0.0093517,0.39386,0.637
7,rim-shadow,2,4.5,1.5166,0.24056,0.31188,0.13175,0.67072,0.06302,0.0098432,197.12,0.34482,0.0093721,0.38562,0.635
7,rim-shadow,2,6,2.2217,0.2824,0.30927,0.12902,0.67075,0.063088,0.009715,196.65,0.34984,0.009389,0.37844,0.634
7,star-brightness,0.55,0.1375,2.1895,0.25448,0.30888,0.13536,0.67064,0.062915,0.01003,195.97,0.38399,0.0053383,0.40157,0.636
7,star-brightness,0.55,0.275,1.3985,0.18601,0.31201,0.13588,0.67064,0.062915,0.01005,196.84,0.36431,0.0068352,0.40015,0.635
7,star-brightness,0.55,1.1,2.3955,0.30531,0.32674,0.14072,0.67064,0.062915,0.010287,199.77,0.292,0.013292,0.40517,0.637
7,star-brightness,0.55,2.2,6.3533,0.49694,0.34176,0.14754,0.67064,0.062915,0.010638,201.75,0.23913,0.019155,0.42214,0.636
7,star-brightness,0.55,0,3.092,0.30155,0.30523,0.13548,0.67064,0.062915,0.010043,194.65,0.4119,0.003536,0.40541,0.637
7,star-count,30000,7500,2.2127,0.22624,0.30876,0.13628,0.67064,0.062915,0.010076,195.84,0.39041,0.0054351,0.40537,0.364
7,star-count,30000,15000,1.4395,0.14807,0.31182,0.1367,0.67064,0.062915,0.010078,196.57,0.37056,0.0069296,0.40395,0.456
7,star-count,30000,60000,2.8007,0.28644,0.32848,0.13887,0.67064,0.062915,0.010255,200.34,0.2724,0.013172,0.39719,0.997
7,star-count,30000,120000,8.4574,0.63705,0.35048,0.14211,0.67064,0.062915,0.010813,203.74,0.18116,0.019497,0.39414,1.715
7,star-reach,1.5,0.375,3.7458,0.35478,0.3142,0.13493,0.67064,0.062915,0.010098,197.49,0.35267,0.0075761,0.40081,0.510
7,star-reach,1.5,0.75,3.6615,0.34516,0.31599,0.13551,0.67064,0.062915,0.010126,197.8,0.34306,0.0085121,0.39949,0.535
7,star-reach,1.5,3,4.107,0.34374,0.31569,0.13949,0.67064,0.062915,0.010034,197.96,0.34025,0.0085483,0.40681,0.967
7,star-reach,1.5,6,4.2769,0.33832,0.31348,0.14213,0.67064,0.062915,0.00998,197.49,0.35502,0.00733,0.42366,2.128
7,nebula-scale,0.08,0.02,0.014703,0.0015239,0.31743,0.13731,0.67064,0.062915,0.010118,198.09,0.33457,0.0093178,0.40005,0.632
7,nebula-scale,0.08,0.04,0.0095853,0.0011593,0.31745,0.13732,0.67064,0.062915,0.010118,198.09,0.33444,0.0093232,0.40011,0.631
7,nebula-scale,0.08,0.16,0.03422,0.0035305,0.31763,0.13741,0.67064,0.062915,0.010122,198.11,0.33397,0.0093948,0.40034,0.632
7,nebula-scale,0.08,0.32,0.12226,0.011205,0.31797,0.1376,0.67064,0.062915,0.010134,198.18,0.33316,0.0095349,0.4019,0.634
7,cluster-stars,1,0.25,0.015541,0.00089578,0.31744,0.13726,0.67064,0.062915,0.010115,198.08,0.33429,0.0093161,0.39969,0.634
7,cluster-stars,1,0.5,0.0092763,0.00081171,0.31746,0.13729,0.67064,0.062915,0.010117,198.09,0.33428,0.0093248,0.39983,0.631
7,cluster-stars,1,2,0.012812,0.00094069,0.31753,0.13743,0.67064,0.062915,0.01012,198.11,0.33426,0.0093535,0.40097,0.629
7,cluster-stars,1,4,0.029435,0.0012611,0.31759,0.13756,0.67064,0.062915,0.010121,198.12,0.33425,0.0093703,0.40258,0.631
7,cluster-stars,1,0,0.024299,0.00094069,0.31741,0.13724,0.67064,0.062915,0.010112,198.05,0.3343,0.0093038,0.39962,0.632
7,young,40,0,0.0094409,0.0013251,0.31745,0.13735,0.67064,0.062915,0.010114,198.07,0.33434,0.0093259,0.40022,0.633
7,young,40,125,0.027203,0.0031225,0.31756,0.13734,0.67064,0.062915,0.010125,198.15,0.33417,0.0093424,0.40012,0.632
7,young,40,250,0.043382,0.0044546,0.31764,0.13735,0.67064,0.062915,0.010134,198.2,0.33408,0.009337,0.40012,0.633
7,young,40,375,0.064398,0.0050661,0.31773,0.13736,0.67064,0.062915,0.010144,198.27,0.334,0.0093589,0.40004,0.632
7,young,40,500,0.084557,0.005618,0.31781,0.13739,0.67064,0.062915,0.010151,198.32,0.33395,0.0093662,0.40001,0.629
7,star-halo,0.1,0,0.086594,0.0046377,0.31757,0.1374,0.67064,0.062915,0.010121,198.1,0.33406,0.0093838,0.40027,0.630
7,star-halo,0.1,0.25,0.13412,0.011726,0.31739,0.13725,0.67064,0.062915,0.010116,198.11,0.33448,0.0092907,0.40004,0.632
7,star-halo,0.1,0.5,0.36069,0.045868,0.31722,0.13712,0.67064,0.062915,0.010113,198.11,0.33489,0.0092772,0.39978,0.630
7,star-halo,0.1,0.75,0.59069,0.078609,0.31706,0.137,0.67064,0.062915,0.010111,198.12,0.33551,0.0093261,0.3996,0.631
7,star-halo,0.1,1,0.82337,0.10764,0.31688,0.13691,0.67064,0.062915,0.010109,198.12,0.3362,0.0094278,0.39948,0.630
7,star-halo-deg,0.4,0.1,0.24658,0.023467,0.31731,0.13749,0.67064,0.062915,0.010119,198.03,0.33602,0.009757,0.40125,0.633
7,star-halo-deg,0.4,0.2,0.1363,0.010998,0.31741,0.13744,0.67064,0.062915,0.010119,198.06,0.33521,0.0095988,0.40076,0.629
7,star-halo-deg,0.4,0.8,0.12273,0.011973,0.31747,0.13716,0.67064,0.062915,0.010115,198.14,0.33358,0.0090155,0.39959,0.631
7,star-halo-deg,0.4,1.6,0.20161,0.02346,0.31729,0.13699,0.67064,0.062915,0.010109,198.13,0.33396,0.008863,0.39937,0.630
7,spike,0,0.125,0.00015423,3.6655e-05,0.31749,0.13734,0.67064,0.062915,0.010118,198.1,0.33427,0.0093371,0.40019,0.632
7,spike,0,0.25,0.0003062,6.5423e-05,0.31749,0.13734,0.67064,0.062915,0.010119,198.1,0.33426,0.009337,0.40018,0.634
7,spike,0,0.375,0.0004559,7.9663e-05,0.31749,0.13734,0.67064,0.062915,0.010119,198.1,0.33426,0.0093369,0.40017,0.630
7,spike,0,0.5,0.00060274,8.664e-05,0.31749,0.13734,0.67064,0.062915,0.010119,198.1,0.33426,0.0093369,0.40017,0.629
7,spike-flux,5000,1250,0.0039807,0.00035078,0.31751,0.13733,0.67064,0.062915,0.010118,198.11,0.33411,0.0093342,0.40016,0.630
7,spike-flux,5000,2500,0.0012002,8.4927e-05,0.3175,0.13734,0.67064,0.062915,0.010118,198.1,0.33422,0.0093364,0.40019,0.631
7,spike-flux,5000,10000,0,0,0.31749,0.13734,0.67064,0.062915,0.010118,198.1,0.33427,0.0093372,0.4002,0.629
7,spike-flux,5000,20000,0,0,0.31749,0.13734,0.67064,0.062915,0.010118,198.1,0.33427,0.0093372,0.4002,0.630
7,nebula,on,off,19.382,0.58093,0.24795,0.10295,1,0,0.0047733,106.21,0.18733,0.0086109,0.36489,0.489
7,galaxy-style,barred-spiral,grand-design,10.965,0.86462,0.35446,0.12816,0.67112,0.063416,0.009735,202.27,0.28209,0.010331,0.37616,0.553
7,galaxy-style,barred-spiral,flocculent,5.1784,0.59119,0.31309,0.13595,0.67061,0.062919,0.010126,198.12,0.33224,0.0091626,0.4001,0.658
7,galaxy-radius,3.5,0,96.554,0.98481,0.66986,0.10734,0.67353,0.06857,0.01634,95.874,0.14021,0.0043051,0.16343,0.592
7,galaxy-radius,3.5,2,30.963,0.95094,0.43495,0.12752,0.67181,0.0653,0.011368,147.36,0.47937,0.0058395,0.29673,0.642
7,galaxy-radius,3.5,4,10.99,0.78348,0.28138,0.14641,0.67022,0.062571,0.0098435,209.17,0.21117,0.0089997,0.44324,0.589
7,galaxy-radius,3.5,6,22.106,0.91845,0.21006,0.16916,0.66985,0.062452,0.012637,222.74,0.05589,0.012119,0.53346,0.499
7,galaxy-radius,3.5,8,23.27,0.91892,0.20285,0.17035,0.66978,0.062344,0.01281,223.91,0.034526,0.012617,0.54424,0.509
7,galaxy-height,0.03,-5,23.688,0.89419,0.25559,0.17099,0.66982,0.062331,0.012051,217.43,0.15313,0.0098639,0.48167,0.566
7,galaxy-height,0.03,-2.5,20.476,0.87637,0.26981,0.16613,0.67033,0.062314,0.011569,214.24,0.20717,0.0083233,0.46456,1.295
7,galaxy-height,0.03,0,2.4569,0.25594,0.31709,0.13744,0.67069,0.062907,0.01015,198.5,0.33196,0.0092981,0.40136,0.629
7,galaxy-height,0.03,2.5,25.556,0.89648,0.24653,0.18722,0.66955,0.062962,0.011606,217.41,0.16207,0.0083013,0.48314,2.129
7,galaxy-height,0.03,5,27.312,0.89225,0.24173,0.18516,0.66921,0.062885,0.012086,219.21,0.11824,0.010612,0.49007,0.565
7,galaxy-glow,1.5,0.375,15.21,0.90836,0.25123,0.14653,0.67004,0.06235,0.010344,215.55,0.0865,0.011768,0.48024,0.632
7,galaxy-glow,1.5,0.75,9.552,0.8751,0.27736,0.14075,0.67033,0.062448,0.0099127,209.87,0.18414,0.010606,0.44026,0.633
7,galaxy-glow,1.5,3,15.054,0.9209,0.37737,0.13745,0.67135,0.063765,0.010667,176.94,0.45859,0.0078709,0.37382,0.634
7,galaxy-glow,1.5,6,36.772,0.95378,0.45921,0.14084,0.67194,0.065213,0.011385,148.49,0.47175,0.0064159,0.3591,0.636
7,galaxy-glow,1.5,0,21.64,0.92279,0.20898,0.16723,0.66978,0.062344,0.013105,223.64,0.018413,0.015898,0.54005,0.636
7,galaxy-dust,1,0.25,1.1704,0.10664,0.32168,0.14208,0.67067,0.06296,0.0099649,199.32,0.30723,0.0092349,0.4123,0.636
7,galaxy-dust,1,0.5,0.7385,0.076778,0.32016,0.14008,0.67066,0.062968,0.010031,198.78,0.31828,0.009284,0.40604,0.635
7,galaxy-dust,1,2,1.1699,0.12319,0.31313,0.13418,0.67061,0.062888,0.010231,197.25,0.35572,0.0093406,0.39783,0.636
7,galaxy-dust,1,4,2.9249,0.27524,0.30638,0.13114,0.67053,0.062855,0.010378,196.25,0.38379,0.0092697,0.40091,0.631
7,galaxy-dust,1,0,1.6588,0.1327,0.32335,0.14475,0.67069,0.062981,0.0098627,200.17,0.29206,0.00921,0.42284,0.636
7,galaxy-warp,1,0,0.943,0.081636,0.31759,0.13694,0.6707,0.062915,0.010122,197.99,0.3353,0.0092622,0.39839,0.634
7,galaxy-warp,1,1.25,0.17535,0.015351,0.31742,0.13744,0.67064,0.062926,0.010117,198.11,0.33428,0.0093251,0.40039,0.634
7,galaxy-warp,1,2.5,0.77931,0.075135,0.31703,0.13748,0.67063,0.062915,0.010107,198.19,0.33367,0.0092767,0.4004,0.633
7,galaxy-warp,1,3.75,1.3613,0.16264,0.31671,0.13761,0.67056,0.062891,0.010103,198.32,0.33268,0.0092771,0.40084,0.632
7,galaxy-warp,1,5,1.91,0.23292,0.3166,0.13782,0.67054,0.062893,0.010096,198.38,0.33131,0.0093514,0.40161,0.632
7,galaxy-waves,1,0,3.965,0.5657,0.31497,0.13866,0.67069,0.063048,0.01001,197.85,0.33463,0.0089804,0.40449,0.640
7,galaxy-waves,1,1.25,1.3475,0.10723,0.31747,0.13734,0.67065,0.06291,0.01013,198.39,0.33199,0.0093011,0.40072,0.635
7,galaxy-waves,1,2.5,4.9083,0.62936,0.31473,0.13915,0.67066,0.062746,0.010204,200.21,0.31656,0.0093343,0.40745,0.630
7,galaxy-waves,1,3.75,6.6217,0.73897,0.30726,0.14163,0.67068,0.062633,0.010292,202.75,0.29578,0.0088758,0.41129,0.618
7,galaxy-waves,1,5,7.7455,0.77859,0.29843,0.14493,0.67069,0.062559,0.010462,205.32,0.27514,0.0084143,0.4215,0.623
7,external-galaxies,4,0,0.0012007,0.00018888,0.31749,0.13734,0.67064,0.062915,0.010119,198.1,0.33427,0.0093375,0.40018,0.633
7,external-galaxies,4,2,0.00027177,1.816e-05,0.31749,0.13734,0.67064,0.062915,0.010118,198.1,0.33427,0.0093372,0.4002,0.635
7,external-galaxies,4,6,0.00021041,0,0.31749,0.13734,0.67064,0.062915,0.010118,198.1,0.33427,0.0093371,0.40019,0.636
7,external-galaxies,4,8,0.00076036,3.6432e-05,0.31749,0.13734,0.67064,0.062915,0.010119,198.1,0.33429,0.0093385,0.40019,0.636
7,galaxy-res,512,64,0.094833,0.011182,0.31759,0.1373,0.67065,0.062915,0.01012,198.07,0.3343,0.0092723,0.39916,0.523
7,galaxy-res,512,560,0.0017764,0,0.31749,0.13734,0.67063,0.062915,0.010118,198.1,0.33427,0.0093383,0.40019,0.644
7,galaxy-res,512,1056,0.002727,0,0.31749,0.13734,0.67063,0.062915,0.010118,198.1,0.33426,0.0093394,0.4002,0.871
7,galaxy-res,512,1552,0.0029362,0,0.31749,0.13734,0.67063,0.062915,0.010118,198.1,0.33427,0.0093396,0.4002,1.287
7,galaxy-res,512,2048,0.0028778,0,0.31749,0.13734,0.67063,0.062915,0.010118,198.1,0.33427,0.0093396,0.4002,1.852
7,exposure,0.18,0.045,33.569,0.99939,0.17464,0.082327,0.66953,0.061982,0.0060694,208.95,0.21076,0.0049496,0.34671,0.640
7,exposure,0.18,0.09,20.201,0.99924,0.23526,0.10834,0.6702,0.062595,0.0075273,203.75,0.28927,0.0068553,0.3829,0.633
7,exposure,0.18,0.36,27.999,0.99975,0.42448,0.15981,0.67099,0.063137,0.012435,191.15,0.34226,0.011647,0.39345,0.638
7,exposure,0.18,0.72,63.144,0.99988,0.55106,0.16747,0.67115,0.063305,0.013014,179.52,0.34031,0.013099,0.35667,0.636
7,denoise,0.35,0.0875,0.85238,0.16717,0.3168,0.1378,0.67582,0.066987,0.010128,197.9,0.33781,0.010801,0.40142,0.638
7,denoise,0.35,0.175,0.55081,0.099834,0.317,0.13767,0.67352,0.065196,0.010118,197.96,0.33646,0.010306,0.40113,0.636
7,denoise,0.35,0.7,0.63711,0.097885,0.31825,0.13675,0.66842,0.061015,0.010143,198.29,0.33212,0.0081922,0.39793,0.637
7,denoise,0.35,1.4,0.97081,0.12675,0.31863,0.13646,0.66758,0.060407,0.010164,198.41,0.33132,0.0077092,0.39645,0.635
7,denoise,0.35,0,1.0703,0.2063,0.31678,0.13793,0.68023,0.07208,0.010155,197.91,0.33878,0.011239,0.40169,0.631
7,supersample,2,1,0.79381,0.1024,0.31682,0.13777,0.67253,0.063935,0.010091,197.83,0.3372,0.010037,0.40208,0.529
7,step-frac,0.15,0.0375,0.67457,0.10613,0.31547,0.13636,0.67413,0.063266,0.0099792,197.46,0.34002,0.0092215,0.39932,0.881
7,step-frac,0.15,0.075,0.52119,0.06932,0.31615,0.13662,0.6728,0.063338,0.01003,197.71,0.33788,0.0092673,0.39923,0.721
7,step-frac,0.15,0.3,1.1317,0.16118,0.31935,0.13864,0.67031,0.059234,0.010211,198.41,0.33101,0.0096358,0.40289,0.590
7,step-frac,0.15,0.6,2.9166,0.33258,0.32205,0.14267,0.68428,0.044267,0.010092,197.52,0.33615,0.010478,0.41447,0.566
7,max-steps,600,50,2.8653,0.1399,0.3125,0.12852,0.72342,0.032135,0.009736,196.31,0.34444,0.0096588,0.36158,0.606
7,max-steps,600,1038,0,0,0.31749,0.13734,0.67064,0.062915,0.010118,198.1,0.33427,0.0093372,0.4002,0.637
7,max-steps,600,2025,0,0,0.31749,0.13734,0.67064,0.062915,0.010118,198.1,0.33427,0.0093372,0.4002,0.636
7,max-steps,600,3013,0,0,0.31749,0.13734,0.67064,0.062915,0.010118,198.1,0.33427,0.0093372,0.4002,0.633
7,max-steps,600,4000,0,0,0.31749,0.13734,0.67064,0.062915,0.010118,198.1,0.33427,0.0093372,0.4002,0.636
7,light-res,96,16,5.7054,0.38047,0.3014,0.13197,0.67076,0.063298,0.0090567,191.63,0.38668,0.0090234,0.39476,0.670
7,light-res,96,76,0.75192,0.062359,0.31524,0.13599,0.67049,0.06323,0.010011,197.77,0.33806,0.0092406,0.39876,0.845
7,light-res,96,136,0.54137,0.052936,0.31766,0.13709,0.6706,0.062959,0.01016,198.32,0.33264,0.0093307,0.39932,1.258
7,light-res,96,196,0.65238,0.083616,0.31829,0.13762,0.67069,0.062962,0.01019,198.45,0.33147,0.0093772,0.4006,2.196
7,light-res,96,256,0.72089,0.098822,0.31859,0.13774,0.67071,0.062956,0.010208,198.51,0.33089,0.0094003,0.40139,3.903
7,light-steps,48,8,2.9182,0.27864,0.3286,0.14213,0.67091,0.062734,0.010858,200.68,0.30664,0.0096489,0.39667,0.726
7,light-steps,48,70,0.053015,0.0021307,0.31735,0.1373,0.67065,0.062929,0.01011,198.06,0.33468,0.0093327,0.40021,1.080
7,light-steps,48,132,0.072579,0.0022474,0.31727,0.13729,0.67065,0.06295,0.010104,198.03,0.33496,0.0093292,0.40028,1.398
7,light-steps,48,194,0.076724,0.0026579,0.31725,0.13729,0.67067,0.062933,0.010102,198.02,0.33502,0.0093285,0.40028,1.747
7,light-steps,48,256,0.07833,0.0027864,0.31724,0.13728,0.67067,0.062933,0.010102,198.02,0.33505,0.0093283,0.40028,2.088
