seed,dial,from,to,change,changed_share,brightness,contrast,clear,opaque,chroma,hue,hue_spread,detail,bright_share,seconds
1,(default),,,0,0,0.21488,0.13284,0.2866,0.51062,0.012985,123.44,0.084807,0.0064351,0.42724,5.926
1,viewer-offset,0.55,0,24.668,0.86492,0.20185,0.14926,0.22625,0.50804,0.012464,124.62,0.05437,0.0067413,0.52661,5.083
1,viewer-offset,0.55,1,15.509,0.73378,0.1668,0.11831,0.50924,0.32502,0.010572,109.62,0.056476,0.0047684,0.42113,4.702
1,viewer-offset,0.55,2,15.504,0.72994,0.20684,0.11254,0.9242,0.056916,0.011126,103.56,0.027242,0.006653,0.39959,4.354
1,viewer-offset,0.55,3,15.102,0.7257,0.20761,0.11005,0.96498,0.023069,0.011101,102.74,0.021933,0.0064066,0.40029,4.284
1,viewer-offset,0.55,4,14.964,0.72121,0.20773,0.10939,0.97889,0.01169,0.011071,102.43,0.019953,0.0062671,0.40059,4.272
1,cluster-offset,0.85,0,29.286,0.75255,0.33723,0.13815,0.28373,0.51181,0.021353,133.12,0.082169,0.0077276,0.29105,4.929
1,cluster-offset,0.85,0.2375,20.707,0.72518,0.30469,0.13959,0.28394,0.51242,0.01875,130.94,0.08433,0.0077801,0.33916,4.911
1,cluster-offset,0.85,0.475,11.458,0.67101,0.2661,0.14086,0.28382,0.51229,0.016049,127.96,0.083163,0.007561,0.39307,4.874
1,cluster-offset,0.85,0.7125,3.8854,0.5185,0.23187,0.13758,0.28416,0.51143,0.014003,125.11,0.08372,0.0069401,0.42123,4.877
1,cluster-offset,0.85,0.95,2.7145,0.40729,0.2024,0.12646,0.28864,0.51095,0.012319,122.13,0.084599,0.0060605,0.41416,4.900
1,luminosity,1,0.25,10.577,0.58809,0.15718,0.11857,0.28628,0.51103,0.010623,115.79,0.072818,0.0044057,0.43363,5.099
1,luminosity,1,0.5,6.6139,0.56369,0.1815,0.1214,0.28658,0.51084,0.011471,119.01,0.07663,0.0052338,0.42249,4.918
1,luminosity,1,2,10.151,0.61916,0.26024,0.1547,0.28685,0.51065,0.015639,128.1,0.089513,0.0081482,0.44073,4.915
1,luminosity,1,4,24.738,0.67926,0.32013,0.18653,0.28697,0.51065,0.018807,130.16,0.08858,0.010254,0.44977,4.910
1,clusters,2,1,0,0,0.21488,0.13284,0.2866,0.51062,0.012985,123.44,0.084807,0.0064351,0.42724,4.862
1,clusters,2,3,0,0,0.21488,0.13284,0.2866,0.51062,0.012985,123.44,0.084807,0.0064351,0.42724,1.153
1,thickness,0.06,0.015,0.33112,0.026033,0.21568,0.1328,0.28701,0.51054,0.013031,123.56,0.085206,0.006381,0.42547,5.810
1,thickness,0.06,0.03,0.31826,0.023754,0.21556,0.1329,0.28677,0.51063,0.013026,123.56,0.085157,0.0063814,0.42609,5.029
1,thickness,0.06,0.12,0.79594,0.12652,0.21237,0.13245,0.28754,0.5099,0.01285,123.06,0.083565,0.0069783,0.42952,5.446
1,thickness,0.06,0.24,2.8416,0.39103,0.20335,0.13156,0.29646,0.50481,0.012336,121.6,0.078987,0.010103,0.43998,7.347
1,fold,0.18,0,4.9761,0.48874,0.21475,0.13357,0.29088,0.5077,0.012984,123.41,0.086148,0.0065309,0.42899,4.544
1,fold,0.18,0.25,2.233,0.32256,0.21462,0.13259,0.28432,0.51166,0.012964,123.4,0.084138,0.006403,0.42665,4.999
1,fold,0.18,0.5,7.615,0.58403,0.21224,0.13168,0.27817,0.51282,0.012844,122.95,0.080754,0.0063681,0.42668,5.479
1,fold,0.18,0.75,10.656,0.65502,0.20814,0.13123,0.27152,0.51388,0.012682,122.22,0.077651,0.0063717,0.42661,5.964
1,fold,0.18,1,12.679,0.69957,0.20387,0.13087,0.26541,0.51466,0.01268,121.87,0.075384,0.006456,0.4263,6.682
1,fold-scale,1.6,0.4,6.2682,0.53408,0.21554,0.13496,0.29677,0.4995,0.013028,123.29,0.087151,0.0065953,0.42919,4.499
1,fold-scale,1.6,0.8,6.2879,0.5362,0.21758,0.13449,0.2897,0.5074,0.013118,123.78,0.089053,0.0065613,0.42434,4.545
1,fold-scale,1.6,3.2,6.8832,0.55371,0.21194,0.1331,0.2822,0.51376,0.012834,123.01,0.084881,0.0064871,0.43287,6.755
1,fold-scale,1.6,6.4,7.2156,0.56421,0.21472,0.13475,0.28819,0.50928,0.013097,123.71,0.087417,0.0069958,0.43074,10.356
1,keep,0.7,0,14.656,0.71195,0.21066,0.1103,0.97859,0.0067239,0.0112,102.98,0.021788,0.0063127,0.40044,4.334
1,keep,0.7,0.25,13.715,0.67644,0.21916,0.1195,0.78636,0.10482,0.011901,108.14,0.039995,0.0070736,0.41402,4.546
1,keep,0.7,0.5,7.5198,0.3648,0.22365,0.13272,0.44077,0.3624,0.013021,118.9,0.06888,0.0066544,0.42268,4.758
1,keep,0.7,0.75,2.5922,0.1397,0.21037,0.12853,0.26148,0.54391,0.012796,124.91,0.085316,0.0063527,0.41769,4.937
1,keep,0.7,1,4.8743,0.19705,0.20696,0.12465,0.21426,0.61959,0.012497,128.37,0.075343,0.0063699,0.41313,4.944
1,hole-scale,1.3,0.325,8.8129,0.52448,0.19932,0.11932,0.19511,0.64592,0.012123,129.69,0.072006,0.0061105,0.39772,4.920
1,hole-scale,1.3,0.65,7.9621,0.51455,0.20614,0.12566,0.20354,0.61312,0.01247,127.94,0.079456,0.0061903,0.41724,4.915
1,hole-scale,1.3,2.6,10.656,0.64984,0.20878,0.12066,0.2478,0.48242,0.012406,125.66,0.072556,0.0068307,0.39581,5.193
1,hole-scale,1.3,5.2,10.838,0.63727,0.20358,0.12336,0.22524,0.59404,0.01228,127.34,0.073862,0.0069364,0.41437,6.116
1,outer-sharpness,6,1.5,0,0,0.21488,0.13284,0.2866,0.51062,0.012985,123.44,0.084807,0.0064351,0.42724,4.863
1,outer-sharpness,6,3,0,0,0.21488,0.13284,0.2866,0.51062,0.012985,123.44,0.084807,0.0064351,0.42724,4.880
1,outer-sharpness,6,12,0,0,0.21488,0.13284,0.2866,0.51062,0.012985,123.44,0.084807,0.0064351,0.42724,4.962
1,outer-sharpness,6,24,0,0,0.21488,0.13284,0.2866,0.51062,0.012985,123.44,0.084807,0.0064351,0.42724,4.896
1,detail-scale,5,1.25,5.8358,0.54281,0.21579,0.12732,0.28861,0.5189,0.012901,123.72,0.08674,0.0056823,0.41194,4.893
1,detail-scale,5,2.5,5.6215,0.52011,0.20919,0.13182,0.2997,0.50071,0.012515,122.46,0.084008,0.0060876,0.44163,4.865
1,detail-scale,5,10,5.6907,0.53918,0.21603,0.13265,0.28672,0.5147,0.012936,123.89,0.086984,0.007301,0.42998,4.852
1,detail-scale,5,20,5.4235,0.54737,0.21781,0.13286,0.2835,0.51859,0.013016,124,0.083559,0.0079977,0.43031,4.880
1,detail-gain,0.55,0.2,2.0587,0.31623,0.21641,0.13353,0.2813,0.51041,0.012982,123.54,0.084712,0.0060868,0.43421,4.938
1,detail-gain,0.55,0.375,1.0884,0.19115,0.21551,0.13344,0.28336,0.51028,0.012981,123.47,0.084721,0.0062039,0.4312,4.962
1,detail-gain,0.55,0.725,1.1789,0.19807,0.21398,0.13152,0.29117,0.51261,0.012945,123.39,0.084972,0.0067192,0.42067,4.939
1,detail-gain,0.55,0.9,2.3436,0.34823,0.21232,0.12949,0.29623,0.51504,0.012868,123.31,0.085317,0.0068603,0.41159,4.884
1,erosion,0.65,0,3.911,0.42937,0.23024,0.13636,0.24906,0.51668,0.013476,125.37,0.082256,0.0048564,0.45635,5.000
1,erosion,0.65,0.25,1.7034,0.2234,0.22058,0.13397,0.26977,0.51409,0.01315,124.1,0.083853,0.0056242,0.43874,4.927
1,erosion,0.65,0.5,0.54675,0.060019,0.21654,0.13306,0.28119,0.51193,0.013041,123.64,0.08446,0.006133,0.43013,4.958
1,erosion,0.65,0.75,0.32236,0.029177,0.21398,0.13279,0.28977,0.51004,0.012947,123.32,0.085048,0.0066185,0.42603,4.900
1,erosion,0.65,1,2.3588,0.27026,0.21013,0.13542,0.30076,0.475,0.012803,122.09,0.085454,0.0081213,0.42629,4.843
1,filament,0.5,0,2.9001,0.37831,0.2165,0.13334,0.2798,0.51389,0.013024,123.72,0.084505,0.0062228,0.4335,4.889
1,filament,0.5,0.25,1.7689,0.27515,0.21542,0.13298,0.28372,0.51177,0.013011,123.54,0.084749,0.0062534,0.42984,4.883
1,filament,0.5,0.75,1.992,0.29753,0.21584,0.13295,0.28505,0.51329,0.012982,123.55,0.084863,0.0067427,0.42872,4.875
1,filament,0.5,1,3.4897,0.4299,0.21753,0.13292,0.28187,0.51479,0.01298,123.83,0.085639,0.0069296,0.43018,4.902
1,contrast,1.5,0,5.0288,0.45799,0.20628,0.13004,0.26375,0.56213,0.012534,124.77,0.084504,0.0062805,0.42987,4.927
1,contrast,1.5,0.75,2.836,0.31599,0.20894,0.13131,0.26657,0.54818,0.012657,124.4,0.08468,0.0063833,0.42906,4.923
1,contrast,1.5,2.25,3.567,0.33342,0.22107,0.13328,0.3333,0.45453,0.013188,121.94,0.083049,0.0067722,0.42203,4.870
1,contrast,1.5,3,7.6561,0.47759,0.22675,0.13214,0.38684,0.37551,0.013392,120.54,0.07959,0.0070565,0.40103,4.900
1,pillars,9,0,0,0,0.21488,0.13284,0.2866,0.51062,0.012985,123.44,0.084807,0.0064351,0.42724,4.868
1,pillars,9,14,0,0,0.21488,0.13284,0.2866,0.51062,0.012985,123.44,0.084807,0.0064351,0.42724,4.883
1,pillars,9,28,0,0,0.21488,0.13284,0.2866,0.51062,0.012985,123.44,0.084807,0.0064351,0.42724,4.887
1,pillars,9,42,0,0,0.21488,0.13284,0.2866,0.51062,0.012985,123.44,0.084807,0.0064351,0.42724,4.859
1,pillars,9,56,0,0,0.21488,0.13284,0.2866,0.51062,0.012985,123.44,0.084807,0.0064351,0.42724,4.884
1,pillar-length,0.3,0.075,0,0,0.21488,0.13284,0.2866,0.51062,0.012985,123.44,0.084807,0.0064351,0.42724,4.909
1,pillar-length,0.3,0.15,0,0,0.21488,0.13284,0.2866,0.51062,0.012985,123.44,0.084807,0.0064351,0.42724,4.889
1,pillar-length,0.3,0.6,0,0,0.21488,0.13284,0.2866,0.51062,0.012985,123.44,0.084807,0.0064351,0.42724,4.890
1,pillar-length,0.3,0.8,0,0,0.21488,0.13284,0.2866,0.51062,0.012985,123.44,0.084807,0.0064351,0.42724,1.152
1,pillar-width,0.045,0.01125,0,0,0.21488,0.13284,0.2866,0.51062,0.012985,123.44,0.084807,0.0064351,0.42724,4.885
1,pillar-width,0.045,0.0225,0,0,0.21488,0.13284,0.2866,0.51062,0.012985,123.44,0.084807,0.0064351,0.42724,4.910
1,pillar-width,0.045,0.09,0,0,0.21488,0.13284,0.2866,0.51062,0.012985,123.44,0.084807,0.0064351,0.42724,4.902
1,pillar-width,0.045,0.18,0,0,0.21488,0.13284,0.2866,0.51062,0.012985,123.44,0.084807,0.0064351,0.42724,4.874
1,pillar-density,2.5,0.625,0,0,0.21488,0.13284,0.2866,0.51062,0.012985,123.44,0.084807,0.0064351,0.42724,4.930
1,pillar-density,2.5,1.25,0,0,0.21488,0.13284,0.2866,0.51062,0.012985,123.44,0.084807,0.0064351,0.42724,4.906
1,pillar-density,2.5,5,0,0,0.21488,0.13284,0.2866,0.51062,0.012985,123.44,0.084807,0.0064351,0.42724,4.870
1,pillar-density,2.5,10,0,0,0.21488,0.13284,0.2866,0.51062,0.012985,123.44,0.084807,0.0064351,0.42724,4.809
1,clouds,4,0,0,0,0.21488,0.13284,0.2866,0.51062,0.012985,123.44,0.084807,0.0064351,0.42724,4.922
1,clouds,4,3,0,0,0.21488,0.13284,0.2866,0.51062,0.012985,123.44,0.084807,0.0064351,0.42724,4.909
1,clouds,4,6,0,0,0.21488,0.13284,0.2866,0.51062,0.012985,123.44,0.084807,0.0064351,0.42724,4.899
1,clouds,4,9,0,0,0.21488,0.13284,0.2866,0.51062,0.012985,123.44,0.084807,0.0064351,0.42724,4.911
1,clouds,4,12,0,0,0.21488,0.13284,0.2866,0.51062,0.012985,123.44,0.084807,0.0064351,0.42724,4.896
1,cloud-length,0.15,0.0375,0,0,0.21488,0.13284,0.2866,0.51062,0.012985,123.44,0.084807,0.0064351,0.42724,4.883
1,cloud-length,0.15,0.075,0,0,0.21488,0.13284,0.2866,0.51062,0.012985,123.44,0.084807,0.0064351,0.42724,4.904
1,cloud-length,0.15,0.3,0,0,0.21488,0.13284,0.2866,0.51062,0.012985,123.44,0.084807,0.0064351,0.42724,4.866
1,cloud-length,0.15,0.6,0,0,0.21488,0.13284,0.2866,0.51062,0.012985,123.44,0.084807,0.0064351,0.42724,4.901
1,cloud-width,0.022,0.0055,0,0,0.21488,0.13284,0.2866,0.51062,0.012985,123.44,0.084807,0.0064351,0.42724,4.868
1,cloud-width,0.022,0.011,0,0,0.21488,0.13284,0.2866,0.51062,0.012985,123.44,0.084807,0.0064351,0.42724,4.851
1,cloud-width,0.022,0.044,0,0,0.21488,0.13284,0.2866,0.51062,0.012985,123.44,0.084807,0.0064351,0.42724,4.875
1,cloud-width,0.022,0.088,0,0,0.21488,0.13284,0.2866,0.51062,0.012985,123.44,0.084807,0.0064351,0.42724,4.886
1,cloud-distance,0.35,0.0875,0,0,0.21488,0.13284,0.2866,0.51062,0.012985,123.44,0.084807,0.0064351,0.42724,4.884
1,cloud-distance,0.35,0.175,0,0,0.21488,0.13284,0.2866,0.51062,0.012985,123.44,0.084807,0.0064351,0.42724,4.875
1,cloud-distance,0.35,0.7,0,0,0.21488,0.13284,0.2866,0.51062,0.012985,123.44,0.084807,0.0064351,0.42724,4.910
1,cloud-distance,0.35,1.4,0,0,0.21488,0.13284,0.2866,0.51062,0.012985,123.44,0.084807,0.0064351,0.42724,4.918
1,cloud-density,3,0.75,0,0,0.21488,0.13284,0.2866,0.51062,0.012985,123.44,0.084807,0.0064351,0.42724,4.886
1,cloud-density,3,1.5,0,0,0.21488,0.13284,0.2866,0.51062,0.012985,123.44,0.084807,0.0064351,0.42724,4.896
1,cloud-density,3,6,0,0,0.21488,0.13284,0.2866,0.51062,0.012985,123.44,0.084807,0.0064351,0.42724,4.908
1,cloud-density,3,12,0,0,0.21488,0.13284,0.2866,0.51062,0.012985,123.44,0.084807,0.0064351,0.42724,4.880
1,hardness,0.5,0,2.6161,0.35968,0.20965,0.12858,0.29901,0.51628,0.012758,123.05,0.086222,0.0062172,0.40816,4.865
1,hardness,0.5,0.25,1.062,0.16836,0.21269,0.13137,0.29215,0.51248,0.012908,123.25,0.085516,0.006339,0.41979,4.909
1,hardness,0.5,0.75,0.67156,0.092346,0.21635,0.13364,0.28301,0.51017,0.013029,123.58,0.084285,0.0065075,0.43159,4.896
1,hardness,0.5,1,1.0965,0.18059,0.21742,0.13408,0.2804,0.50975,0.01307,123.68,0.083936,0.0065957,0.43425,4.942
1,dust-style,lanes,vein,0,0,0.21488,0.13284,0.2866,0.51062,0.012985,123.44,0.084807,0.0064351,0.42724,4.932
1,dust-style,lanes,physical,0,0,0.21488,0.13284,0.2866,0.51062,0.012985,123.44,0.084807,0.0064351,0.42724,4.901
1,dust,0.6,0,0,0,0.21488,0.13284,0.2866,0.51062,0.012985,123.44,0.084807,0.0064351,0.42724,4.881
1,dust,0.6,0.25,0,0,0.21488,0.13284,0.2866,0.51062,0.012985,123.44,0.084807,0.0064351,0.42724,1.147
1,dust,0.6,0.5,0,0,0.21488,0.13284,0.2866,0.51062,0.012985,123.44,0.084807,0.0064351,0.42724,1.151
1,dust,0.6,0.75,0,0,0.21488,0.13284,0.2866,0.51062,0.012985,123.44,0.084807,0.0064351,0.42724,1.152
1,dust,0.6,1,0,0,0.21488,0.13284,0.2866,0.51062,0.012985,123.44,0.084807,0.0064351,0.42724,1.147
1,dust-scale,4,1,0,0,0.21488,0.13284,0.2866,0.51062,0.012985,123.44,0.084807,0.0064351,0.42724,4.479
1,dust-scale,4,2,0,0,0.21488,0.13284,0.2866,0.51062,0.012985,123.44,0.084807,0.0064351,0.42724,4.555
1,dust-scale,4,8,0,0,0.21488,0.13284,0.2866,0.51062,0.012985,123.44,0.084807,0.0064351,0.42724,6.447
1,dust-scale,4,16,0,0,0.21488,0.13284,0.2866,0.51062,0.012985,123.44,0.084807,0.0064351,0.42724,8.233
1,cavity-density,0.006,0.0015,0,0,0.21488,0.13284,0.2866,0.51062,0.012985,123.44,0.084807,0.0064351,0.42724,4.915
1,cavity-density,0.006,0.003,0,0,0.21488,0.13284,0.2866,0.51062,0.012985,123.44,0.084807,0.0064351,0.42724,1.162
1,cavity-density,0.006,0.012,0,0,0.21488,0.13284,0.2866,0.51062,0.012985,123.44,0.084807,0.0064351,0.42724,1.149
1,cavity-density,0.006,0.024,0,0,0.21488,0.13284,0.2866,0.51062,0.012985,123.44,0.084807,0.0064351,0.42724,1.147
1,cavity-density,0.006,0,0,0,0.21488,0.13284,0.2866,0.51062,0.012985,123.44,0.084807,0.0064351,0.42724,1.151
1,cavity-spread,1.7,1,0,0,0.21488,0.13284,0.2866,0.51062,0.012985,123.44,0.084807,0.0064351,0.42724,1.151
1,cavity-spread,1.7,3.4,0,0,0.21488,0.13284,0.2866,0.51062,0.012985,123.44,0.084807,0.0064351,0.42724,1.155
1,cavity-spread,1.7,4,0,0,0.21488,0.13284,0.2866,0.51062,0.012985,123.44,0.084807,0.0064351,0.42724,1.154
1,mass-inner,0.75,0.1,14.129,0.649,0.13165,0.12385,0.2409,0.61238,0.0092878,117.33,0.090482,0.0037242,0.44699,4.997
1,mass-inner,0.75,0.3125,13.756,0.65209,0.13904,0.12231,0.24203,0.60804,0.0095714,117.95,0.08943,0.0038392,0.43255,5.034
1,mass-inner,0.75,0.525,12.681,0.64838,0.15986,0.12643,0.25476,0.58731,0.010478,119.08,0.083619,0.0043448,0.44145,4.954
1,mass-inner,0.75,0.7375,1.9021,0.25504,0.21371,0.13233,0.28154,0.51687,0.012925,123.57,0.085371,0.0063108,0.42824,4.908
1,mass-inner,0.75,0.95,13.997,0.66088,0.2326,0.12418,0.43614,0.32952,0.013545,119.68,0.072978,0.0080424,0.39511,4.696
1,mass-lobes,0.4,0,9.8428,0.50967,0.22572,0.12313,0.33967,0.45663,0.013374,122.48,0.079246,0.0075572,0.40998,4.848
1,mass-lobes,0.4,0.2,6.0848,0.42254,0.22193,0.12679,0.3074,0.49082,0.013323,123.26,0.081606,0.0070463,0.41463,4.893
1,mass-lobes,0.4,0.6,4.9962,0.39542,0.20594,0.13387,0.27437,0.52761,0.012477,123.01,0.090231,0.006101,0.43867,4.940
1,mass-lobes,0.4,0.8,7.1627,0.48646,0.19506,0.1329,0.27049,0.54702,0.011963,122.3,0.094899,0.0057966,0.44917,4.961
1,mass-scale,1.5,0.5,13.837,0.7708,0.22502,0.12865,0.36757,0.28967,0.012919,120.02,0.094159,0.0057884,0.41907,3.409
1,mass-scale,1.5,0.75,14.833,0.79388,0.21158,0.13237,0.39001,0.36187,0.012729,119,0.061549,0.0053155,0.44713,3.897
1,mass-scale,1.5,3,18.565,0.85212,0.19858,0.12503,0.11623,0.65967,0.012489,129.5,0.082966,0.006613,0.41017,6.001
1,mass-scale,1.5,6,19.859,0.85495,0.21834,0.13114,0.084723,0.71153,0.013889,131.98,0.071281,0.0097428,0.40227,6.824
1,mass-density,6,1.5,9.471,0.62399,0.2338,0.13213,0.40132,0.25891,0.01356,118.59,0.076697,0.0068379,0.41658,4.925
1,mass-density,6,3,4.7208,0.50214,0.22394,0.13333,0.33455,0.4144,0.01327,120.94,0.081183,0.0064828,0.42863,4.910
1,mass-density,6,12,4.1843,0.45984,0.20713,0.13059,0.25157,0.58076,0.012624,125.71,0.085636,0.0067501,0.42097,4.842
1,mass-density,6,20,6.7101,0.54901,0.20262,0.12887,0.23242,0.62567,0.012421,127.42,0.084338,0.0071217,0.41419,4.764
1,mass-clusters,1,2,12.55,0.65276,0.27487,0.13932,0.2815,0.50713,0.01682,129.54,0.090326,0.0067901,0.37055,8.097
1,mass-clusters,1,3,25.204,0.723,0.32831,0.16086,0.28498,0.50085,0.019839,130.48,0.084163,0.0070672,0.37145,11.439
1,mass-cavity,0,0.0005,0.018096,0.0026371,0.21497,0.13284,0.28659,0.51063,0.012991,123.46,0.084714,0.006429,0.42711,4.969
1,mass-cavity,0,0.002,1.9938,0.14397,0.22576,0.13109,0.28542,0.51048,0.013517,124.54,0.079968,0.0059729,0.40866,4.982
1,mass-cavity,0,0.008,8.6799,0.34353,0.25899,0.1353,0.27744,0.51075,0.015827,127.43,0.063002,0.0049537,0.37708,5.077
1,mass-cavity,0,0.032,24.737,0.68501,0.32758,0.15939,0.24418,0.51344,0.019613,129.44,0.044763,0.0033833,0.35871,5.369
1,mass-fine,1,0,5.7314,0.53205,0.21014,0.13221,0.30883,0.50571,0.012553,121.98,0.08361,0.0053533,0.43383,1.825
1,mass-fine,1,0.75,1.527,0.25854,0.21358,0.13231,0.2943,0.50869,0.012835,122.94,0.084201,0.0059924,0.42938,4.983
1,mass-fine,1,1.5,2.9023,0.39597,0.21728,0.13381,0.26632,0.51617,0.013235,124.45,0.086904,0.0073789,0.42276,4.968
1,mass-fine,1,2.25,6.4839,0.56854,0.22024,0.13511,0.2356,0.52702,0.013488,125.75,0.08845,0.0088477,0.41968,5.000
1,mass-fine,1,3,9.2855,0.65261,0.2226,0.13579,0.20687,0.54003,0.01368,126.91,0.088635,0.010036,0.41619,4.996
1,mass-edge,0,0.25,2.277,0.33103,0.21532,0.13376,0.30268,0.5047,0.013044,123.32,0.08534,0.0068586,0.4265,4.868
1,mass-edge,0,0.5,4.5645,0.46993,0.21586,0.13502,0.31874,0.49898,0.013124,123.21,0.085634,0.0075077,0.42564,4.935
1,mass-edge,0,0.75,6.9392,0.53928,0.21742,0.13783,0.33557,0.49468,0.013358,123.29,0.086037,0.0086207,0.42568,4.937
1,mass-edge,0,1,10.213,0.57973,0.22567,0.1469,0.34799,0.4923,0.014031,124.05,0.087736,0.011025,0.42758,5.032
1,mass-edge-patch,0,0.25,0,0,0.21488,0.13284,0.2866,0.51062,0.012985,123.44,0.084807,0.0064351,0.42724,4.882
1,mass-edge-patch,0,0.5,0,0,0.21488,0.13284,0.2866,0.51062,0.012985,123.44,0.084807,0.0064351,0.42724,4.855
1,mass-edge-patch,0,0.75,0,0,0.21488,0.13284,0.2866,0.51062,0.012985,123.44,0.084807,0.0064351,0.42724,4.915
1,mass-edge-patch,0,1,0,0,0.21488,0.13284,0.2866,0.51062,0.012985,123.44,0.084807,0.0064351,0.42724,4.893
1,graze,3,0,7.7383,0.47255,0.24622,0.1528,0.2879,0.51016,0.015006,127.55,0.1008,0.0069882,0.42691,4.767
1,graze,3,1.25,4.6726,0.55064,0.23776,0.13861,0.28727,0.51041,0.014126,125.97,0.088473,0.0061622,0.43039,1.150
1,graze,3,2.5,0.88514,0.15716,0.21932,0.13404,0.28667,0.51053,0.013195,123.94,0.085338,0.0063781,0.42875,1.152
1,graze,3,3.75,1.004,0.19507,0.20975,0.13141,0.28653,0.51076,0.012732,122.84,0.084235,0.0064893,0.42491,1.151
1,graze,3,5,2.1625,0.41736,0.20375,0.12966,0.28634,0.51078,0.012432,122.11,0.08362,0.006533,0.42139,1.150
1,mass-blister,0.3,0,0.1758,0.024138,0.21494,0.13262,0.28457,0.51296,0.012991,123.58,0.085197,0.0064423,0.42602,4.926
1,mass-blister,0.3,0.25,0.14343,0.021949,0.21491,0.13262,0.28499,0.51253,0.012988,123.56,0.085131,0.0064408,0.42615,4.869
1,mass-blister,0.3,0.5,3.2594,0.28036,0.21512,0.13567,0.3577,0.42356,0.012727,120.34,0.075871,0.0063909,0.44825,4.860
1,mass-blister,0.3,0.75,7.5308,0.50546,0.22044,0.13467,0.55056,0.24047,0.012399,115.6,0.07406,0.0068496,0.44615,4.810
1,mass-blister,0.3,1,11.587,0.64891,0.24137,0.12739,0.62628,0.067934,0.012937,112.91,0.061458,0.0070809,0.41363,4.806
1,mass-cluster-size,0.15,0.0375,2.952,0.39808,0.21829,0.13963,0.28657,0.51069,0.013134,124.16,0.094421,0.0069964,0.43969,4.054
1,mass-cluster-size,0.15,0.075,1.8559,0.3136,0.21685,0.13679,0.2865,0.51062,0.01305,123.81,0.090252,0.0067439,0.43575,4.359
1,mass-cluster-size,0.15,0.3,2.6976,0.40897,0.20688,0.12795,0.28681,0.51062,0.012746,122.39,0.078212,0.005972,0.41989,6.060
1,mass-cluster-size,0.15,0.5,3.7465,0.46694,0.20765,0.12903,0.28684,0.51075,0.012733,122.17,0.076803,0.0059311,0.43425,7.798
1,mass-cluster-size,0.15,0,3.616,0.43336,0.21929,0.14155,0.2865,0.51068,0.013201,124.38,0.096982,0.007228,0.44167,1.613
1,mass-dust,0,0.25,1.7989,0.21497,0.20725,0.1301,0.27434,0.54283,0.012789,117.24,0.076077,0.006348,0.42303,4.860
1,mass-dust,0,0.5,3.9365,0.2864,0.19443,0.12882,0.26662,0.5628,0.013019,110.09,0.1126,0.0065909,0.42034,4.820
1,mass-dust,0,0.75,4.9231,0.32724,0.18895,0.12774,0.26177,0.5773,0.013578,103.91,0.14808,0.0065949,0.41944,4.826
1,mass-dust,0,1,5.5592,0.35538,0.18603,0.12632,0.25792,0.58842,0.014306,98.258,0.17636,0.0065957,0.41885,4.854
1,mass-warp,0.25,0,4.9593,0.48872,0.21411,0.13342,0.29087,0.50775,0.012958,123.34,0.085998,0.006507,0.42917,4.803
1,mass-warp,0.25,0.5,5.0736,0.4998,0.21468,0.13213,0.28165,0.5122,0.012965,123.37,0.082837,0.0063841,0.42585,4.907
1,mass-warp,0.25,0.75,8.264,0.60045,0.21332,0.13184,0.27736,0.5132,0.012892,123.07,0.081089,0.0064073,0.42522,4.951
1,mass-warp,0.25,1,10.458,0.65316,0.21123,0.13171,0.27259,0.51362,0.012829,122.67,0.079237,0.006444,0.42513,4.972
1,cluster-size,0,0.005,0,0,0.21488,0.13284,0.2866,0.51062,0.012985,123.44,0.084807,0.0064351,0.42724,4.911
1,cluster-size,0,0.02,0,0,0.21488,0.13284,0.2866,0.51062,0.012985,123.44,0.084807,0.0064351,0.42724,1.153
1,cluster-size,0,0.08,0,0,0.21488,0.13284,0.2866,0.51062,0.012985,123.44,0.084807,0.0064351,0.42724,1.156
1,cluster-size,0,0.32,0,0,0.21488,0.13284,0.2866,0.51062,0.012985,123.44,0.084807,0.0064351,0.42724,1.162
1,fill-shadow,15,3.75,6.748,0.57632,0.2486,0.13416,0.28715,0.51005,0.015082,127.53,0.083997,0.0060845,0.37931,1.276
1,fill-shadow,15,7.5,2.6394,0.44325,0.228,0.13417,0.28677,0.51034,0.013801,125.19,0.08521,0.0063742,0.40796,1.168
1,fill-shadow,15,30,1.6417,0.34146,0.2067,0.13167,0.28644,0.51098,0.012502,122.25,0.083157,0.0063869,0.43963,1.148
1,fill-shadow,15,60,2.5952,0.39612,0.20186,0.13102,0.28625,0.5111,0.012247,121.53,0.081483,0.0063048,0.44704,1.146
1,fill,0.1,0.025,3.2511,0.41315,0.19873,0.12986,0.28646,0.51084,0.012068,121.03,0.080131,0.0058148,0.45135,1.152
1,fill,0.1,0.05,2.1231,0.36553,0.2046,0.1304,0.28646,0.51074,0.012366,121.92,0.082208,0.006009,0.44185,1.152
1,fill,0.1,0.2,3.8029,0.44037,0.23217,0.13986,0.28687,0.51067,0.014214,125.66,0.085878,0.0072159,0.41006,1.151
1,fill,0.1,0.4,10.2,0.51939,0.25956,0.1558,0.28723,0.51068,0.016174,127.68,0.082492,0.0085126,0.39837,1.150
1,fill,0.1,0,4.4205,0.44103,0.19205,0.13012,0.28636,0.51101,0.01177,120.03,0.078019,0.0056473,0.46244,0.934
1,blister,0.8,0,0,0,0.21488,0.13284,0.2866,0.51062,0.012985,123.44,0.084807,0.0064351,0.42724,1.150
1,blister,0.8,0.25,0,0,0.21488,0.13284,0.2866,0.51062,0.012985,123.44,0.084807,0.0064351,0.42724,1.161
1,blister,0.8,0.5,0,0,0.21488,0.13284,0.2866,0.51062,0.012985,123.44,0.084807,0.0064351,0.42724,1.147
1,blister,0.8,0.75,0,0,0.21488,0.13284,0.2866,0.51062,0.012985,123.44,0.084807,0.0064351,0.42724,1.146
1,blister,0.8,1,0,0,0.21488,0.13284,0.2866,0.51062,0.012985,123.44,0.084807,0.0064351,0.42724,1.149
1,distant-count,3,0,0,0,0.21488,0.13284,0.2866,0.51062,0.012985,123.44,0.084807,0.0064351,0.42724,4.280
1,distant-count,3,2,1.2083e-05,0,0.21488,0.13284,0.2866,0.51062,0.012985,123.44,0.084807,0.0064351,0.42724,4.675
1,distant-count,3,4,4.6513e-05,0,0.21488,0.13284,0.2866,0.51062,0.012985,123.44,0.084807,0.0064351,0.42724,5.041
1,distant-count,3,5,0.21708,0.0047956,0.21577,0.13354,0.28396,0.5113,0.013049,123.79,0.087401,0.0065525,0.42711,5.379
1,distant-count,3,7,0.47302,0.015116,0.21675,0.13514,0.28158,0.51216,0.013085,123.79,0.087121,0.0064425,0.43379,5.933
1,distant-min-deg,3,0.75,0,0,0.21488,0.13284,0.2866,0.51062,0.012985,123.44,0.084807,0.0064351,0.42724,4.910
1,distant-min-deg,3,1.5,0,0,0.21488,0.13284,0.2866,0.51062,0.012985,123.44,0.084807,0.0064351,0.42724,4.879
1,distant-min-deg,3,6,0,0,0.21488,0.13284,0.2866,0.51062,0.012985,123.44,0.084807,0.0064351,0.42724,4.917
1,distant-min-deg,3,12,0.00088828,0.00010318,0.21488,0.13284,0.2866,0.51063,0.012985,123.45,0.084816,0.0064355,0.42723,4.929
1,distant-max-deg,14,3.5,0,0,0.21488,0.13284,0.2866,0.51062,0.012985,123.44,0.084807,0.0064351,0.42724,4.894
1,distant-max-deg,14,7,0,0,0.21488,0.13284,0.2866,0.51062,0.012985,123.44,0.084807,0.0064351,0.42724,4.852
1,distant-max-deg,14,28,0,0,0.21488,0.13284,0.2866,0.51062,0.012985,123.44,0.084807,0.0064351,0.42724,4.889
1,distant-max-deg,14,56,0,0,0.21488,0.13284,0.2866,0.51062,0.012985,123.44,0.084807,0.0064351,0.42724,4.877
1,density,1,0.25,8.6413,0.63048,0.25016,0.13393,0.34337,0.27285,0.014342,121.31,0.074035,0.0052611,0.42271,5.105
1,density,1,0.5,3.9162,0.48576,0.23076,0.13393,0.31041,0.42092,0.013569,121.99,0.080187,0.0056772,0.43236,4.993
1,density,1,2,3.2758,0.41459,0.20358,0.13159,0.26811,0.57323,0.012434,125.05,0.086599,0.0077357,0.4166,4.787
1,density,1,4,6.0848,0.52068,0.19766,0.13212,0.25485,0.62002,0.012206,127.07,0.085732,0.0097771,0.40756,4.732
1,sigma,8,2,8.585,0.63091,0.24946,0.13223,0.34349,0.27286,0.014358,121.34,0.073965,0.0052109,0.41266,5.063
1,sigma,8,4,3.8965,0.48568,0.23053,0.13329,0.31042,0.42092,0.013576,122,0.080143,0.0056555,0.42803,5.006
1,sigma,8,16,3.2717,0.41479,0.20365,0.13182,0.26806,0.57324,0.01243,125.04,0.086624,0.0077517,0.4185,4.820
1,sigma,8,32,6.0832,0.52079,0.19774,0.13239,0.25483,0.62002,0.012201,127.07,0.085774,0.0097921,0.40985,4.714
1,oxygen-threshold,20,5,0.12426,0.015506,0.21535,0.13368,0.2866,0.51063,0.012983,123.47,0.084855,0.0064801,0.43285,4.933
1,oxygen-threshold,20,10,0.054901,0.0076831,0.21508,0.13327,0.28658,0.51063,0.012982,123.45,0.084827,0.0064533,0.43034,1.148
1,oxygen-threshold,20,40,0.040761,0.0061037,0.21475,0.13243,0.28664,0.51064,0.012991,123.45,0.084773,0.0064219,0.42419,1.151
1,oxygen-threshold,20,80,0.069392,0.0089119,0.21465,0.13214,0.28666,0.51064,0.012995,123.45,0.084747,0.0064116,0.42205,1.153
1,line-o,1,0,0.3235,0.017469,0.21377,0.12981,0.28675,0.51063,0.013008,123.49,0.084652,0.006446,0.40732,1.154
1,line-o,1,2,0.19163,0.017045,0.21551,0.13477,0.28642,0.51061,0.012962,123.43,0.084932,0.0064934,0.44217,1.153
1,line-o,1,3,0.32842,0.021228,0.21597,0.13613,0.28637,0.51064,0.012946,123.42,0.084997,0.0065423,0.45309,1.150
1,line-o,1,4,0.43655,0.024027,0.21633,0.13719,0.28629,0.51067,0.012936,123.42,0.08504,0.0065841,0.46151,1.150
1,line-h,1,0,6.9704,0.549,0.18047,0.12167,0.28663,0.51069,0.011403,118.39,0.073727,0.0048744,0.44336,1.155
1,line-h,1,2,5.6606,0.54867,0.24013,0.14569,0.28672,0.51069,0.014526,126.44,0.088113,0.0076808,0.42842,1.150
1,line-h,1,3,10.5,0.59495,0.26078,0.15753,0.28684,0.5108,0.015809,128.09,0.088267,0.0087097,0.43226,1.149
1,line-h,1,4,14.764,0.6139,0.27841,0.16818,0.28705,0.51069,0.016828,128.9,0.087286,0.0095476,0.43615,1.147
1,line-s,0.5,0,5.2486,0.54695,0.18756,0.12622,0.28628,0.51073,0.01166,119.89,0.079161,0.0057745,0.43424,1.149
1,line-s,0.5,1,4.5293,0.55395,0.23595,0.14115,0.28693,0.51063,0.014165,125.93,0.088671,0.0070848,0.42807,1.151
1,line-s,0.5,2,12.151,0.63168,0.26918,0.15687,0.28727,0.51077,0.016172,128.98,0.093454,0.0081712,0.43253,1.152
1,line-s,0.5,3,18.498,0.65868,0.29555,0.17042,0.28746,0.51068,0.017689,130.3,0.094014,0.0090199,0.43616,1.150
1,line-s,0.5,4,23.985,0.67451,0.31762,0.18209,0.28752,0.51067,0.01879,130.7,0.092526,0.0097063,0.43864,1.153
1,line-colors,natural,hubble-sho,9.5662,0.6021,0.25736,0.15331,0.28695,0.51076,0.015578,127.98,0.089543,0.0082806,0.42686,1.153
1,line-colors,natural,hoo,0.076568,0.0040206,0.21453,0.13257,0.28663,0.51063,0.012974,123.42,0.084757,0.0064321,0.42567,1.153
1,grade,auto,physical,12.082,0.79698,0.23005,0.13147,0.2866,0.51062,0.048796,24.204,0.026911,0.0065271,0.41118,1.177
1,grade-strength,1,0,11.924,0.73841,0.22936,0.13191,0.2866,0.51062,0.048795,27.386,0.050529,0.0065537,0.41121,1.151
1,grade-strength,1,0.25,9.1889,0.70318,0.22479,0.13231,0.2866,0.51062,0.039199,29.772,0.065609,0.0065104,0.41543,1.156
1,grade-strength,1,0.5,6.3424,0.65487,0.22063,0.13275,0.2866,0.51062,0.028145,36.213,0.090618,0.0064704,0.41979,1.158
1,grade-strength,1,0.75,3.3168,0.58317,0.2171,0.13307,0.2866,0.51062,0.016299,57.92,0.11152,0.0064365,0.42387,1.152
1,haze,0.004,0.001,4.2151,0.85232,0.18031,0.14913,0.28705,0.51132,0.0117,117.43,0.10996,0.0082412,0.47234,1.150
1,haze,0.004,0.002,2.8936,0.74777,0.19309,0.14296,0.28693,0.51108,0.012384,119.51,0.094353,0.0074556,0.45597,1.151
1,haze,0.004,0.008,5.8865,0.94835,0.24854,0.11947,0.28647,0.51015,0.014067,128.2,0.076113,0.0053958,0.38185,1.148
1,haze,0.004,0.016,16.446,0.99711,0.29768,0.10754,0.28602,0.50981,0.017157,134.75,0.074469,0.0043623,0.3215,1.149
1,haze,0.004,0,5.3814,0.88078,0.16897,0.1535,0.28716,0.51166,0.011073,115.76,0.12286,0.0087988,0.49028,1.148
1,shoulder,0.8,0.2,0.41734,0.020552,0.21353,0.12763,0.2866,0.51062,0.012989,123.44,0.08476,0.0062557,0.38872,1.149
1,shoulder,0.8,0.4,0.087793,0.0057077,0.21461,0.13157,0.2866,0.51062,0.012989,123.44,0.084803,0.0063885,0.4142,1.153
1,shoulder,0.8,1.6,0.0099544,0.0013201,0.21491,0.133,0.2866,0.51062,0.012985,123.44,0.084807,0.0064407,0.43014,1.152
1,shoulder,0.8,3.2,0.010026,0.0013201,0.21491,0.133,0.2866,0.51062,0.012985,123.44,0.084807,0.0064407,0.43018,1.147
1,shoulder,0.8,0,0.010026,0.0013201,0.21491,0.133,0.2866,0.51062,0.012985,123.44,0.084807,0.0064407,0.43018,1.148
1,grade-dust,1,0,0,0,0.21488,0.13284,0.2866,0.51062,0.012985,123.44,0.084807,0.0064351,0.42724,1.151
1,grade-dust,1,0.25,0,0,0.21488,0.13284,0.2866,0.51062,0.012985,123.44,0.084807,0.0064351,0.42724,1.151
1,grade-dust,1,0.5,0,0,0.21488,0.13284,0.2866,0.51062,0.012985,123.44,0.084807,0.0064351,0.42724,1.153
1,grade-dust,1,0.75,0,0,0.21488,0.13284,0.2866,0.51062,0.012985,123.44,0.084807,0.0064351,0.42724,1.153
1,hue-type,auto,single,0.25838,0.080246,0.21488,0.13284,0.2866,0.51062,0.013404,120.84,0.059435,0.0064347,0.42724,1.151
1,hue-type,auto,fan,0,0,0.21488,0.13284,0.2866,0.51062,0.012985,123.44,0.084807,0.0064351,0.42724,1.147
1,hue-type,auto,split,1.9102,0.24229,0.21581,0.13346,0.2866,0.51062,0.016052,94.413,0.20516,0.0064485,0.42722,1.148
1,palette-family,auto,warm,7.5611,0.95942,0.22125,0.13064,0.2866,0.51062,0.030589,55.981,0.044232,0.0063179,0.42687,1.150
1,palette-family,auto,green,0,0,0.21488,0.13284,0.2866,0.51062,0.012985,123.44,0.084807,0.0064351,0.42724,1.153
1,palette-family,auto,teal,2.2144,0.67628,0.21496,0.13259,0.28658,0.51062,0.011039,157.31,0.22816,0.0064244,0.42725,1.154
1,palette-family,auto,blue,2.9827,0.87389,0.21587,0.13232,0.2866,0.51062,0.0097387,238.81,0.34687,0.0063543,0.42686,1.147
1,grade-galaxy,0.2,0,0.31373,0.076253,0.21502,0.13292,0.2866,0.51062,0.013386,118.41,0.11597,0.0064299,0.42724,1.153
1,grade-galaxy,0.2,0.25,0.078947,0,0.21485,0.13281,0.2866,0.51062,0.012911,124.7,0.077396,0.0064368,0.42724,1.153
1,grade-galaxy,0.2,0.5,0.47675,0.13032,0.21469,0.1327,0.2866,0.51062,0.012749,130.86,0.047378,0.0064415,0.42723,1.153
1,grade-galaxy,0.2,0.75,0.88081,0.21687,0.21456,0.13258,0.2866,0.51062,0.012966,136.73,0.033822,0.0064425,0.42724,1.154
1,grade-galaxy,0.2,1,1.2923,0.27551,0.21445,0.13245,0.2866,0.51062,0.013498,142.17,0.033787,0.0064396,0.42724,1.150
1,grade-stars,0.6,0,0.073457,0.011879,0.21491,0.13284,0.2866,0.51062,0.012846,123.07,0.092427,0.0064452,0.42722,1.155
1,grade-stars,0.6,0.25,0.043166,0.0053511,0.2149,0.13284,0.2866,0.51062,0.012897,123.23,0.088756,0.0064409,0.42722,1.155
1,grade-stars,0.6,0.5,0.012556,0.00048249,0.21488,0.13284,0.2866,0.51062,0.012958,123.38,0.085792,0.006437,0.42722,1.153
1,grade-stars,0.6,0.75,0.018846,0.0013176,0.21487,0.13283,0.2866,0.51062,0.013031,123.53,0.083584,0.0064331,0.42723,1.149
1,grade-stars,0.6,1,0.050124,0.0069389,0.21486,0.13283,0.2866,0.51062,0.013112,123.68,0.081945,0.0064298,0.42721,1.153
1,reflection,0.2,0.05,0.38996,0.038837,0.21258,0.13293,0.28661,0.51066,0.012855,123.22,0.085433,0.0064933,0.42774,1.149
1,reflection,0.2,0.1,0.25925,0.020017,0.21336,0.13288,0.28662,0.51063,0.012901,123.3,0.085191,0.0064734,0.42753,1.148
1,reflection,0.2,0.4,0.50981,0.054059,0.21779,0.13286,0.28663,0.51059,0.013137,123.72,0.084157,0.0063647,0.42684,1.147
1,reflection,0.2,0.8,1.4971,0.23229,0.22322,0.13318,0.28667,0.51054,0.013413,124.17,0.083099,0.0062727,0.42697,1.153
1,reflection,0.2,0,0.52138,0.055328,0.21178,0.133,0.28661,0.51067,0.012806,123.13,0.085673,0.0065117,0.42794,1.148
1,anisotropy,0.5,-0.9,0.95697,0.098739,0.2154,0.13255,0.28665,0.51061,0.012915,124.15,0.093551,0.0064844,0.42274,1.152
1,anisotropy,0.5,-0.45,0.84537,0.14434,0.21807,0.13173,0.28661,0.51056,0.013063,124.06,0.087861,0.006374,0.423,1.148
1,anisotropy,0.5,0,0.50124,0.025674,0.21759,0.13197,0.28657,0.51054,0.013122,123.8,0.084873,0.0063617,0.42429,1.152
1,anisotropy,0.5,0.45,0.054119,0,0.2152,0.13277,0.2866,0.51061,0.013003,123.48,0.084738,0.0064262,0.42697,1.149
1,anisotropy,0.5,0.9,0.43252,0.044179,0.2123,0.133,0.28661,0.51065,0.012837,123.18,0.085497,0.0064991,0.42798,1.151
1,ion-opacity,8,2,4.6412,0.4823,0.20646,0.12512,0.28732,0.51023,0.012239,121.33,0.075616,0.0045606,0.43698,4.871
1,ion-opacity,8,4,2.6319,0.37283,0.20833,0.12958,0.28702,0.51064,0.01246,122.05,0.07988,0.005362,0.44026,4.919
1,ion-opacity,8,16,4.1074,0.43942,0.23029,0.13943,0.28639,0.51062,0.014116,125.65,0.087822,0.007786,0.40734,4.902
1,ion-opacity,8,32,10.853,0.54115,0.25811,0.15548,0.28652,0.51049,0.016078,127.79,0.085454,0.0095227,0.39491,4.890
1,dust-opacity,6,1.5,0,0,0.21488,0.13284,0.2866,0.51062,0.012985,123.44,0.084807,0.0064351,0.42724,4.898
1,dust-opacity,6,3,0,0,0.21488,0.13284,0.2866,0.51062,0.012985,123.44,0.084807,0.0064351,0.42724,4.895
1,dust-opacity,6,12,0,0,0.21488,0.13284,0.2866,0.51062,0.012985,123.44,0.084807,0.0064351,0.42724,4.828
1,dust-opacity,6,24,0,0,0.21488,0.13284,0.2866,0.51062,0.012985,123.44,0.084807,0.0064351,0.42724,4.912
1,dust-opacity,6,0,0,0,0.21488,0.13284,0.2866,0.51062,0.012985,123.44,0.084807,0.0064351,0.42724,4.887
1,rim-shadow,2,0,0.030252,0.0017845,0.21508,0.13275,0.2866,0.51062,0.012992,123.46,0.084878,0.0064259,0.42695,4.887
1,rim-shadow,2,1.5,0.00058015,0,0.21488,0.13283,0.2866,0.51062,0.012985,123.44,0.084808,0.006435,0.42723,1.146
1,rim-shadow,2,3,0.00059231,0,0.21488,0.13284,0.2866,0.51061,0.012985,123.44,0.084807,0.0064352,0.42724,1.152
1,rim-shadow,2,4.5,0.0010033,0,0.21487,0.13284,0.2866,0.51061,0.012985,123.44,0.084807,0.0064352,0.42724,1.152
1,rim-shadow,2,6,0.0012261,0,0.21487,0.13284,0.2866,0.51061,0.012985,123.44,0.084807,0.0064353,0.42724,1.149
1,star-brightness,0.55,0.1375,0.67246,0.091394,0.21196,0.13116,0.2866,0.51062,0.012906,123.33,0.087295,0.0052515,0.42764,1.150
1,star-brightness,0.55,0.275,0.43996,0.058328,0.21298,0.13168,0.2866,0.51062,0.012932,123.38,0.086374,0.0056677,0.42717,1.155
1,star-brightness,0.55,1.1,0.80735,0.11911,0.21829,0.13533,0.2866,0.51062,0.013084,123.53,0.082392,0.0077708,0.42949,1.151
1,star-brightness,0.55,2.2,2.2349,0.23244,0.22419,0.14038,0.2866,0.51062,0.013258,123.63,0.078821,0.0099579,0.43818,1.155
1,star-brightness,0.55,0,0.90441,0.11596,0.2109,0.1308,0.2866,0.51062,0.012883,123.27,0.088323,0.004831,0.4287,1.147
1,star-count,30000,7500,0.66073,0.083603,0.21196,0.13146,0.2866,0.51062,0.012906,123.33,0.087477,0.0053195,0.42925,0.864
1,star-count,30000,15000,0.44758,0.052885,0.21291,0.13193,0.2866,0.51062,0.012928,123.38,0.086554,0.0057011,0.42878,0.957
1,star-count,30000,60000,0.94486,0.11268,0.21899,0.13515,0.2866,0.51062,0.013092,123.6,0.081602,0.0077488,0.42732,1.539
1,star-count,30000,120000,2.7641,0.28391,0.22672,0.14007,0.2866,0.51062,0.01329,123.85,0.076448,0.0096761,0.42981,2.306
1,star-reach,1.5,0.375,1.2924,0.14315,0.21531,0.13219,0.2866,0.51062,0.012975,123.36,0.085583,0.0067157,0.43141,1.013
1,star-reach,1.5,0.75,1.25,0.13825,0.21493,0.13243,0.2866,0.51062,0.01297,123.39,0.085816,0.0065346,0.42967,1.042
1,star-reach,1.5,3,1.4598,0.14807,0.21598,0.13578,0.2866,0.51062,0.012992,123.61,0.08337,0.0068707,0.44168,2.001
1,star-reach,1.5,6,1.4156,0.14442,0.21496,0.13611,0.2866,0.51062,0.012931,123.68,0.083612,0.0064072,0.44455,3.360
1,nebula-scale,0.08,0.02,0.00081204,0.00011328,0.21487,0.13284,0.2866,0.51062,0.012985,123.45,0.084807,0.0064331,0.42725,1.152
1,nebula-scale,0.08,0.04,0.00081204,0.00011328,0.21487,0.13284,0.2866,0.51062,0.012985,123.45,0.084807,0.0064331,0.42725,1.151
1,nebula-scale,0.08,0.16,0.018481,0.0010821,0.21498,0.13286,0.2866,0.51062,0.01299,123.44,0.08478,0.0064835,0.42735,1.145
1,nebula-scale,0.08,0.32,0.082628,0.0065882,0.21537,0.13281,0.2866,0.51062,0.013006,123.41,0.084492,0.0066782,0.42711,1.149
1,cluster-stars,1,0.25,0.0090911,0.00025576,0.21485,0.13276,0.2866,0.51062,0.012985,123.44,0.084741,0.006432,0.42684,1.151
1,cluster-stars,1,0.5,0.0052072,0.00025576,0.21486,0.13279,0.2866,0.51062,0.012985,123.44,0.084775,0.0064336,0.42697,1.152
1,cluster-stars,1,2,0.0063269,0.00031667,0.2149,0.1329,0.2866,0.51062,0.012985,123.44,0.084829,0.0064386,0.42778,1.151
1,cluster-stars,1,4,0.013208,0.00032896,0.21492,0.13298,0.2866,0.51062,0.012984,123.44,0.084826,0.0064423,0.42886,1.149
1,cluster-stars,1,0,0.015363,0.00031667,0.21482,0.13274,0.2866,0.51062,0.012986,123.44,0.08468,0.0064319,0.42683,1.149
1,young,40,0,0.00080104,9.3473e-05,0.21488,0.13283,0.2866,0.51062,0.012985,123.44,0.084805,0.0064365,0.42722,1.152
1,young,40,125,0.0016788,0.00022536,0.21489,0.13284,0.2866,0.51062,0.012985,123.45,0.084812,0.0064321,0.42727,1.151
1,young,40,250,0.0043113,0.00057652,0.2149,0.13285,0.2866,0.51062,0.012985,123.45,0.084822,0.0064288,0.42734,1.150
1,young,40,375,0.0069048,0.00076902,0.21491,0.13287,0.2866,0.51062,0.012984,123.45,0.084833,0.006425,0.4274,1.154
1,young,40,500,0.0096752,0.00094932,0.21492,0.13289,0.2866,0.51062,0.012984,123.45,0.084845,0.006422,0.42744,1.152
1,star-halo,0.1,0,0.024652,0.00037842,0.21492,0.13286,0.2866,0.51062,0.012986,123.44,0.084777,0.0064419,0.42724,1.152
1,star-halo,0.1,0.25,0.037149,0.0014169,0.21482,0.1328,0.2866,0.51062,0.012983,123.44,0.08485,0.0064339,0.42719,1.149
1,star-halo,0.1,0.5,0.098086,0.0082449,0.21473,0.13274,0.2866,0.51062,0.01298,123.44,0.084913,0.006452,0.42716,1.147
1,star-halo,0.1,0.75,0.15965,0.016129,0.21464,0.13269,0.2866,0.51062,0.012977,123.44,0.084965,0.0064922,0.42716,1.150
1,star-halo,0.1,1,0.22137,0.024582,0.21455,0.13265,0.2866,0.51062,0.012974,123.44,0.085039,0.0065496,0.42718,1.150
1,star-halo-deg,0.4,0.1,0.081969,0.0057963,0.21487,0.13289,0.2866,0.51062,0.012986,123.44,0.084837,0.0066435,0.42747,1.146
1,star-halo-deg,0.4,0.2,0.042497,0.0023886,0.21488,0.13287,0.2866,0.51062,0.012986,123.44,0.084814,0.0065453,0.42737,1.149
1,star-halo-deg,0.4,0.8,0.03282,0.0014703,0.21483,0.13277,0.2866,0.51062,0.012983,123.44,0.084831,0.006332,0.42706,1.154
1,star-halo-deg,0.4,1.6,0.05363,0.0030548,0.21472,0.13269,0.2866,0.51062,0.01298,123.44,0.08492,0.0062868,0.42703,1.152
1,spike,0,0.125,0,0,0.21488,0.13284,0.2866,0.51062,0.012985,123.44,0.084807,0.0064351,0.42724,1.154
1,spike,0,0.25,0,0,0.21488,0.13284,0.2866,0.51062,0.012985,123.44,0.084807,0.0064351,0.42724,1.155
1,spike,0,0.375,0,0,0.21488,0.13284,0.2866,0.51062,0.012985,123.44,0.084807,0.0064351,0.42724,1.149
1,spike,0,0.5,0,0,0.21488,0.13284,0.2866,0.51062,0.012985,123.44,0.084807,0.0064351,0.42724,1.152
1,spike-flux,5000,1250,0,0,0.21488,0.13284,0.2866,0.51062,0.012985,123.44,0.084807,0.0064351,0.42724,1.155
1,spike-flux,5000,2500,0,0,0.21488,0.13284,0.2866,0.51062,0.012985,123.44,0.084807,0.0064351,0.42724,1.153
1,spike-flux,5000,10000,0,0,0.21488,0.13284,0.2866,0.51062,0.012985,123.44,0.084807,0.0064351,0.42724,1.151
1,spike-flux,5000,20000,0,0,0.21488,0.13284,0.2866,0.51062,0.012985,123.44,0.084807,0.0064351,0.42724,1.149
1,nebula,on,off,14.877,0.71684,0.20749,0.10884,1,0,0.01099,101.97,0.017026,0.0059876,0.40132,0.505
1,galaxy-style,barred-spiral,grand-design,3.0962,0.35409,0.22307,0.13357,0.28696,0.51081,0.013253,121.56,0.089806,0.0064998,0.40982,1.154
1,galaxy-style,barred-spiral,flocculent,1.7218,0.24586,0.21368,0.13224,0.28674,0.51056,0.012945,123.76,0.083191,0.0065029,0.42735,1.131
1,galaxy-radius,3.5,0,50.904,0.64282,0.41137,0.25372,0.28774,0.51428,0.022933,92.836,0.072864,0.0047587,0.27949,1.087
1,galaxy-radius,3.5,2,19.77,0.56195,0.29681,0.17176,0.28684,0.51304,0.017242,108.47,0.088866,0.0057752,0.37427,1.130
1,galaxy-radius,3.5,4,3.7763,0.36012,0.20762,0.12783,0.28668,0.51056,0.01248,125.96,0.077811,0.0073611,0.43273,1.062
1,galaxy-radius,3.5,6,9.0013,0.45707,0.167,0.12977,0.28644,0.50977,0.011669,136.34,0.044747,0.0098911,0.4685,1.036
1,galaxy-radius,3.5,8,9.9303,0.45895,0.16131,0.12949,0.28625,0.50962,0.011443,138.05,0.035275,0.010235,0.47416,1.002
1,galaxy-height,0.03,-5,12.322,0.48047,0.17453,0.13901,0.28633,0.51059,0.011866,133.39,0.057713,0.009127,0.48541,1.066
1,galaxy-height,0.03,-2.5,11.49,0.48022,0.18314,0.14001,0.2861,0.51096,0.012323,130.09,0.073054,0.0082894,0.4698,1.441
1,galaxy-height,0.03,0,0.92643,0.1281,0.21448,0.13309,0.28655,0.51062,0.013003,123.45,0.084732,0.0065813,0.43098,1.150
1,galaxy-height,0.03,2.5,14.457,0.46686,0.20922,0.15301,0.28701,0.51025,0.012307,129.28,0.066362,0.0075616,0.47922,1.178
1,galaxy-height,0.03,5,15.467,0.47428,0.19751,0.1524,0.28636,0.50988,0.011945,131.78,0.055926,0.0084638,0.49519,1.061
1,galaxy-glow,1.5,0.375,6.9842,0.45203,0.18038,0.12014,0.28652,0.50981,0.011945,132.5,0.052827,0.0076396,0.42718,1.153
1,galaxy-glow,1.5,0.75,4.3728,0.42249,0.19464,0.1224,0.2866,0.51011,0.01236,128.35,0.068504,0.0069652,0.41865,1.151
1,galaxy-glow,1.5,3,6.7773,0.47062,0.24309,0.15445,0.28692,0.51135,0.014197,117.65,0.097194,0.0059583,0.46011,1.151
1,galaxy-glow,1.5,6,16.482,0.53141,0.28118,0.18611,0.28715,0.51226,0.015715,111.86,0.10179,0.0054513,0.50827,1.151
1,galaxy-glow,1.5,0,9.9728,0.46844,0.15789,0.12594,0.28631,0.50952,0.011366,139.46,0.026028,0.0098071,0.46145,1.155
1,galaxy-dust,1,0.25,0.79005,0.066159,0.21771,0.13862,0.28669,0.51064,0.012917,123.75,0.083087,0.0063115,0.45111,1.145
1,galaxy-dust,1,0.5,0.49116,0.044057,0.21666,0.13626,0.28666,0.51065,0.012957,123.61,0.083669,0.0063598,0.44071,1.152
1,galaxy-dust,1,2,0.7285,0.07633,0.21211,0.12857,0.28653,0.51059,0.012986,123.31,0.086409,0.0064454,0.41361,1.145
1,galaxy-dust,1,4,1.729,0.12738,0.20815,0.12385,0.28654,0.51055,0.01295,123.23,0.088375,0.0063898,0.40315,1.146
1,galaxy-dust,1,0,1.1413,0.079767,0.21888,0.14163,0.28666,0.51065,0.012823,124.04,0.082055,0.0063008,0.46634,1.149
1,galaxy-warp,1,0,0.052023,0.0030153,0.21487,0.13286,0.28658,0.51063,0.012982,123.45,0.084798,0.0064197,0.42724,1.153
1,galaxy-warp,1,1.25,0.00677,0.00018338,0.21488,0.13284,0.2866,0.51062,0.012985,123.44,0.084799,0.006435,0.42721,1.151
1,galaxy-warp,1,2.5,0.21924,0.021685,0.21485,0.13288,0.2866,0.51062,0.012983,123.45,0.084796,0.006416,0.42746,1.151
1,galaxy-warp,1,3.75,0.26213,0.02411,0.21494,0.133,0.28661,0.51062,0.012984,123.46,0.084781,0.0064513,0.42857,1.154
1,galaxy-warp,1,5,0.30929,0.032571,0.21498,0.13302,0.28661,0.51062,0.012984,123.47,0.084793,0.0064683,0.42855,1.151
1,galaxy-waves,1,0,1.2687,0.18347,0.21592,0.13363,0.28667,0.51061,0.013016,123.33,0.08518,0.0066149,0.43216,1.156
1,galaxy-waves,1,1.25,0.48993,0.05038,0.2147,0.13295,0.28659,0.5106,0.012975,123.49,0.08465,0.0064226,0.4279,1.155
1,galaxy-waves,1,2.5,1.6022,0.23042,0.21421,0.1338,0.28664,0.51074,0.012952,123.79,0.083633,0.0066566,0.43477,1.145
1,galaxy-waves,1,3.75,2.2985,0.29927,0.21271,0.13357,0.28665,0.51074,0.012936,124.06,0.082905,0.0064944,0.43543,1.143
1,galaxy-waves,1,5,2.9676,0.33797,0.21132,0.13386,0.28664,0.51086,0.012917,124.4,0.082061,0.0064642,0.43738,1.139
1,external-galaxies,4,0,0.0011172,5.888e-05,0.21487,0.13284,0.2866,0.51062,0.012985,123.44,0.084803,0.0064315,0.42725,1.148
1,external-galaxies,4,2,0.00098374,5.888e-05,0.21487,0.13284,0.2866,0.51062,0.012985,123.44,0.084804,0.0064316,0.42725,1.152
1,external-galaxies,4,6,0.00031176,1.5002e-05,0.21488,0.13284,0.2866,0.51062,0.012985,123.44,0.084807,0.0064361,0.42724,1.151
1,external-galaxies,4,8,0.00031282,1.5002e-05,0.21488,0.13284,0.2866,0.51062,0.012985,123.44,0.084807,0.0064361,0.42724,1.145
1,galaxy-res,512,64,0.095991,0.012286,0.21496,0.13281,0.28658,0.51062,0.01299,123.43,0.084706,0.0063446,0.42661,1.045
1,galaxy-res,512,560,0.0015111,7.4266e-06,0.21488,0.13284,0.2866,0.51062,0.012985,123.44,0.084812,0.0064367,0.42723,1.160
1,galaxy-res,512,1056,0.0026689,2.2284e-05,0.21488,0.13284,0.2866,0.51062,0.012985,123.44,0.084813,0.0064382,0.42724,1.372
1,galaxy-res,512,1552,0.0029328,2.2284e-05,0.21488,0.13284,0.2866,0.51062,0.012985,123.44,0.084814,0.0064385,0.42726,1.750
1,galaxy-res,512,2048,0.0029152,2.2284e-05,0.21488,0.13284,0.2866,0.51062,0.012985,123.44,0.084815,0.0064385,0.42726,2.281
1,exposure,0.18,0.045,18.674,0.88042,0.11475,0.082729,0.28588,0.50965,0.0093315,127.63,0.043716,0.0035702,0.32389,1.160
1,exposure,0.18,0.09,11.573,0.86959,0.15803,0.10311,0.28641,0.51008,0.010735,124.61,0.062881,0.004757,0.38456,1.153
1,exposure,0.18,0.36,17.285,0.91153,0.28951,0.16838,0.28704,0.51115,0.016778,123.19,0.10239,0.0085867,0.44277,1.151
1,exposure,0.18,0.72,41.148,0.94784,0.38438,0.20286,0.28717,0.51152,0.02088,121.88,0.1093,0.010753,0.43269,1.151
1,denoise,0.35,0.0875,0.8049,0.13271,0.21376,0.13366,0.29048,0.51444,0.012944,123.35,0.085614,0.0081936,0.42932,1.151
1,denoise,0.35,0.175,0.55629,0.079932,0.21406,0.13345,0.28917,0.51274,0.012956,123.38,0.085357,0.0076258,0.42883,1.148
1,denoise,0.35,0.7,0.72878,0.10892,0.21612,0.13196,0.28453,0.50881,0.013028,123.52,0.084298,0.0049233,0.42345,1.149
1,denoise,0.35,1.4,1.1294,0.14967,0.21676,0.1315,0.28322,0.50801,0.013061,123.58,0.084003,0.0042555,0.42062,1.148
1,denoise,0.35,0,0.93467,0.15474,0.21368,0.13382,0.29303,0.51676,0.012946,123.33,0.086024,0.0086133,0.42978,1.153
1,supersample,2,1,0.63205,0.070436,0.21403,0.13282,0.2878,0.5118,0.012938,123.37,0.08521,0.0069657,0.4273,0.697
1,step-frac,0.15,0.0375,0.20221,0.012236,0.21485,0.13262,0.28706,0.51053,0.012987,123.45,0.084893,0.0063383,0.4259,2.467
1,step-frac,0.15,0.075,0.19529,0.010935,0.21496,0.13273,0.28676,0.51064,0.01299,123.46,0.084934,0.0063512,0.4264,1.593
1,step-frac,0.15,0.3,0.64796,0.091767,0.21358,0.13267,0.28768,0.50992,0.012912,123.22,0.083811,0.0070442,0.42881,0.942
1,step-frac,0.15,0.6,2.425,0.34382,0.20706,0.13212,0.29653,0.5048,0.012513,122.08,0.079995,0.010558,0.43772,0.832
1,max-steps,600,50,1.2582,0.091686,0.21485,0.12652,0.29926,0.45051,0.013027,122.02,0.085588,0.0066127,0.40131,1.023
1,max-steps,600,1038,0,0,0.21488,0.13284,0.2866,0.51062,0.012985,123.44,0.084807,0.0064351,0.42724,1.154
1,max-steps,600,2025,0,0,0.21488,0.13284,0.2866,0.51062,0.012985,123.44,0.084807,0.0064351,0.42724,1.152
1,max-steps,600,3013,0,0,0.21488,0.13284,0.2866,0.51062,0.012985,123.44,0.084807,0.0064351,0.42724,1.149
1,max-steps,600,4000,0,0,0.21488,0.13284,0.2866,0.51062,0.012985,123.44,0.084807,0.0064351,0.42724,1.152
1,light-res,96,16,5.3819,0.50999,0.1854,0.13055,0.28672,0.51077,0.011522,119.8,0.077947,0.0055417,0.4372,1.240
1,light-res,96,76,0.39868,0.040603,0.21314,0.13254,0.28667,0.51068,0.012908,123.23,0.084252,0.0063806,0.42814,3.333
1,light-res,96,136,0.3519,0.029599,0.21656,0.13314,0.28659,0.51064,0.013076,123.67,0.085337,0.0065006,0.42616,11.160
1,light-res,96,196,0.52199,0.068407,0.21748,0.13328,0.28659,0.51069,0.013124,123.79,0.085604,0.0065372,0.42565,26.754
1,light-res,96,256,0.60332,0.090194,0.21789,0.13336,0.2866,0.51064,0.013148,123.85,0.085694,0.0065551,0.42533,53.197
1,light-steps,48,8,4.8623,0.41929,0.23701,0.1405,0.28688,0.51069,0.014422,127.16,0.10218,0.0069455,0.40454,1.913
1,light-steps,48,70,0.045816,0,0.21466,0.1328,0.2866,0.51062,0.012974,123.41,0.084706,0.006431,0.42747,6.562
1,light-steps,48,132,0.074215,0,0.21452,0.13277,0.2866,0.51062,0.012967,123.39,0.084628,0.0064281,0.42762,11.131
1,light-steps,48,194,0.080031,0,0.21449,0.13277,0.2866,0.51064,0.012965,123.38,0.084615,0.0064274,0.42768,15.834
1,light-steps,48,256,0.082238,0,0.21448,0.13277,0.2866,0.51064,0.012965,123.38,0.084609,0.0064273,0.42767,20.462
3,(default),,,0,0,0.18917,0.11961,0.25489,0.35531,0.017446,176,0.057219,0.0057641,0.44851,5.167
3,viewer-offset,0.55,0,16.946,0.8732,0.20401,0.12881,0.28599,0.37681,0.01817,176.16,0.055485,0.0063621,0.48673,5.121
3,viewer-offset,0.55,1,13.553,0.81277,0.18359,0.089696,0.48738,0.23673,0.015271,170.53,0.066333,0.0052519,0.31334,4.989
3,viewer-offset,0.55,2,13.727,0.77579,0.20403,0.097071,0.92818,0.04994,0.01262,160.03,0.06923,0.0065869,0.37085,4.519
3,viewer-offset,0.55,3,13.488,0.76786,0.21045,0.10185,0.96725,0.022279,0.01242,157.78,0.067821,0.006848,0.37974,4.428
3,viewer-offset,0.55,4,13.482,0.76391,0.21297,0.10339,0.97837,0.01256,0.012372,156.98,0.067291,0.0069043,0.37942,4.399
3,cluster-offset,0.85,0,27.58,0.79991,0.31164,0.12898,0.24872,0.36344,0.033507,184.05,0.022239,0.0081823,0.31172,5.071
3,cluster-offset,0.85,0.2375,23.44,0.78249,0.29602,0.13054,0.2524,0.36214,0.031272,183.84,0.024932,0.008159,0.33432,5.133
3,cluster-offset,0.85,0.475,16.767,0.74335,0.26855,0.13276,0.25269,0.36132,0.027528,182.9,0.029843,0.0078254,0.37349,5.101
3,cluster-offset,0.85,0.7125,7.7379,0.65261,0.22699,0.12708,0.25384,0.35711,0.022124,180.65,0.039993,0.0066928,0.41103,5.099
3,cluster-offset,0.85,0.95,2.9853,0.46989,0.17316,0.11199,0.25299,0.35577,0.015772,173.08,0.069838,0.0055071,0.41293,5.101
3,luminosity,1,0.25,6.5739,0.57761,0.15158,0.10323,0.25373,0.3561,0.013469,167.28,0.082075,0.0045804,0.40039,5.096
3,luminosity,1,0.5,4.1422,0.49547,0.16665,0.10867,0.25436,0.35557,0.014998,171.41,0.071812,0.0050141,0.41854,5.117
3,luminosity,1,2,6.5978,0.62419,0.2215,0.13765,0.25476,0.35505,0.021214,179.92,0.041802,0.0070378,0.47443,5.118
3,luminosity,1,4,16.648,0.70551,0.2662,0.16489,0.25475,0.35503,0.025859,181.01,0.032576,0.0089931,0.48815,5.122
3,clusters,2,1,0,0,0.18917,0.11961,0.25489,0.35531,0.017446,176,0.057219,0.0057641,0.44851,5.081
3,clusters,2,3,0,0,0.18917,0.11961,0.25489,0.35531,0.017446,176,0.057219,0.0057641,0.44851,1.331
3,thickness,0.06,0.015,0.22754,0.0185,0.18972,0.11965,0.25559,0.35446,0.017481,175.96,0.057251,0.0057267,0.44827,6.254
3,thickness,0.06,0.03,0.19924,0.016016,0.18959,0.11963,0.25521,0.35471,0.01748,175.98,0.057157,0.0057318,0.44838,5.300
3,thickness,0.06,0.12,0.4337,0.058901,0.1878,0.11941,0.25526,0.35555,0.017303,175.85,0.057748,0.0060778,0.44902,5.862
3,thickness,0.06,0.24,1.2914,0.20038,0.18323,0.11891,0.26201,0.35071,0.016722,175.01,0.05995,0.0074448,0.44927,7.867
3,fold,0.18,0,3.4126,0.46343,0.19079,0.11946,0.25143,0.36532,0.017794,176.61,0.055717,0.0058635,0.44689,4.596
3,fold,0.18,0.25,1.4615,0.25372,0.18916,0.11954,0.25601,0.35137,0.017384,175.8,0.057545,0.0057414,0.44778,5.259
3,fold,0.18,0.5,5.1977,0.56756,0.19047,0.11984,0.25507,0.33582,0.01737,175.49,0.057927,0.0056718,0.44013,5.841
3,fold,0.18,0.75,7.5915,0.65624,0.19123,0.12128,0.24791,0.32086,0.017367,175.11,0.058365,0.0056754,0.4324,6.602
3,fold,0.18,1,9.2578,0.70096,0.19017,0.11925,0.24597,0.30785,0.017196,174.57,0.059187,0.0057241,0.41739,7.609
3,fold-scale,1.6,0.4,4.0589,0.49512,0.19037,0.11939,0.25196,0.36755,0.017812,176.65,0.055822,0.0059188,0.44506,4.674
3,fold-scale,1.6,0.8,3.6334,0.49244,0.18681,0.11867,0.2545,0.363,0.017303,175.98,0.057334,0.0058025,0.44812,4.753
3,fold-scale,1.6,3.2,4.6917,0.55085,0.19025,0.11983,0.24962,0.36377,0.017691,176.35,0.057443,0.0059013,0.44313,6.959
3,fold-scale,1.6,6.4,4.8839,0.54722,0.1908,0.12219,0.24732,0.3673,0.017784,176.68,0.055326,0.0063213,0.45014,9.922
3,keep,0.7,0,13.878,0.76121,0.21995,0.10876,0.98882,0.0018058,0.012693,157.06,0.073612,0.0067951,0.3881,4.510
3,keep,0.7,0.25,14.586,0.75175,0.2322,0.11933,0.73663,0.078232,0.016821,168.71,0.079833,0.0070978,0.39865,4.647
3,keep,0.7,0.5,10.038,0.69213,0.22576,0.11832,0.44691,0.2304,0.019948,176.64,0.058566,0.0069515,0.3945,4.932
3,keep,0.7,0.75,1.5512,0.16219,0.18497,0.11849,0.2323,0.37204,0.017241,176.16,0.058811,0.005594,0.44773,5.077
3,keep,0.7,1,2.4843,0.20876,0.18032,0.11934,0.19495,0.41378,0.017358,176.98,0.058603,0.0054572,0.45334,5.119
3,hole-scale,1.3,0.325,10.443,0.66923,0.13743,0.099893,0.15003,0.69513,0.016657,184.36,0.027748,0.0051484,0.37882,4.977
3,hole-scale,1.3,0.65,8.2326,0.60596,0.16212,0.117,0.17512,0.54573,0.017607,181.55,0.035643,0.0051625,0.46951,5.078
3,hole-scale,1.3,2.6,9.8978,0.70625,0.16516,0.11472,0.23498,0.50704,0.017225,180.09,0.044408,0.0051815,0.44962,5.303
3,hole-scale,1.3,5.2,10.022,0.69925,0.16279,0.10972,0.19442,0.53606,0.017672,181.42,0.040201,0.0058312,0.42962,6.469
3,outer-sharpness,6,1.5,0.011628,0.0014301,0.18912,0.11955,0.25478,0.35554,0.017447,176.02,0.057163,0.0057639,0.44835,5.089
3,outer-sharpness,6,3,0.011628,0.0014301,0.18912,0.11955,0.25478,0.35554,0.017447,176.02,0.057163,0.0057639,0.44835,5.078
3,outer-sharpness,6,12,0.0082018,0.0010463,0.1892,0.11966,0.25491,0.35514,0.017445,175.99,0.057261,0.0057637,0.44863,5.084
3,outer-sharpness,6,24,0.013788,0.0021705,0.18922,0.11969,0.25492,0.35505,0.017444,175.98,0.057292,0.0057632,0.4487,5.098
3,detail-scale,5,1.25,4.1865,0.51917,0.1873,0.11783,0.2891,0.37562,0.017444,176.25,0.056818,0.0054925,0.44785,5.096
3,detail-scale,5,2.5,3.9734,0.52621,0.18996,0.11803,0.27778,0.34231,0.017269,175.07,0.06336,0.0056332,0.44522,5.119
3,detail-scale,5,10,3.6721,0.51882,0.19048,0.12053,0.25468,0.34426,0.017358,175.89,0.056743,0.0061006,0.46045,5.063
3,detail-scale,5,20,3.543,0.52276,0.19271,0.12276,0.2471,0.35109,0.017628,176.51,0.053613,0.006432,0.46859,5.040
3,detail-gain,0.55,0.2,1.3206,0.25145,0.18921,0.11987,0.24875,0.35829,0.017619,176.37,0.055662,0.0055765,0.45293,5.108
3,detail-gain,0.55,0.375,0.71427,0.12461,0.18913,0.11976,0.25174,0.35681,0.017538,176.2,0.056465,0.0056322,0.45084,5.091
3,detail-gain,0.55,0.725,0.79128,0.1448,0.18924,0.11939,0.25927,0.35218,0.017338,175.74,0.058182,0.0059118,0.4461,5.089
3,detail-gain,0.55,0.9,1.5979,0.31272,0.18896,0.11869,0.26744,0.35126,0.017214,175.44,0.059478,0.0060041,0.44147,5.073
3,erosion,0.65,0,2.5793,0.39159,0.19566,0.12337,0.20633,0.36642,0.018672,178.88,0.04204,0.0047367,0.48583,5.257
3,erosion,0.65,0.25,1.2944,0.21032,0.19094,0.12113,0.22866,0.36134,0.017899,177.29,0.05011,0.0052202,0.46724,5.168
3,erosion,0.65,0.5,0.43289,0.05669,0.18953,0.11993,0.24564,0.35765,0.017578,176.39,0.055007,0.0055782,0.45349,5.114
3,erosion,0.65,0.75,0.25796,0.023939,0.18902,0.11948,0.26018,0.35405,0.017374,175.78,0.058477,0.0058774,0.44584,5.116
3,erosion,0.65,1,1.6964,0.24485,0.18905,0.11972,0.28015,0.32545,0.016979,174.44,0.063395,0.0069039,0.43839,5.004
3,filament,0.5,0,2.2215,0.37171,0.18958,0.12181,0.24569,0.37297,0.017635,176.92,0.053232,0.0056011,0.4689,5.135
3,filament,0.5,0.25,1.3831,0.25102,0.18912,0.12085,0.25101,0.36506,0.017524,176.47,0.055529,0.0056288,0.45992,5.104
3,filament,0.5,0.75,1.5119,0.28842,0.19035,0.11954,0.25143,0.34868,0.017482,175.79,0.057878,0.005924,0.44678,5.088
3,filament,0.5,1,2.6084,0.42251,0.19149,0.12008,0.24777,0.34228,0.017554,175.84,0.05747,0.0059975,0.45181,5.065
3,contrast,1.5,0,8.7192,0.61035,0.15061,0.10074,0.21877,0.57781,0.016878,182.06,0.035523,0.0049237,0.38196,5.000
3,contrast,1.5,0.75,6.0621,0.5411,0.1604,0.10905,0.21917,0.51437,0.016939,180,0.041015,0.0050928,0.42769,5.107
3,contrast,1.5,2.25,7.3369,0.59345,0.21987,0.12896,0.38172,0.25765,0.018653,175.43,0.058453,0.0067044,0.42677,4.998
3,contrast,1.5,3,12.458,0.66468,0.23717,0.13404,0.52324,0.19108,0.019304,174.18,0.062929,0.0075231,0.41328,4.873
3,pillars,9,0,0,0,0.18917,0.11961,0.25489,0.35531,0.017446,176,0.057219,0.0057641,0.44851,5.069
3,pillars,9,14,0,0,0.18917,0.11961,0.25489,0.35531,0.017446,176,0.057219,0.0057641,0.44851,5.101
3,pillars,9,28,0,0,0.18917,0.11961,0.25489,0.35531,0.017446,176,0.057219,0.0057641,0.44851,5.035
3,pillars,9,42,0,0,0.18917,0.11961,0.25489,0.35531,0.017446,176,0.057219,0.0057641,0.44851,5.082
3,pillars,9,56,0,0,0.18917,0.11961,0.25489,0.35531,0.017446,176,0.057219,0.0057641,0.44851,5.092
3,pillar-length,0.3,0.075,0,0,0.18917,0.11961,0.25489,0.35531,0.017446,176,0.057219,0.0057641,0.44851,5.089
3,pillar-length,0.3,0.15,0,0,0.18917,0.11961,0.25489,0.35531,0.017446,176,0.057219,0.0057641,0.44851,5.080
3,pillar-length,0.3,0.6,0,0,0.18917,0.11961,0.25489,0.35531,0.017446,176,0.057219,0.0057641,0.44851,5.078
3,pillar-length,0.3,0.8,0,0,0.18917,0.11961,0.25489,0.35531,0.017446,176,0.057219,0.0057641,0.44851,5.082
3,pillar-width,0.045,0.01125,0,0,0.18917,0.11961,0.25489,0.35531,0.017446,176,0.057219,0.0057641,0.44851,5.101
3,pillar-width,0.045,0.0225,0,0,0.18917,0.11961,0.25489,0.35531,0.017446,176,0.057219,0.0057641,0.44851,5.119
3,pillar-width,0.045,0.09,0,0,0.18917,0.11961,0.25489,0.35531,0.017446,176,0.057219,0.0057641,0.44851,5.110
3,pillar-width,0.045,0.18,0,0,0.18917,0.11961,0.25489,0.35531,0.017446,176,0.057219,0.0057641,0.44851,5.070
3,pillar-density,2.5,0.625,0,0,0.18917,0.11961,0.25489,0.35531,0.017446,176,0.057219,0.0057641,0.44851,5.089
3,pillar-density,2.5,1.25,0,0,0.18917,0.11961,0.25489,0.35531,0.017446,176,0.057219,0.0057641,0.44851,5.084
3,pillar-density,2.5,5,0,0,0.18917,0.11961,0.25489,0.35531,0.017446,176,0.057219,0.0057641,0.44851,5.074
3,pillar-density,2.5,10,0,0,0.18917,0.11961,0.25489,0.35531,0.017446,176,0.057219,0.0057641,0.44851,5.073
3,clouds,4,0,0,0,0.18917,0.11961,0.25489,0.35531,0.017446,176,0.057219,0.0057641,0.44851,5.075
3,clouds,4,3,0,0,0.18917,0.11961,0.25489,0.35531,0.017446,176,0.057219,0.0057641,0.44851,5.066
3,clouds,4,6,0,0,0.18917,0.11961,0.25489,0.35531,0.017446,176,0.057219,0.0057641,0.44851,5.091
3,clouds,4,9,0,0,0.18917,0.11961,0.25489,0.35531,0.017446,176,0.057219,0.0057641,0.44851,5.098
3,clouds,4,12,0,0,0.18917,0.11961,0.25489,0.35531,0.017446,176,0.057219,0.0057641,0.44851,5.136
3,cloud-length,0.15,0.0375,0,0,0.18917,0.11961,0.25489,0.35531,0.017446,176,0.057219,0.0057641,0.44851,5.127
3,cloud-length,0.15,0.075,0,0,0.18917,0.11961,0.25489,0.35531,0.017446,176,0.057219,0.0057641,0.44851,5.017
3,cloud-length,0.15,0.3,0,0,0.18917,0.11961,0.25489,0.35531,0.017446,176,0.057219,0.0057641,0.44851,5.117
3,cloud-length,0.15,0.6,0,0,0.18917,0.11961,0.25489,0.35531,0.017446,176,0.057219,0.0057641,0.44851,5.132
3,cloud-width,0.022,0.0055,0,0,0.18917,0.11961,0.25489,0.35531,0.017446,176,0.057219,0.0057641,0.44851,5.087
3,cloud-width,0.022,0.011,0,0,0.18917,0.11961,0.25489,0.35531,0.017446,176,0.057219,0.0057641,0.44851,5.111
3,cloud-width,0.022,0.044,0,0,0.18917,0.11961,0.25489,0.35531,0.017446,176,0.057219,0.0057641,0.44851,5.091
3,cloud-width,0.022,0.088,0,0,0.18917,0.11961,0.25489,0.35531,0.017446,176,0.057219,0.0057641,0.44851,5.073
3,cloud-distance,0.35,0.0875,0,0,0.18917,0.11961,0.25489,0.35531,0.017446,176,0.057219,0.0057641,0.44851,1.328
3,cloud-distance,0.35,0.175,0,0,0.18917,0.11961,0.25489,0.35531,0.017446,176,0.057219,0.0057641,0.44851,5.085
3,cloud-distance,0.35,0.7,0,0,0.18917,0.11961,0.25489,0.35531,0.017446,176,0.057219,0.0057641,0.44851,5.052
3,cloud-distance,0.35,1.4,0,0,0.18917,0.11961,0.25489,0.35531,0.017446,176,0.057219,0.0057641,0.44851,5.086
3,cloud-density,3,0.75,0,0,0.18917,0.11961,0.25489,0.35531,0.017446,176,0.057219,0.0057641,0.44851,5.053
3,cloud-density,3,1.5,0,0,0.18917,0.11961,0.25489,0.35531,0.017446,176,0.057219,0.0057641,0.44851,5.098
3,cloud-density,3,6,0,0,0.18917,0.11961,0.25489,0.35531,0.017446,176,0.057219,0.0057641,0.44851,5.113
3,cloud-density,3,12,0,0,0.18917,0.11961,0.25489,0.35531,0.017446,176,0.057219,0.0057641,0.44851,5.080
3,hardness,0.5,0,1.7593,0.31505,0.18699,0.11667,0.27793,0.35663,0.017058,175.23,0.061194,0.0057854,0.43109,5.085
3,hardness,0.5,0.25,0.68334,0.10615,0.1882,0.11842,0.26377,0.35566,0.017279,175.67,0.058921,0.0057715,0.44141,5.090
3,hardness,0.5,0.75,0.42041,0.042127,0.18984,0.12045,0.24988,0.35526,0.017551,176.22,0.056133,0.0057665,0.45335,5.067
3,hardness,0.5,1,0.68512,0.10694,0.19032,0.12099,0.24671,0.35527,0.017627,176.37,0.05538,0.0057778,0.45653,5.061
3,dust-style,lanes,vein,0,0,0.18917,0.11961,0.25489,0.35531,0.017446,176,0.057219,0.0057641,0.44851,5.086
3,dust-style,lanes,physical,0,0,0.18917,0.11961,0.25489,0.35531,0.017446,176,0.057219,0.0057641,0.44851,5.087
3,dust,0.6,0,0,0,0.18917,0.11961,0.25489,0.35531,0.017446,176,0.057219,0.0057641,0.44851,5.079
3,dust,0.6,0.25,0,0,0.18917,0.11961,0.25489,0.35531,0.017446,176,0.057219,0.0057641,0.44851,1.327
3,dust,0.6,0.5,0,0,0.18917,0.11961,0.25489,0.35531,0.017446,176,0.057219,0.0057641,0.44851,1.335
3,dust,0.6,0.75,0,0,0.18917,0.11961,0.25489,0.35531,0.017446,176,0.057219,0.0057641,0.44851,1.334
3,dust,0.6,1,0,0,0.18917,0.11961,0.25489,0.35531,0.017446,176,0.057219,0.0057641,0.44851,1.328
3,dust-scale,4,1,0,0,0.18917,0.11961,0.25489,0.35531,0.017446,176,0.057219,0.0057641,0.44851,4.566
3,dust-scale,4,2,0,0,0.18917,0.11961,0.25489,0.35531,0.017446,176,0.057219,0.0057641,0.44851,4.638
3,dust-scale,4,8,0,0,0.18917,0.11961,0.25489,0.35531,0.017446,176,0.057219,0.0057641,0.44851,6.606
3,dust-scale,4,16,0,0,0.18917,0.11961,0.25489,0.35531,0.017446,176,0.057219,0.0057641,0.44851,7.935
3,cavity-density,0.006,0.0015,0,0,0.18917,0.11961,0.25489,0.35531,0.017446,176,0.057219,0.0057641,0.44851,5.076
3,cavity-density,0.006,0.003,0,0,0.18917,0.11961,0.25489,0.35531,0.017446,176,0.057219,0.0057641,0.44851,1.332
3,cavity-density,0.006,0.012,0,0,0.18917,0.11961,0.25489,0.35531,0.017446,176,0.057219,0.0057641,0.44851,1.331
3,cavity-density,0.006,0.024,0,0,0.18917,0.11961,0.25489,0.35531,0.017446,176,0.057219,0.0057641,0.44851,1.329
3,cavity-density,0.006,0,0,0,0.18917,0.11961,0.25489,0.35531,0.017446,176,0.057219,0.0057641,0.44851,1.332
3,cavity-spread,1.7,1,0,0,0.18917,0.11961,0.25489,0.35531,0.017446,176,0.057219,0.0057641,0.44851,1.333
3,cavity-spread,1.7,3.4,0,0,0.18917,0.11961,0.25489,0.35531,0.017446,176,0.057219,0.0057641,0.44851,1.329
3,cavity-spread,1.7,4,0,0,0.18917,0.11961,0.25489,0.35531,0.017446,176,0.057219,0.0057641,0.44851,1.329
3,mass-inner,0.75,0.1,12.865,0.63219,0.12494,0.082801,0.1388,0.56252,0.014534,179.05,0.044982,0.0030766,0.27952,5.232
3,mass-inner,0.75,0.3125,12.627,0.63143,0.1272,0.083257,0.1388,0.55905,0.014735,178.94,0.045493,0.0031583,0.28195,5.297
3,mass-inner,0.75,0.525,7.4605,0.59045,0.16151,0.11218,0.15777,0.46711,0.016598,177.79,0.049985,0.004533,0.42315,5.279
3,mass-inner,0.75,0.7375,0.8463,0.14488,0.18697,0.11986,0.25148,0.36066,0.017296,175.84,0.057698,0.0057366,0.4516,5.074
3,mass-inner,0.75,0.95,12.292,0.72046,0.23454,0.11787,0.38833,0.21428,0.020577,176.85,0.056298,0.0076399,0.37966,4.869
3,mass-lobes,0.4,0,8.5693,0.67518,0.22747,0.11535,0.28206,0.32839,0.021838,180.01,0.044911,0.0068627,0.37453,5.002
3,mass-lobes,0.4,0.2,4.2737,0.56104,0.20819,0.11813,0.26247,0.34586,0.019685,178.63,0.048071,0.0062243,0.41124,5.066
3,mass-lobes,0.4,0.6,1.7127,0.27143,0.18254,0.11998,0.24965,0.36161,0.016805,175.15,0.060551,0.0056566,0.45368,5.107
3,mass-lobes,0.4,0.8,2.5496,0.37768,0.17937,0.11902,0.245,0.36611,0.016618,175.08,0.060851,0.005596,0.44898,5.122
3,mass-scale,1.5,0.5,12.178,0.83387,0.16889,0.12982,0.061988,0.57299,0.017229,175.82,0.07851,0.0039603,0.50057,3.661
3,mass-scale,1.5,0.75,12.126,0.79558,0.2026,0.12931,0.32031,0.3762,0.017291,173.55,0.078393,0.0051406,0.46366,4.130
3,mass-scale,1.5,3,12.719,0.83165,0.18611,0.1281,0.12363,0.52407,0.019281,180.09,0.04773,0.0065028,0.45419,6.133
3,mass-scale,1.5,6,13.511,0.86712,0.18524,0.12935,0.068151,0.58433,0.01979,180.77,0.051229,0.0085102,0.44925,7.052
3,mass-density,6,1.5,11.398,0.70138,0.23534,0.12831,0.46441,0.10011,0.018741,172.48,0.059277,0.0066638,0.41875,5.026
3,mass-density,6,3,6.0507,0.60956,0.21419,0.12464,0.33772,0.21402,0.018058,173.76,0.060903,0.0061864,0.43205,5.036
3,mass-density,6,12,5.2517,0.56821,0.16547,0.11301,0.2084,0.51033,0.017002,179.49,0.044902,0.0056076,0.44264,5.062
3,mass-density,6,20,7.9815,0.6406,0.15263,0.10743,0.18799,0.61248,0.016936,182.2,0.035953,0.005755,0.41812,5.095
3,mass-clusters,1,2,4.9829,0.54632,0.21614,0.12563,0.2397,0.35181,0.02085,179.05,0.047045,0.0061335,0.44126,8.780
3,mass-clusters,1,3,7.0949,0.62913,0.2292,0.1242,0.25707,0.35098,0.022435,180.39,0.043707,0.0064784,0.42211,11.818
3,mass-cavity,0,0.0005,0.041069,0.0089,0.18936,0.11971,0.25485,0.35533,0.01747,176.07,0.056367,0.0057539,0.44823,5.135
3,mass-cavity,0,0.002,0.79948,0.089383,0.19315,0.12161,0.25413,0.35533,0.018027,177.1,0.048357,0.005577,0.44694,5.156
3,mass-cavity,0,0.008,5.4618,0.70479,0.21977,0.12509,0.23947,0.35628,0.021533,180.81,0.030634,0.0045677,0.4392,5.366
3,mass-cavity,0,0.032,16.592,0.98298,0.27523,0.13367,0.18333,0.36142,0.028047,182.79,0.024923,0.0032864,0.43389,5.637
3,mass-fine,1,0,3.3305,0.45834,0.18692,0.11899,0.27455,0.36052,0.017033,175.17,0.061658,0.004777,0.44931,1.841
3,mass-fine,1,0.75,0.90632,0.17116,0.18837,0.11935,0.2616,0.35723,0.017292,175.74,0.058388,0.0054098,0.4489,5.140
3,mass-fine,1,1.5,1.8102,0.30506,0.19135,0.12031,0.23591,0.35669,0.017874,176.66,0.054873,0.0065591,0.44798,5.185
3,mass-fine,1,2.25,4.1184,0.50305,0.1948,0.12131,0.2076,0.36837,0.018564,177.81,0.051583,0.0078,0.44585,5.206
3,mass-fine,1,3,5.8556,0.60322,0.19736,0.12234,0.18276,0.38679,0.019206,178.81,0.048354,0.008991,0.44245,5.172
3,mass-edge,0,0.25,1.2694,0.22179,0.1902,0.11937,0.26842,0.35007,0.017473,175.97,0.05715,0.0060769,0.44477,5.099
3,mass-edge,0,0.5,2.4738,0.35547,0.19156,0.11939,0.28201,0.34581,0.017542,176.03,0.056859,0.0064607,0.44025,5.169
3,mass-edge,0,0.75,3.6754,0.43385,0.19388,0.12,0.29594,0.3428,0.01775,176.26,0.056121,0.0071903,0.43655,5.177
3,mass-edge,0,1,5.3877,0.4945,0.2006,0.1232,0.30659,0.34061,0.018528,176.94,0.053727,0.0090107,0.43369,5.253
3,mass-edge-patch,0,0.25,0,0,0.18917,0.11961,0.25489,0.35531,0.017446,176,0.057219,0.0057641,0.44851,5.083
3,mass-edge-patch,0,0.5,0,0,0.18917,0.11961,0.25489,0.35531,0.017446,176,0.057219,0.0057641,0.44851,5.078
3,mass-edge-patch,0,0.75,0,0,0.18917,0.11961,0.25489,0.35531,0.017446,176,0.057219,0.0057641,0.44851,5.112
3,mass-edge-patch,0,1,0,0,0.18917,0.11961,0.25489,0.35531,0.017446,176,0.057219,0.0057641,0.44851,5.124
3,graze,3,0,2.8678,0.3407,0.20279,0.12825,0.2554,0.35473,0.018776,177.43,0.052573,0.00614,0.47373,5.047
3,graze,3,1.25,2.1152,0.35868,0.20075,0.12453,0.25515,0.35481,0.018628,177.63,0.050013,0.0055526,0.46857,1.328
3,graze,3,2.5,0.41715,0.05276,0.19148,0.12068,0.25491,0.3552,0.017682,176.35,0.055663,0.0057242,0.45358,1.327
3,graze,3,3.75,0.48364,0.062212,0.18649,0.11826,0.25484,0.35536,0.017177,175.57,0.059112,0.0058005,0.44178,1.330
3,graze,3,5,1.0562,0.16516,0.18332,0.1165,0.25466,0.35549,0.016866,175.03,0.06149,0.0058326,0.43246,1.327
3,mass-blister,0.3,0,0.2762,0.037919,0.18839,0.11892,0.25115,0.35754,0.017461,176.12,0.056765,0.005741,0.44763,5.099
3,mass-blister,0.3,0.25,0.20709,0.033448,0.18859,0.11907,0.25188,0.35707,0.01746,176.1,0.056809,0.0057476,0.44769,5.107
3,mass-blister,0.3,0.5,2.6712,0.25732,0.19512,0.12227,0.37365,0.29124,0.016614,173.56,0.063236,0.0061068,0.44885,4.981
3,mass-blister,0.3,0.75,6.9419,0.52776,0.20743,0.11903,0.6306,0.17241,0.015208,168.75,0.067087,0.0063976,0.44133,4.900
3,mass-blister,0.3,1,10.701,0.70046,0.22584,0.11905,0.73271,0.060689,0.015553,167.22,0.066116,0.0066594,0.44103,4.833
3,mass-cluster-size,0.15,0.0375,1.4933,0.25989,0.18988,0.12505,0.25472,0.3552,0.017337,175.99,0.055774,0.0060611,0.47493,4.286
3,mass-cluster-size,0.15,0.075,0.96709,0.15055,0.18979,0.12332,0.25481,0.35518,0.017389,175.99,0.056197,0.0059356,0.46901,4.544
3,mass-cluster-size,0.15,0.3,1.9777,0.36362,0.19562,0.11351,0.25492,0.35513,0.018462,177.35,0.052765,0.0056668,0.40057,6.285
3,mass-cluster-size,0.15,0.5,3.6074,0.52034,0.20599,0.11836,0.25494,0.35509,0.019488,178.39,0.048966,0.0058858,0.41627,7.768
3,mass-cluster-size,0.15,0,1.8033,0.31003,0.18988,0.12627,0.2548,0.3552,0.017304,175.94,0.055679,0.0062302,0.47807,1.820
3,mass-dust,0,0.25,2.7187,0.36113,0.17445,0.11493,0.23739,0.4329,0.016587,171.28,0.056586,0.0055607,0.43268,5.023
3,mass-dust,0,0.5,5.4629,0.47866,0.15708,0.11012,0.22523,0.48716,0.015614,165.46,0.075074,0.0059403,0.40853,5.026
3,mass-dust,0,0.75,6.9339,0.53295,0.14773,0.10751,0.21897,0.52072,0.015187,160.35,0.10608,0.0060606,0.39803,5.046
3,mass-dust,0,1,7.8684,0.56617,0.1423,0.10528,0.21442,0.54344,0.015206,154.71,0.17457,0.0061035,0.3933,4.991
3,mass-warp,0.25,0,3.3946,0.46165,0.19024,0.11933,0.25134,0.36545,0.017737,176.54,0.056088,0.0058546,0.4462,5.001
3,mass-warp,0.25,0.5,3.3435,0.45537,0.19008,0.11974,0.25721,0.345,0.017398,175.69,0.057452,0.005712,0.44538,5.097
3,mass-warp,0.25,0.75,5.661,0.58948,0.19185,0.12054,0.25403,0.33332,0.017512,175.66,0.05709,0.0056969,0.44115,5.126
3,mass-warp,0.25,1,7.4134,0.65017,0.19291,0.12201,0.24946,0.32265,0.01757,175.45,0.057009,0.005717,0.43733,5.098
3,cluster-size,0,0.005,0,0,0.18917,0.11961,0.25489,0.35531,0.017446,176,0.057219,0.0057641,0.44851,5.059
3,cluster-size,0,0.02,0,0,0.18917,0.11961,0.25489,0.35531,0.017446,176,0.057219,0.0057641,0.44851,1.325
3,cluster-size,0,0.08,0,0,0.18917,0.11961,0.25489,0.35531,0.017446,176,0.057219,0.0057641,0.44851,1.328
3,cluster-size,0,0.32,0,0,0.18917,0.11961,0.25489,0.35531,0.017446,176,0.057219,0.0057641,0.44851,1.328
3,fill-shadow,15,3.75,6.9354,0.61617,0.22569,0.12455,0.25568,0.35494,0.022129,181.14,0.036229,0.0055879,0.39313,1.325
3,fill-shadow,15,7.5,2.628,0.46817,0.20323,0.12195,0.25525,0.35497,0.019208,178.34,0.048193,0.0057638,0.42638,1.328
3,fill-shadow,15,30,1.54,0.31653,0.18074,0.11818,0.2544,0.35551,0.016422,174.33,0.062105,0.0056535,0.46288,1.344
3,fill-shadow,15,60,2.4168,0.36919,0.1758,0.11754,0.25389,0.35574,0.015838,173.23,0.06478,0.0055561,0.47172,1.342
3,fill,0.1,0.025,2.9532,0.38189,0.17306,0.11659,0.25399,0.35545,0.015482,172.62,0.065381,0.0050425,0.4773,1.356
3,fill,0.1,0.05,1.9234,0.33087,0.17898,0.11703,0.25447,0.35538,0.016166,173.99,0.062178,0.005273,0.46598,1.387
3,fill,0.1,0.2,3.4076,0.40813,0.2059,0.12744,0.25503,0.35535,0.019701,178.44,0.050212,0.0066862,0.43131,1.383
3,fill,0.1,0.4,9.0933,0.51908,0.2318,0.14493,0.25514,0.35541,0.022965,179.89,0.041947,0.0082168,0.42571,1.381
3,fill,0.1,0,4.0255,0.41616,0.16607,0.1173,0.25341,0.3555,0.014752,170.79,0.069284,0.0048559,0.4901,1.106
3,blister,0.8,0,0,0,0.18917,0.11961,0.25489,0.35531,0.017446,176,0.057219,0.0057641,0.44851,1.362
3,blister,0.8,0.25,0,0,0.18917,0.11961,0.25489,0.35531,0.017446,176,0.057219,0.0057641,0.44851,1.365
3,blister,0.8,0.5,0,0,0.18917,0.11961,0.25489,0.35531,0.017446,176,0.057219,0.0057641,0.44851,1.368
3,blister,0.8,0.75,0,0,0.18917,0.11961,0.25489,0.35531,0.017446,176,0.057219,0.0057641,0.44851,1.334
3,blister,0.8,1,0,0,0.18917,0.11961,0.25489,0.35531,0.017446,176,0.057219,0.0057641,0.44851,1.329
3,distant-count,3,0,0.046421,0.0059411,0.18925,0.11977,0.25498,0.35389,0.017418,175.86,0.057796,0.0057498,0.4489,4.472
3,distant-count,3,2,5.3217e-06,0,0.18917,0.11961,0.25489,0.35531,0.017446,176,0.057219,0.0057641,0.44851,4.946
3,distant-count,3,4,0.055843,0.0024507,0.1894,0.11987,0.25424,0.35551,0.017498,176.07,0.057164,0.0058337,0.44881,5.273
3,distant-count,3,5,0.099169,0.0038582,0.18959,0.12012,0.25424,0.35551,0.01753,176.1,0.057106,0.0058792,0.44927,5.543
3,distant-count,3,7,0.099598,0.0039672,0.18962,0.12008,0.25424,0.35553,0.017535,176.1,0.057094,0.0058804,0.44926,5.945
3,distant-min-deg,3,0.75,0.013708,0.0023547,0.18917,0.11965,0.25491,0.35513,0.017442,175.99,0.05728,0.0057589,0.44863,5.103
3,distant-min-deg,3,1.5,0.0097908,0.0016368,0.18917,0.11964,0.25491,0.35517,0.017443,175.99,0.05726,0.0057599,0.44859,5.082
3,distant-min-deg,3,6,0.030883,0.0043713,0.18921,0.11958,0.25481,0.35585,0.017459,176.03,0.057135,0.0057734,0.44823,5.085
3,distant-min-deg,3,12,0.15209,0.013328,0.18966,0.1196,0.25467,0.35821,0.017529,176.16,0.056868,0.0058103,0.44758,5.140
3,distant-max-deg,14,3.5,0.042324,0.0055565,0.18927,0.11977,0.25498,0.35414,0.017421,175.87,0.05778,0.0057558,0.44888,5.087
3,distant-max-deg,14,7,0.039871,0.0050254,0.18925,0.11976,0.25498,0.35465,0.017426,175.9,0.057686,0.0057594,0.44894,5.103
3,distant-max-deg,14,28,0.18225,0.016126,0.18888,0.11955,0.25212,0.35739,0.017508,176.22,0.055278,0.0057652,0.44946,5.239
3,distant-max-deg,14,56,0.080251,0.0078236,0.18904,0.11948,0.25433,0.35602,0.017467,176.09,0.056529,0.0057661,0.44822,5.129
3,density,1,0.25,12.415,0.70684,0.24793,0.13557,0.3481,0.10934,0.020838,175.58,0.050141,0.0056414,0.44628,5.203
3,density,1,0.5,5.7535,0.61029,0.21745,0.12707,0.29122,0.22108,0.018779,175.21,0.054743,0.0056182,0.44986,5.133
3,density,1,2,4.2855,0.54452,0.16659,0.11436,0.23063,0.48201,0.016621,178.06,0.052813,0.0062958,0.43755,5.004
3,density,1,4,7.3395,0.62716,0.15164,0.11089,0.21268,0.5905,0.016244,180.8,0.044597,0.0075719,0.4204,4.934
3,sigma,8,2,12.355,0.70713,0.24764,0.13455,0.34811,0.10938,0.020857,175.54,0.050364,0.0056369,0.43808,5.191
3,sigma,8,4,5.7353,0.61007,0.21736,0.12673,0.29124,0.22109,0.018785,175.2,0.054815,0.0056163,0.44681,5.128
3,sigma,8,16,4.2801,0.54448,0.16662,0.11449,0.23062,0.48201,0.016619,178.07,0.052795,0.0062996,0.43894,5.018
3,sigma,8,32,7.3344,0.62708,0.15167,0.11104,0.21268,0.5905,0.016241,180.8,0.044583,0.0075783,0.42209,4.916
3,oxygen-threshold,20,5,0.03118,0.0062132,0.18926,0.11999,0.25488,0.35531,0.017444,176.02,0.05711,0.0057698,0.45198,5.174
3,oxygen-threshold,20,10,0.015632,0.0025808,0.18921,0.11982,0.2549,0.35531,0.017444,176.01,0.057164,0.0057665,0.45051,1.328
3,oxygen-threshold,20,40,0.015055,0.0027885,0.18912,0.1194,0.25491,0.3553,0.01745,175.99,0.057267,0.0057604,0.44636,1.330
3,oxygen-threshold,20,80,0.02895,0.0047392,0.18908,0.1192,0.25493,0.3553,0.017454,175.99,0.057295,0.0057567,0.44444,1.327
3,line-o,1,0,0.18328,0.0096706,0.18859,0.11709,0.25502,0.3553,0.017489,175.95,0.057227,0.0057588,0.42728,1.329
3,line-o,1,2,0.089714,0.0092395,0.18944,0.12089,0.25488,0.35531,0.017425,176.04,0.056987,0.005787,0.46124,1.333
3,line-o,1,3,0.14864,0.011202,0.18962,0.12173,0.25486,0.35529,0.017414,176.07,0.056854,0.0058051,0.4697,1.329
3,line-o,1,4,0.19307,0.012523,0.18976,0.12235,0.25486,0.35529,0.017406,176.08,0.056757,0.00582,0.476,1.329
3,line-h,1,0,4.1619,0.45155,0.16716,0.11035,0.25392,0.35554,0.014958,171.26,0.071217,0.0047469,0.44711,1.327
3,line-h,1,2,3.5273,0.44381,0.20623,0.12985,0.25485,0.35524,0.019567,178.38,0.049049,0.0067052,0.45466,1.330
3,line-h,1,3,6.6294,0.52994,0.22061,0.13951,0.25479,0.35536,0.021322,179.62,0.043517,0.0075213,0.46114,1.328
3,line-h,1,4,9.4275,0.57991,0.23314,0.14846,0.25477,0.35529,0.022746,180.16,0.039744,0.0082547,0.46681,1.330
3,line-s,0.5,0,3.3596,0.50094,0.1704,0.11176,0.25457,0.35568,0.01536,172.4,0.071317,0.0052844,0.43036,1.326
3,line-s,0.5,1,2.9336,0.50479,0.20422,0.12707,0.2549,0.35507,0.019142,178.2,0.048284,0.0062234,0.46206,1.323
3,line-s,0.5,2,7.9833,0.64719,0.22817,0.14053,0.25492,0.35491,0.021872,180.44,0.038517,0.0071319,0.47731,1.327
3,line-s,0.5,3,12.325,0.68067,0.24772,0.15184,0.25491,0.35481,0.023995,181.31,0.033586,0.007902,0.48382,1.327
3,line-s,0.5,4,16.189,0.69648,0.26452,0.16163,0.25501,0.35489,0.025689,181.5,0.031299,0.0085553,0.4866,1.328
3,line-colors,natural,hubble-sho,6.0977,0.58085,0.21879,0.13632,0.25472,0.35528,0.021029,179.66,0.043154,0.0071512,0.45992,1.333
3,line-colors,natural,hoo,0.049535,0.0025062,0.18893,0.11937,0.25489,0.35533,0.017429,175.96,0.057394,0.0057615,0.44663,1.333
3,grade,auto,physical,12.641,0.92571,0.19929,0.11889,0.25489,0.35531,0.03714,26.793,0.027791,0.0058991,0.42249,1.328
3,grade-strength,1,0,11.008,0.77687,0.19656,0.12012,0.25489,0.35531,0.032794,29.148,0.13954,0.0059887,0.4226,1.330
3,grade-strength,1,0.25,8.4753,0.72922,0.19315,0.12037,0.25489,0.35531,0.024334,32.465,0.22965,0.005916,0.42877,1.331
3,grade-strength,1,0.5,5.842,0.65328,0.19036,0.12066,0.25489,0.35531,0.015386,49.801,0.44564,0.0058742,0.43536,1.330
3,grade-strength,1,0.75,3.0502,0.54643,0.18893,0.12031,0.25489,0.35531,0.0091158,149.18,0.26227,0.0058096,0.44218,1.335
3,haze,0.004,0.001,4.1518,0.87217,0.15264,0.13324,0.25517,0.35592,0.013586,164.62,0.12509,0.0073123,0.50538,1.327
3,haze,0.004,0.002,2.8369,0.82383,0.16586,0.12839,0.25505,0.35562,0.01493,169.46,0.091806,0.0066663,0.48438,1.326
3,haze,0.004,0.008,5.7682,0.96881,0.22574,0.10722,0.25453,0.35494,0.021971,181.78,0.030273,0.0047728,0.39453,1.329
3,haze,0.004,0.016,16.183,0.99644,0.27755,0.099116,0.25396,0.35441,0.029237,185.72,0.014634,0.0039087,0.32781,1.325
3,haze,0.004,0,5.3263,0.88416,0.14002,0.13705,0.25519,0.35608,0.012291,159.6,0.18361,0.0078903,0.52891,1.327
3,shoulder,0.8,0.2,0.43623,0.012029,0.18777,0.1129,0.25489,0.35531,0.017454,175.98,0.057454,0.0056889,0.39293,1.327
3,shoulder,0.8,0.4,0.12312,0.0068064,0.18878,0.11753,0.25489,0.35531,0.01745,175.99,0.05736,0.0057422,0.42562,1.335
3,shoulder,0.8,1.6,0.018311,0.0022426,0.18922,0.11995,0.25489,0.35531,0.017445,176,0.057195,0.0057684,0.45503,1.324
3,shoulder,0.8,3.2,0.018528,0.0022426,0.18922,0.11996,0.25489,0.35531,0.017445,176,0.057191,0.0057685,0.45537,1.333
3,shoulder,0.8,0,0.018528,0.0022426,0.18922,0.11996,0.25489,0.35531,0.017445,176,0.057191,0.0057685,0.45537,1.332
3,grade-dust,1,0,0,0,0.18917,0.11961,0.25489,0.35531,0.017446,176,0.057219,0.0057641,0.44851,1.330
3,grade-dust,1,0.25,0,0,0.18917,0.11961,0.25489,0.35531,0.017446,176,0.057219,0.0057641,0.44851,1.332
3,grade-dust,1,0.5,0,0,0.18917,0.11961,0.25489,0.35531,0.017446,176,0.057219,0.0057641,0.44851,1.330
3,grade-dust,1,0.75,0,0,0.18917,0.11961,0.25489,0.35531,0.017446,176,0.057219,0.0057641,0.44851,1.330
3,hue-type,auto,single,0,0,0.18917,0.11961,0.25489,0.35531,0.017446,176,0.057219,0.0057641,0.44851,1.328
3,hue-type,auto,fan,1.1566,0.1626,0.18917,0.11965,0.25489,0.35531,0.018329,164.23,0.12896,0.0057593,0.4485,1.327
3,hue-type,auto,split,5.3408,0.2984,0.19213,0.12192,0.25489,0.35531,0.024265,103.19,0.59873,0.0058404,0.44851,1.330
3,palette-family,auto,warm,18.759,0.98831,0.21037,0.11392,0.25489,0.35531,0.055849,41.8,0.0086077,0.0055234,0.44805,1.328
3,palette-family,auto,green,4.4778,0.87652,0.1884,0.12011,0.25489,0.35531,0.02604,128.78,0.018807,0.0057782,0.44845,1.333
3,palette-family,auto,teal,0,0,0.18917,0.11961,0.25489,0.35531,0.017446,176,0.057219,0.0057641,0.44851,1.326
3,palette-family,auto,blue,4.3482,0.9536,0.19229,0.11774,0.25489,0.35531,0.021432,253.99,0.015409,0.0056085,0.44824,1.329
3,grade-galaxy,0.2,0,0.83137,0.25893,0.18927,0.11979,0.25489,0.35531,0.016565,169.26,0.12739,0.0057626,0.44846,1.331
3,grade-galaxy,0.2,0.25,0.20952,0.0098532,0.18915,0.11957,0.25489,0.35531,0.017793,177.4,0.045963,0.0057633,0.44852,1.333
3,grade-galaxy,0.2,0.5,1.2676,0.39898,0.18918,0.11941,0.25489,0.35531,0.020011,183.11,0.016033,0.0057592,0.44857,1.324
3,grade-galaxy,0.2,0.75,2.3417,0.552,0.18938,0.11928,0.25489,0.35531,0.02255,187.16,0.0080093,0.0057431,0.44863,1.329
3,grade-galaxy,0.2,1,3.432,0.59407,0.18981,0.11922,0.25489,0.35531,0.024993,190.16,0.005998,0.0057176,0.44868,1.333
3,grade-stars,0.6,0,0.17366,0.033176,0.1892,0.11968,0.25489,0.35531,0.017089,175.98,0.068423,0.0057837,0.44851,1.329
3,grade-stars,0.6,0.25,0.10197,0.016554,0.18918,0.11965,0.25489,0.35531,0.017219,175.99,0.062702,0.0057745,0.44852,1.329
3,grade-stars,0.6,0.5,0.02944,0.0017907,0.18917,0.11963,0.25489,0.35531,0.017376,176,0.058501,0.0057668,0.44851,1.330
3,grade-stars,0.6,0.75,0.044329,0.0046023,0.18916,0.11959,0.25489,0.35531,0.017557,176,0.055667,0.0057602,0.44851,1.332
3,grade-stars,0.6,1,0.11873,0.020423,0.18915,0.11956,0.25489,0.35531,0.017757,175.99,0.053887,0.0057554,0.44851,1.328
3,reflection,0.2,0.05,0.36381,0.046296,0.18681,0.11941,0.25488,0.3554,0.017197,175.6,0.058399,0.0058343,0.44659,1.326
3,reflection,0.2,0.1,0.24129,0.030589,0.18763,0.11944,0.25488,0.35542,0.017286,175.74,0.057987,0.0058047,0.44718,1.333
3,reflection,0.2,0.4,0.46751,0.061083,0.192,0.12015,0.25485,0.35523,0.017736,176.43,0.055902,0.0056923,0.45158,1.331
3,reflection,0.2,0.8,1.3515,0.15766,0.19712,0.12152,0.25488,0.3551,0.018244,177.07,0.053654,0.0055916,0.45831,1.330
3,reflection,0.2,0,0.4874,0.061968,0.18597,0.11941,0.25491,0.35542,0.017106,175.45,0.058852,0.0058602,0.44607,1.332
3,anisotropy,0.5,-0.9,1.3516,0.1422,0.19215,0.12221,0.25485,0.35532,0.017969,176.88,0.051595,0.0057545,0.44431,1.331
3,anisotropy,0.5,-0.45,1.1333,0.2895,0.19462,0.11836,0.25481,0.35514,0.018104,177.22,0.050813,0.0056295,0.438,1.331
3,anisotropy,0.5,0,0.54328,0.04817,0.19241,0.11852,0.25483,0.35518,0.017832,176.63,0.054447,0.00566,0.44365,1.331
3,anisotropy,0.5,0.45,0.049261,0,0.18948,0.11954,0.25489,0.35527,0.017481,176.06,0.057,0.0057549,0.44815,1.335
3,anisotropy,0.5,0.9,0.39244,0.05109,0.18659,0.11961,0.25489,0.3554,0.017168,175.55,0.058586,0.0058432,0.44766,1.331
3,ion-opacity,8,2,4.1504,0.54531,0.19851,0.11989,0.25496,0.35457,0.018058,177.32,0.049689,0.0045021,0.45848,5.071
3,ion-opacity,8,4,2.0302,0.38182,0.19061,0.11979,0.25477,0.35507,0.01734,176.28,0.053429,0.0050352,0.46612,5.094
3,ion-opacity,8,16,3.1995,0.38175,0.20013,0.12387,0.25483,0.35549,0.01914,177.76,0.054219,0.0067875,0.41755,5.068
3,ion-opacity,8,32,8.8036,0.51842,0.22482,0.13944,0.25494,0.35558,0.022389,179.56,0.044991,0.0083702,0.40245,5.091
3,dust-opacity,6,1.5,0,0,0.18917,0.11961,0.25489,0.35531,0.017446,176,0.057219,0.0057641,0.44851,5.067
3,dust-opacity,6,3,0,0,0.18917,0.11961,0.25489,0.35531,0.017446,176,0.057219,0.0057641,0.44851,5.089
3,dust-opacity,6,12,0,0,0.18917,0.11961,0.25489,0.35531,0.017446,176,0.057219,0.0057641,0.44851,5.090
3,dust-opacity,6,24,0,0,0.18917,0.11961,0.25489,0.35531,0.017446,176,0.057219,0.0057641,0.44851,5.087
3,dust-opacity,6,0,0,0,0.18917,0.11961,0.25489,0.35531,0.017446,176,0.057219,0.0057641,0.44851,5.086
3,rim-shadow,2,0,0.016102,0.0017944,0.18927,0.11963,0.25489,0.3553,0.017461,176.01,0.057175,0.0057544,0.44852,5.097
3,rim-shadow,2,1.5,0.00087246,0,0.18917,0.11962,0.25489,0.3553,0.017447,176,0.057217,0.0057638,0.44853,1.334
3,rim-shadow,2,3,0.0010372,0,0.18916,0.11961,0.25489,0.35531,0.017445,176,0.057223,0.0057645,0.4485,1.332
3,rim-shadow,2,4.5,0.0018453,5.6102e-05,0.18916,0.11961,0.25489,0.35531,0.017445,176,0.057225,0.0057649,0.44851,1.335
3,rim-shadow,2,6,0.0022934,8.9198e-05,0.18915,0.11961,0.25489,0.3553,0.017444,176,0.057227,0.005765,0.4485,1.335
3,star-brightness,0.55,0.1375,0.94134,0.10894,0.18507,0.11589,0.25489,0.35531,0.017336,176.39,0.057397,0.0039513,0.43348,1.331
3,star-brightness,0.55,0.275,0.60623,0.07383,0.18654,0.11717,0.25489,0.35531,0.017373,176.25,0.057264,0.0046142,0.43812,1.334
3,star-brightness,0.55,1.1,1.0692,0.1382,0.19371,0.12419,0.25489,0.35531,0.017578,175.54,0.057514,0.0076757,0.47,1.334
3,star-brightness,0.55,2.2,2.8972,0.27789,0.20133,0.13234,0.25489,0.35531,0.017799,174.76,0.058582,0.010685,0.50989,1.329
3,star-brightness,0.55,0,1.3158,0.13635,0.1834,0.1146,0.25489,0.35531,0.017304,176.51,0.057812,0.0032049,0.43009,1.334
3,star-count,30000,7500,0.98796,0.10007,0.18484,0.1159,0.25489,0.35531,0.017338,176.39,0.057597,0.0039188,0.43658,1.003
3,star-count,30000,15000,0.65936,0.063879,0.18629,0.11719,0.25489,0.35531,0.017368,176.27,0.057285,0.004576,0.44005,1.116
3,star-count,30000,60000,1.3236,0.13288,0.19492,0.12451,0.25489,0.35531,0.017601,175.49,0.056907,0.0077886,0.46226,1.787
3,star-count,30000,120000,3.8939,0.34915,0.20593,0.13379,0.25489,0.35531,0.017881,174.47,0.057061,0.011012,0.48953,2.650
3,star-reach,1.5,0.375,1.9936,0.187,0.18993,0.11836,0.25489,0.35531,0.017414,176.15,0.056756,0.0060529,0.44067,1.170
3,star-reach,1.5,0.75,1.5781,0.15015,0.1888,0.11843,0.25489,0.35531,0.017411,176.08,0.056978,0.005578,0.438,1.233
3,star-reach,1.5,3,1.897,0.16948,0.18966,0.12165,0.25489,0.35531,0.017469,175.94,0.057514,0.0060147,0.46283,1.932
3,star-reach,1.5,6,1.8869,0.16617,0.18788,0.12089,0.25489,0.35531,0.017433,176.08,0.058062,0.0052917,0.45996,3.556
3,nebula-scale,0.08,0.02,0.024977,0.0014304,0.18907,0.11941,0.25489,0.35531,0.017447,176,0.057246,0.0057267,0.44687,1.332
3,nebula-scale,0.08,0.04,0.019739,0.0011197,0.18909,0.11945,0.25489,0.35531,0.017447,176,0.057226,0.0057328,0.44715,1.332
3,nebula-scale,0.08,0.16,0.071147,0.006132,0.18951,0.11982,0.25489,0.35531,0.01745,175.97,0.057119,0.0059319,0.44989,1.334
3,nebula-scale,0.08,0.32,0.30928,0.021199,0.1906,0.12072,0.25489,0.35531,0.017469,175.94,0.056638,0.0064495,0.4537,1.335
3,cluster-stars,1,0.25,0.0039385,0.00018518,0.18915,0.11956,0.25489,0.35531,0.017446,176,0.057224,0.0057596,0.44773,1.334
3,cluster-stars,1,0.5,0.0022325,0.00018518,0.18916,0.11958,0.25489,0.35531,0.017446,176,0.057223,0.0057615,0.44799,1.333
3,cluster-stars,1,2,0.0024827,0.00021267,0.18917,0.11965,0.25489,0.35531,0.017446,176,0.057212,0.0057663,0.44954,1.332
3,cluster-stars,1,4,0.0055465,0.00034577,0.18918,0.11969,0.25489,0.35531,0.017445,176,0.057204,0.0057686,0.4516,1.332
3,cluster-stars,1,0,0.0066831,0.00020461,0.18914,0.11953,0.25489,0.35531,0.017446,176,0.057237,0.0057568,0.44748,1.332
3,young,40,0,0.001459,0.00019736,0.18916,0.1196,0.25489,0.35531,0.017446,176,0.057237,0.005765,0.44837,1.337
3,young,40,125,0.0012646,0.00018597,0.18917,0.11963,0.25489,0.35531,0.017446,176,0.057203,0.0057639,0.44864,1.338
3,young,40,250,0.0045003,0.00074488,0.18918,0.11967,0.25489,0.35531,0.017445,176.01,0.057171,0.0057622,0.44894,1.339
3,young,40,375,0.0068871,0.00099541,0.18919,0.11969,0.25489,0.35531,0.017445,176.01,0.057152,0.0057607,0.44912,1.339
3,young,40,500,0.0097955,0.001227,0.1892,0.11973,0.25489,0.35531,0.017445,176.01,0.057123,0.0057596,0.44941,1.340
3,star-halo,0.1,0,0.040048,0.0020797,0.1892,0.11964,0.25489,0.35531,0.017448,175.99,0.057243,0.0057786,0.44872,1.339
3,star-halo,0.1,0.25,0.060546,0.0042986,0.18912,0.11958,0.25489,0.35531,0.017444,176.01,0.057187,0.0057602,0.44825,1.331
3,star-halo,0.1,0.5,0.16143,0.016737,0.18905,0.11953,0.25489,0.35531,0.01744,176.03,0.057139,0.0057858,0.44784,1.331
3,star-halo,0.1,0.75,0.26331,0.029481,0.18898,0.11948,0.25489,0.35531,0.017437,176.04,0.057105,0.0058445,0.44752,1.330
3,star-halo,0.1,1,0.36587,0.042304,0.18889,0.11944,0.25489,0.35531,0.017433,176.06,0.057081,0.0059312,0.44732,1.334
3,star-halo-deg,0.4,0.1,0.10948,0.0093642,0.18908,0.11958,0.25489,0.35531,0.017445,176,0.057292,0.0059826,0.44853,1.332
3,star-halo-deg,0.4,0.2,0.060768,0.0045695,0.18913,0.1196,0.25489,0.35531,0.017446,176,0.057264,0.0058974,0.44876,1.332
3,star-halo-deg,0.4,0.8,0.055194,0.0043833,0.18916,0.11957,0.25489,0.35531,0.017443,176.01,0.057143,0.0056087,0.44797,1.332
3,star-halo-deg,0.4,1.6,0.092935,0.0094046,0.18908,0.11948,0.25489,0.35531,0.017439,176.03,0.057063,0.0055328,0.44744,1.332
3,spike,0,0.125,0.020167,0.0021838,0.18925,0.1197,0.25489,0.35531,0.017448,176.02,0.057127,0.0057804,0.44828,1.331
3,spike,0,0.25,0.037904,0.0028154,0.18932,0.11981,0.25489,0.35531,0.017448,176.03,0.057081,0.0058013,0.44811,1.327
3,spike,0,0.375,0.053823,0.0031378,0.18937,0.11992,0.25489,0.35531,0.017449,176.03,0.057053,0.0058208,0.44794,1.335
3,spike,0,0.5,0.06838,0.0033076,0.18942,0.12002,0.25489,0.35531,0.01745,176.04,0.057032,0.0058379,0.4478,1.331
3,spike-flux,5000,1250,0.0010088,2.5021e-05,0.18917,0.11961,0.25489,0.35531,0.017446,176,0.057219,0.0057639,0.4485,1.333
3,spike-flux,5000,2500,2.1663e-05,0,0.18917,0.11961,0.25489,0.35531,0.017446,176,0.057219,0.0057641,0.44851,1.329
3,spike-flux,5000,10000,0.00028626,0,0.18916,0.11961,0.25489,0.35531,0.017446,176,0.057224,0.0057642,0.4485,1.337
3,spike-flux,5000,20000,0.0007508,0,0.18916,0.11961,0.25489,0.35531,0.017446,176,0.057226,0.0057642,0.44849,1.338
3,nebula,on,off,13.445,0.75963,0.21743,0.10814,1,0,0.012314,155.64,0.070481,0.0066252,0.39152,0.571
3,galaxy-style,barred-spiral,grand-design,3.2535,0.42135,0.19952,0.12342,0.25494,0.35557,0.017186,173.86,0.064737,0.0056245,0.43566,1.253
3,galaxy-style,barred-spiral,flocculent,2.4777,0.31812,0.1848,0.11997,0.25478,0.35514,0.017801,177.1,0.052973,0.0056197,0.45505,1.287
3,galaxy-radius,3.5,0,66.349,0.82542,0.44917,0.24282,0.25612,0.35906,0.025351,105.62,0.16597,0.004527,0.25949,1.204
3,galaxy-radius,3.5,2,23.7,0.75582,0.28871,0.16111,0.25448,0.35723,0.018442,148.51,0.15201,0.0047548,0.35814,1.362
3,galaxy-radius,3.5,4,5.0098,0.53618,0.16637,0.11615,0.25459,0.35474,0.018089,180.79,0.039493,0.006148,0.45657,1.282
3,galaxy-radius,3.5,6,9.2521,0.64846,0.13781,0.11406,0.25476,0.35433,0.018458,187,0.019983,0.0090012,0.49394,1.130
3,galaxy-radius,3.5,8,9.6924,0.64927,0.13539,0.11385,0.25478,0.35431,0.018508,187.59,0.017084,0.0093375,0.49958,1.125
3,galaxy-height,0.03,-5,12.072,0.6357,0.16197,0.13818,0.25481,0.35494,0.018418,183.29,0.054611,0.0075316,0.54833,1.182
3,galaxy-height,0.03,-2.5,11.273,0.64688,0.16576,0.13872,0.25469,0.35513,0.018117,181.36,0.066577,0.0066403,0.52886,1.758
3,galaxy-height,0.03,0,1.1771,0.13283,0.18873,0.11997,0.25488,0.3553,0.017477,176.06,0.057422,0.0057616,0.44895,1.342
3,galaxy-height,0.03,2.5,11.193,0.64154,0.174,0.13084,0.2548,0.35513,0.018343,181.38,0.054383,0.006494,0.49406,1.618
3,galaxy-height,0.03,5,11.778,0.64293,0.16372,0.13127,0.25467,0.35515,0.018532,183.32,0.048067,0.0073159,0.51486,1.179
3,galaxy-glow,1.5,0.375,6.551,0.63559,0.15253,0.11361,0.25467,0.35439,0.018573,183.94,0.022008,0.0073596,0.48097,1.335
3,galaxy-glow,1.5,0.75,4.2824,0.59764,0.16724,0.11369,0.2547,0.35472,0.018347,181.29,0.030263,0.0065255,0.46406,1.356
3,galaxy-glow,1.5,3,7.3526,0.66594,0.22182,0.13538,0.25468,0.35597,0.017269,166.25,0.11079,0.0051159,0.44099,1.337
3,galaxy-glow,1.5,6,18.959,0.74363,0.26973,0.16307,0.25451,0.35702,0.018221,151.54,0.17548,0.0045692,0.4422,1.328
3,galaxy-glow,1.5,0,8.7688,0.65745,0.13416,0.11661,0.25481,0.35431,0.018096,188.12,0.013238,0.0087957,0.51105,1.340
3,galaxy-dust,1,0.25,1.3717,0.16736,0.19482,0.12566,0.25494,0.35546,0.017464,175.77,0.0608,0.0058225,0.4629,1.329
3,galaxy-dust,1,0.5,0.87216,0.10108,0.19279,0.12329,0.2549,0.35543,0.01746,175.82,0.059667,0.0058056,0.45678,1.331
3,galaxy-dust,1,2,1.3998,0.19564,0.18314,0.11475,0.2548,0.35512,0.017445,176.48,0.052732,0.0056562,0.44089,1.328
3,galaxy-dust,1,4,3.3796,0.3891,0.17414,0.1097,0.25472,0.3549,0.017553,177.61,0.045607,0.0054573,0.44067,1.331
3,galaxy-dust,1,0,1.929,0.22106,0.19703,0.12857,0.25492,0.35543,0.017455,175.78,0.061427,0.0058481,0.47123,1.330
3,galaxy-warp,1,0,0.046189,0.00067543,0.18911,0.11961,0.2549,0.35531,0.017447,176.01,0.05713,0.0057666,0.44852,1.332
3,galaxy-warp,1,1.25,0.02037,0.0011126,0.18918,0.11962,0.25489,0.3553,0.017446,176,0.057234,0.0057629,0.44853,1.331
3,galaxy-warp,1,2.5,0.078384,0.0017813,0.18924,0.11961,0.25489,0.3553,0.017444,175.99,0.057372,0.0057558,0.44834,1.326
3,galaxy-warp,1,3.75,0.16257,0.0066588,0.1893,0.1196,0.25489,0.3553,0.017442,175.99,0.057506,0.0057505,0.44826,1.327
3,galaxy-warp,1,5,0.2212,0.019476,0.18937,0.11958,0.25489,0.3553,0.01744,175.97,0.057668,0.0057468,0.4481,1.329
3,galaxy-waves,1,0,1.7028,0.22458,0.18864,0.11998,0.25476,0.3553,0.017542,176.15,0.056044,0.0056967,0.44603,1.322
3,galaxy-waves,1,1.25,0.63836,0.057131,0.18943,0.11997,0.25493,0.35534,0.01743,175.98,0.057679,0.0057999,0.45467,1.345
3,galaxy-waves,1,2.5,2.211,0.31074,0.18993,0.1199,0.25488,0.35525,0.017407,175.9,0.059847,0.0057175,0.44406,1.357
3,galaxy-waves,1,3.75,3.2851,0.43405,0.19062,0.12078,0.25486,0.35512,0.017433,175.9,0.061516,0.0058326,0.44704,1.364
3,galaxy-waves,1,5,4.1194,0.49439,0.19044,0.12102,0.25479,0.35508,0.017466,175.98,0.062167,0.0056926,0.44791,1.362
3,external-galaxies,4,0,0.00038329,4.0772e-05,0.18916,0.11961,0.25489,0.35531,0.017446,176,0.057217,0.005764,0.44851,1.333
3,external-galaxies,4,2,0.00022679,4.0772e-05,0.18916,0.11961,0.25489,0.35531,0.017446,176,0.057217,0.0057639,0.44851,1.333
3,external-galaxies,4,6,0.00024437,2.8632e-05,0.18917,0.11961,0.25489,0.35531,0.017446,176,0.057219,0.0057643,0.4485,1.333
3,external-galaxies,4,8,0.00029791,2.8632e-05,0.18917,0.11961,0.25489,0.35531,0.017446,176,0.057219,0.0057643,0.4485,1.334
3,galaxy-res,512,64,0.034273,0.0040469,0.1892,0.11961,0.25489,0.35531,0.017445,175.99,0.057255,0.0057405,0.44836,1.223
3,galaxy-res,512,560,0.00072193,0,0.18916,0.11961,0.25489,0.3553,0.017446,176,0.057218,0.0057644,0.44851,1.337
3,galaxy-res,512,1056,0.0010819,0,0.18916,0.11961,0.25489,0.35531,0.017446,176,0.057219,0.0057648,0.44851,1.567
3,galaxy-res,512,1552,0.0011648,0,0.18916,0.11961,0.25489,0.35531,0.017446,176,0.05722,0.005765,0.44851,1.984
3,galaxy-res,512,2048,0.0011288,0,0.18916,0.11961,0.25489,0.35531,0.017446,176,0.057221,0.005765,0.44851,2.553
3,exposure,0.18,0.045,14.607,0.87607,0.10319,0.078268,0.25373,0.35412,0.014053,180.51,0.027994,0.0032223,0.33352,1.334
3,exposure,0.18,0.09,9.246,0.8531,0.13982,0.095378,0.2544,0.35484,0.015733,178.68,0.037488,0.0042825,0.40065,1.330
3,exposure,0.18,0.36,14.468,0.91129,0.25525,0.14962,0.25513,0.35582,0.020832,172.28,0.085539,0.0077164,0.46087,1.326
3,exposure,0.18,0.72,35.462,0.94071,0.34194,0.18262,0.25518,0.35608,0.02498,165.66,0.11958,0.0098489,0.44784,1.325
3,denoise,0.35,0.0875,0.594,0.1067,0.18841,0.12026,0.25951,0.35895,0.017379,175.85,0.058495,0.0071686,0.44983,1.328
3,denoise,0.35,0.175,0.39795,0.059484,0.18863,0.12006,0.25716,0.35746,0.017397,175.89,0.057971,0.006699,0.44947,1.332
3,denoise,0.35,0.7,0.42314,0.071819,0.18985,0.11903,0.2527,0.35363,0.017526,176.11,0.05671,0.0048352,0.4468,1.327
3,denoise,0.35,1.4,0.62396,0.10292,0.19014,0.11879,0.25146,0.35309,0.01756,176.16,0.056546,0.0044998,0.4458,1.330
3,denoise,0.35,0,0.70798,0.12937,0.18839,0.12041,0.26312,0.36131,0.0174,175.84,0.0597,0.0074749,0.4502,1.328
3,supersample,2,1,0.36691,0.049662,0.18865,0.11958,0.25616,0.35647,0.017392,175.91,0.057775,0.0059884,0.44862,0.801
3,step-frac,0.15,0.0375,0.11185,0.0053319,0.18915,0.1194,0.25553,0.35523,0.017443,175.98,0.057348,0.005723,0.4473,3.013
3,step-frac,0.15,0.075,0.10348,0.0049524,0.18921,0.11949,0.25524,0.35524,0.017451,175.99,0.057266,0.0057276,0.44776,1.907
3,step-frac,0.15,0.3,0.3231,0.042208,0.1885,0.1198,0.25551,0.35479,0.017362,175.89,0.057423,0.0061027,0.45012,1.043
3,step-frac,0.15,0.6,1.0606,0.17626,0.18515,0.11991,0.26337,0.34885,0.016879,175.13,0.059388,0.0075834,0.453,0.894
3,max-steps,600,50,3.6276,0.18757,0.19864,0.12186,0.29428,0.27827,0.017029,172.44,0.072903,0.0059377,0.41341,1.097
3,max-steps,600,1038,0,0,0.18917,0.11961,0.25489,0.35531,0.017446,176,0.057219,0.0057641,0.44851,1.336
3,max-steps,600,2025,0,0,0.18917,0.11961,0.25489,0.35531,0.017446,176,0.057219,0.0057641,0.44851,1.331
3,max-steps,600,3013,0,0,0.18917,0.11961,0.25489,0.35531,0.017446,176,0.057219,0.0057641,0.44851,1.331
3,max-steps,600,4000,0,0,0.18917,0.11961,0.25489,0.35531,0.017446,176,0.057219,0.0057641,0.44851,1.332
3,light-res,96,16,2.2792,0.30793,0.17687,0.11321,0.25482,0.3558,0.016256,174,0.066798,0.0054465,0.41051,1.409
3,light-res,96,76,0.197,0.018083,0.18834,0.11927,0.2549,0.35534,0.017356,175.88,0.057731,0.0057479,0.44715,3.484
3,light-res,96,136,0.16944,0.014128,0.18994,0.11983,0.25481,0.35529,0.01753,176.1,0.056793,0.005787,0.44965,11.347
3,light-res,96,196,0.22653,0.026626,0.19037,0.11996,0.25476,0.35527,0.017575,176.15,0.056528,0.0058031,0.45024,26.600
3,light-res,96,256,0.25337,0.033622,0.19057,0.12,0.25479,0.3553,0.017597,176.19,0.056426,0.0058102,0.45044,52.425
3,light-steps,48,8,1.5986,0.3128,0.19779,0.12208,0.2548,0.35495,0.01848,177.4,0.050301,0.0059377,0.44345,2.116
3,light-steps,48,70,0.016367,0,0.18907,0.1196,0.25489,0.35529,0.017435,175.98,0.057292,0.0057621,0.44858,6.752
3,light-steps,48,132,0.026615,0,0.18901,0.11959,0.25489,0.35531,0.017428,175.97,0.057339,0.0057608,0.44863,11.191
3,light-steps,48,194,0.028689,0,0.189,0.11959,0.25489,0.35531,0.017426,175.97,0.057348,0.0057608,0.44865,15.738
3,light-steps,48,256,0.029471,0,0.189,0.11959,0.25489,0.35531,0.017426,175.97,0.057352,0.0057608,0.44866,20.169
5,(default),,,0,0,0.25483,0.13266,0.11236,0.56765,0.069163,43.732,0.034075,0.005463,0.44703,5.372
5,viewer-offset,0.55,0,23.483,0.964,0.24719,0.12821,0.15578,0.54296,0.069536,42.526,0.02621,0.0066582,0.46831,5.302
5,viewer-offset,0.55,1,20.463,0.9165,0.19558,0.12226,0.5744,0.31785,0.047461,43.404,0.042124,0.0044298,0.45955,4.895
5,viewer-offset,0.55,2,20.012,0.90432,0.20672,0.12047,0.9249,0.055385,0.045106,44.545,0.028773,0.0057763,0.43811,4.414
5,viewer-offset,0.55,3,19.872,0.90243,0.20866,0.11894,0.96465,0.024273,0.044562,45.067,0.027781,0.005819,0.4301,4.328
5,viewer-offset,0.55,4,19.807,0.90035,0.2091,0.11825,0.97793,0.013495,0.044341,45.273,0.027496,0.0058108,0.42715,4.291
5,cluster-offset,0.85,0,29.355,0.9167,0.38386,0.13012,0.12132,0.56617,0.0962,50.876,0.04397,0.0061076,0.3045,5.329
5,cluster-offset,0.85,0.2375,21.98,0.91264,0.35608,0.13481,0.11228,0.56837,0.090195,49.821,0.043032,0.0060804,0.33965,5.368
5,cluster-offset,0.85,0.475,12.57,0.89746,0.31493,0.138,0.11221,0.56821,0.081055,47.883,0.039161,0.0060119,0.38278,5.382
5,cluster-offset,0.85,0.7125,4.046,0.79569,0.27448,0.13713,0.11203,0.56813,0.072871,45.123,0.03631,0.0056955,0.43566,5.354
5,cluster-offset,0.85,0.95,2.6338,0.66009,0.24177,0.12747,0.11279,0.56777,0.066726,42.85,0.032003,0.005258,0.44563,5.350
5,luminosity,1,0.25,12.18,0.83942,0.18604,0.10212,0.11207,0.56795,0.055288,38.357,0.021132,0.0033496,0.44486,5.388
5,luminosity,1,0.5,7.5205,0.80224,0.21419,0.11315,0.11216,0.56777,0.061558,40.646,0.025471,0.0042371,0.43468,5.399
5,luminosity,1,2,11.413,0.85826,0.31043,0.15881,0.11254,0.56768,0.077063,47.637,0.044044,0.0069166,0.46849,5.396
5,luminosity,1,4,27.649,0.90495,0.3813,0.18751,0.11262,0.56776,0.082874,52.712,0.055519,0.0084112,0.47386,5.401
5,clusters,2,1,0,0,0.25483,0.13266,0.11236,0.56765,0.069163,43.732,0.034075,0.005463,0.44703,5.390
5,clusters,2,3,0,0,0.25483,0.13266,0.11236,0.56765,0.069163,43.732,0.034075,0.005463,0.44703,1.756
5,thickness,0.06,0.015,0.30629,0.066027,0.2553,0.13272,0.11268,0.56744,0.069236,43.779,0.03421,0.005421,0.44666,7.765
5,thickness,0.06,0.03,0.29135,0.062066,0.2552,0.13268,0.1126,0.56756,0.069222,43.762,0.034153,0.0054235,0.44699,6.114
5,thickness,0.06,0.12,0.57782,0.14405,0.25306,0.13201,0.11222,0.56742,0.068838,43.595,0.033712,0.0056768,0.44796,5.842
5,thickness,0.06,0.24,1.6259,0.39352,0.248,0.13043,0.11386,0.56586,0.067893,43.176,0.032487,0.0071137,0.44916,6.833
5,fold,0.18,0,5.7581,0.70784,0.2562,0.1348,0.11324,0.56604,0.069326,43.853,0.033725,0.0054447,0.44885,4.886
5,fold,0.18,0.25,2.6362,0.5163,0.25352,0.13181,0.1126,0.56816,0.068943,43.67,0.034228,0.005488,0.44733,5.548
5,fold,0.18,0.5,9.5499,0.7982,0.24773,0.12965,0.11587,0.57137,0.068159,43.304,0.033826,0.0052849,0.4433,6.118
5,fold,0.18,0.75,13.448,0.85448,0.24037,0.12863,0.12928,0.57465,0.066758,42.829,0.033522,0.0051171,0.44931,6.851
5,fold,0.18,1,15.419,0.87819,0.23441,0.1279,0.12365,0.56949,0.065636,42.41,0.03236,0.0051012,0.45696,7.709
5,fold-scale,1.6,0.4,6.2932,0.72748,0.25361,0.1332,0.10702,0.5743,0.069112,43.725,0.033839,0.0054251,0.44863,4.985
5,fold-scale,1.6,0.8,6.7315,0.74888,0.25411,0.12914,0.099393,0.56764,0.069872,43.648,0.032704,0.005459,0.43994,5.062
5,fold-scale,1.6,3.2,8.1664,0.78624,0.25502,0.1356,0.12018,0.57897,0.068843,43.833,0.034029,0.0056245,0.45067,6.951
5,fold-scale,1.6,6.4,8.6459,0.7956,0.25327,0.13761,0.10488,0.57155,0.068323,44.029,0.034929,0.0062488,0.45904,9.968
5,keep,0.7,0,18.351,0.89306,0.21901,0.12373,0.91189,0.043469,0.046519,45.985,0.028318,0.0061082,0.43191,4.461
5,keep,0.7,0.25,15.27,0.79904,0.23701,0.13111,0.66557,0.17813,0.053742,45.703,0.030231,0.0065067,0.43635,4.636
5,keep,0.7,0.5,6.952,0.41386,0.26384,0.13556,0.28359,0.41647,0.066288,44.9,0.03274,0.0061575,0.43627,5.168
5,keep,0.7,0.75,1.7494,0.14493,0.24888,0.13306,0.10567,0.60756,0.068315,43.407,0.03505,0.0052602,0.45943,5.344
5,keep,0.7,1,3.0096,0.17552,0.2434,0.13387,0.099695,0.63881,0.067419,43.065,0.036118,0.0050673,0.47122,5.354
5,hole-scale,1.3,0.325,10.791,0.80751,0.24091,0.14228,0.32914,0.56584,0.061867,43.68,0.036836,0.005927,0.47875,4.790
5,hole-scale,1.3,0.65,9.225,0.79771,0.25028,0.13793,0.20588,0.59058,0.065433,43.95,0.036486,0.0058907,0.45995,4.985
5,hole-scale,1.3,2.6,9.4928,0.83573,0.25181,0.1275,0.083095,0.65531,0.07004,43.209,0.033867,0.0056569,0.4412,5.457
5,hole-scale,1.3,5.2,10.253,0.86476,0.24837,0.1319,0.082806,0.75571,0.070058,42.714,0.035887,0.0057993,0.45765,6.377
5,outer-sharpness,6,1.5,1.5829e-06,0,0.25483,0.13266,0.11236,0.56765,0.069163,43.732,0.034075,0.005463,0.44703,5.340
5,outer-sharpness,6,3,1.5829e-06,0,0.25483,0.13266,0.11236,0.56765,0.069163,43.732,0.034075,0.005463,0.44703,5.389
5,outer-sharpness,6,12,1.776e-05,0,0.25483,0.13266,0.11236,0.56765,0.069163,43.732,0.034075,0.005463,0.44703,5.348
5,outer-sharpness,6,24,3.2091e-05,0,0.25483,0.13266,0.11236,0.56765,0.069163,43.732,0.034075,0.005463,0.44703,5.338
5,detail-scale,5,1.25,6.8822,0.75555,0.24782,0.12959,0.11483,0.55531,0.067588,43.669,0.033951,0.0047244,0.43722,5.425
5,detail-scale,5,2.5,7.294,0.80674,0.25596,0.12797,0.10808,0.5465,0.070426,43.667,0.032489,0.0049937,0.44008,5.405
5,detail-scale,5,10,7.1305,0.82421,0.25934,0.13004,0.092592,0.56641,0.070488,44.335,0.034281,0.0062399,0.434,5.341
5,detail-scale,5,20,6.9136,0.81991,0.264,0.13164,0.094302,0.56569,0.071277,44.49,0.034759,0.0073897,0.43912,5.310
5,detail-gain,0.55,0.2,2.3933,0.5323,0.25647,0.13372,0.11226,0.57795,0.06962,43.697,0.034246,0.0050695,0.45046,5.353
5,detail-gain,0.55,0.375,1.3022,0.36718,0.25562,0.13326,0.11263,0.57306,0.069356,43.716,0.034194,0.0051931,0.44907,5.376
5,detail-gain,0.55,0.725,1.4082,0.40017,0.25415,0.13163,0.11332,0.56227,0.06902,43.763,0.03391,0.0057987,0.44418,5.334
5,detail-gain,0.55,0.9,2.7611,0.59697,0.25293,0.13018,0.1148,0.56069,0.068789,43.777,0.033684,0.0059731,0.44092,5.383
5,erosion,0.65,0,5.9968,0.77213,0.27957,0.13631,0.070762,0.58852,0.074423,45.055,0.036092,0.0037663,0.4591,5.569
5,erosion,0.65,0.25,2.5426,0.5378,0.26359,0.13346,0.093008,0.57876,0.071138,44.292,0.034732,0.0045569,0.45165,5.453
5,erosion,0.65,0.5,0.83289,0.21497,0.25735,0.1328,0.10561,0.57163,0.069783,43.887,0.034207,0.00514,0.44826,5.430
5,erosion,0.65,0.75,0.50756,0.12057,0.25349,0.1327,0.11697,0.56475,0.068796,43.655,0.034066,0.0056851,0.44647,5.359
5,erosion,0.65,1,3.419,0.49735,0.24926,0.13314,0.13367,0.52518,0.067339,43.421,0.033149,0.0073443,0.44392,5.226
5,filament,0.5,0,3.8893,0.65355,0.25817,0.13443,0.099858,0.57924,0.069928,43.863,0.034714,0.0052974,0.45343,5.388
5,filament,0.5,0.25,2.3428,0.52199,0.25596,0.13364,0.10627,0.57302,0.06939,43.771,0.03438,0.0052834,0.45085,5.386
5,filament,0.5,0.75,2.7518,0.56527,0.25543,0.1325,0.11109,0.56472,0.06942,43.854,0.034235,0.0057331,0.44496,5.386
5,filament,0.5,1,4.7481,0.70237,0.25708,0.13295,0.10473,0.56686,0.069817,44.07,0.034882,0.0058649,0.44496,5.374
5,contrast,1.5,0,6.1794,0.70488,0.24331,0.12866,0.066641,0.75005,0.06903,42.595,0.034187,0.0052696,0.44962,5.161
5,contrast,1.5,0.75,4.1248,0.60126,0.24554,0.13116,0.082574,0.73017,0.06885,42.732,0.034389,0.0052351,0.45634,5.289
5,contrast,1.5,2.25,6.6086,0.71077,0.26927,0.13223,0.20837,0.39825,0.069256,45.286,0.034152,0.0061178,0.41645,5.237
5,contrast,1.5,3,12.305,0.82333,0.27676,0.1309,0.37181,0.27537,0.068282,46.409,0.033116,0.0067173,0.39507,5.149
5,pillars,9,0,0,0,0.25483,0.13266,0.11236,0.56765,0.069163,43.732,0.034075,0.005463,0.44703,5.351
5,pillars,9,14,0,0,0.25483,0.13266,0.11236,0.56765,0.069163,43.732,0.034075,0.005463,0.44703,5.394
5,pillars,9,28,0,0,0.25483,0.13266,0.11236,0.56765,0.069163,43.732,0.034075,0.005463,0.44703,5.370
5,pillars,9,42,0,0,0.25483,0.13266,0.11236,0.56765,0.069163,43.732,0.034075,0.005463,0.44703,5.393
5,pillars,9,56,0,0,0.25483,0.13266,0.11236,0.56765,0.069163,43.732,0.034075,0.005463,0.44703,5.322
5,pillar-length,0.3,0.075,0,0,0.25483,0.13266,0.11236,0.56765,0.069163,43.732,0.034075,0.005463,0.44703,5.360
5,pillar-length,0.3,0.15,0,0,0.25483,0.13266,0.11236,0.56765,0.069163,43.732,0.034075,0.005463,0.44703,5.373
5,pillar-length,0.3,0.6,0,0,0.25483,0.13266,0.11236,0.56765,0.069163,43.732,0.034075,0.005463,0.44703,5.359
5,pillar-length,0.3,0.8,0,0,0.25483,0.13266,0.11236,0.56765,0.069163,43.732,0.034075,0.005463,0.44703,5.398
5,pillar-width,0.045,0.01125,0,0,0.25483,0.13266,0.11236,0.56765,0.069163,43.732,0.034075,0.005463,0.44703,5.355
5,pillar-width,0.045,0.0225,0,0,0.25483,0.13266,0.11236,0.56765,0.069163,43.732,0.034075,0.005463,0.44703,5.370
5,pillar-width,0.045,0.09,0,0,0.25483,0.13266,0.11236,0.56765,0.069163,43.732,0.034075,0.005463,0.44703,5.397
5,pillar-width,0.045,0.18,0,0,0.25483,0.13266,0.11236,0.56765,0.069163,43.732,0.034075,0.005463,0.44703,5.356
5,pillar-density,2.5,0.625,0,0,0.25483,0.13266,0.11236,0.56765,0.069163,43.732,0.034075,0.005463,0.44703,5.341
5,pillar-density,2.5,1.25,0,0,0.25483,0.13266,0.11236,0.56765,0.069163,43.732,0.034075,0.005463,0.44703,5.368
5,pillar-density,2.5,5,0,0,0.25483,0.13266,0.11236,0.56765,0.069163,43.732,0.034075,0.005463,0.44703,5.354
5,pillar-density,2.5,10,0,0,0.25483,0.13266,0.11236,0.56765,0.069163,43.732,0.034075,0.005463,0.44703,5.345
5,clouds,4,0,0,0,0.25483,0.13266,0.11236,0.56765,0.069163,43.732,0.034075,0.005463,0.44703,5.382
5,clouds,4,3,0,0,0.25483,0.13266,0.11236,0.56765,0.069163,43.732,0.034075,0.005463,0.44703,5.373
5,clouds,4,6,0,0,0.25483,0.13266,0.11236,0.56765,0.069163,43.732,0.034075,0.005463,0.44703,5.376
5,clouds,4,9,0,0,0.25483,0.13266,0.11236,0.56765,0.069163,43.732,0.034075,0.005463,0.44703,5.388
5,clouds,4,12,0,0,0.25483,0.13266,0.11236,0.56765,0.069163,43.732,0.034075,0.005463,0.44703,5.378
5,cloud-length,0.15,0.0375,0,0,0.25483,0.13266,0.11236,0.56765,0.069163,43.732,0.034075,0.005463,0.44703,5.391
5,cloud-length,0.15,0.075,0,0,0.25483,0.13266,0.11236,0.56765,0.069163,43.732,0.034075,0.005463,0.44703,5.362
5,cloud-length,0.15,0.3,0,0,0.25483,0.13266,0.11236,0.56765,0.069163,43.732,0.034075,0.005463,0.44703,5.381
5,cloud-length,0.15,0.6,0,0,0.25483,0.13266,0.11236,0.56765,0.069163,43.732,0.034075,0.005463,0.44703,5.367
5,cloud-width,0.022,0.0055,0,0,0.25483,0.13266,0.11236,0.56765,0.069163,43.732,0.034075,0.005463,0.44703,5.381
5,cloud-width,0.022,0.011,0,0,0.25483,0.13266,0.11236,0.56765,0.069163,43.732,0.034075,0.005463,0.44703,5.383
5,cloud-width,0.022,0.044,0,0,0.25483,0.13266,0.11236,0.56765,0.069163,43.732,0.034075,0.005463,0.44703,5.415
5,cloud-width,0.022,0.088,0,0,0.25483,0.13266,0.11236,0.56765,0.069163,43.732,0.034075,0.005463,0.44703,5.365
5,cloud-distance,0.35,0.0875,0,0,0.25483,0.13266,0.11236,0.56765,0.069163,43.732,0.034075,0.005463,0.44703,5.373
5,cloud-distance,0.35,0.175,0,0,0.25483,0.13266,0.11236,0.56765,0.069163,43.732,0.034075,0.005463,0.44703,5.404
5,cloud-distance,0.35,0.7,0,0,0.25483,0.13266,0.11236,0.56765,0.069163,43.732,0.034075,0.005463,0.44703,5.388
5,cloud-distance,0.35,1.4,0,0,0.25483,0.13266,0.11236,0.56765,0.069163,43.732,0.034075,0.005463,0.44703,5.364
5,cloud-density,3,0.75,0,0,0.25483,0.13266,0.11236,0.56765,0.069163,43.732,0.034075,0.005463,0.44703,5.340
5,cloud-density,3,1.5,0,0,0.25483,0.13266,0.11236,0.56765,0.069163,43.732,0.034075,0.005463,0.44703,5.386
5,cloud-density,3,6,0,0,0.25483,0.13266,0.11236,0.56765,0.069163,43.732,0.034075,0.005463,0.44703,5.348
5,cloud-density,3,12,0,0,0.25483,0.13266,0.11236,0.56765,0.069163,43.732,0.034075,0.005463,0.44703,5.357
5,hardness,0.5,0,3.0791,0.60988,0.24828,0.12933,0.11801,0.5663,0.067815,43.549,0.033677,0.0051046,0.44153,5.352
5,hardness,0.5,0.25,1.2239,0.33482,0.25204,0.13127,0.1154,0.56641,0.068595,43.607,0.033801,0.0053042,0.44468,5.340
5,hardness,0.5,0.75,0.76035,0.20279,0.25675,0.13351,0.11053,0.56802,0.069545,43.823,0.034285,0.0055747,0.44854,5.374
5,hardness,0.5,1,1.2554,0.33304,0.25815,0.13412,0.10926,0.56824,0.069822,43.888,0.034431,0.005662,0.44968,5.387
5,dust-style,lanes,vein,0,0,0.25483,0.13266,0.11236,0.56765,0.069163,43.732,0.034075,0.005463,0.44703,5.375
5,dust-style,lanes,physical,0,0,0.25483,0.13266,0.11236,0.56765,0.069163,43.732,0.034075,0.005463,0.44703,5.354
5,dust,0.6,0,0,0,0.25483,0.13266,0.11236,0.56765,0.069163,43.732,0.034075,0.005463,0.44703,5.390
5,dust,0.6,0.25,0,0,0.25483,0.13266,0.11236,0.56765,0.069163,43.732,0.034075,0.005463,0.44703,1.747
5,dust,0.6,0.5,0,0,0.25483,0.13266,0.11236,0.56765,0.069163,43.732,0.034075,0.005463,0.44703,1.747
5,dust,0.6,0.75,0,0,0.25483,0.13266,0.11236,0.56765,0.069163,43.732,0.034075,0.005463,0.44703,1.749
5,dust,0.6,1,0,0,0.25483,0.13266,0.11236,0.56765,0.069163,43.732,0.034075,0.005463,0.44703,1.749
5,dust-scale,4,1,0,0,0.25483,0.13266,0.11236,0.56765,0.069163,43.732,0.034075,0.005463,0.44703,4.966
5,dust-scale,4,2,0,0,0.25483,0.13266,0.11236,0.56765,0.069163,43.732,0.034075,0.005463,0.44703,5.031
5,dust-scale,4,8,0,0,0.25483,0.13266,0.11236,0.56765,0.069163,43.732,0.034075,0.005463,0.44703,6.723
5,dust-scale,4,16,0,0,0.25483,0.13266,0.11236,0.56765,0.069163,43.732,0.034075,0.005463,0.44703,8.199
5,cavity-density,0.006,0.0015,0,0,0.25483,0.13266,0.11236,0.56765,0.069163,43.732,0.034075,0.005463,0.44703,5.389
5,cavity-density,0.006,0.003,0,0,0.25483,0.13266,0.11236,0.56765,0.069163,43.732,0.034075,0.005463,0.44703,1.754
5,cavity-density,0.006,0.012,0,0,0.25483,0.13266,0.11236,0.56765,0.069163,43.732,0.034075,0.005463,0.44703,1.748
5,cavity-density,0.006,0.024,0,0,0.25483,0.13266,0.11236,0.56765,0.069163,43.732,0.034075,0.005463,0.44703,1.750
5,cavity-density,0.006,0,0,0,0.25483,0.13266,0.11236,0.56765,0.069163,43.732,0.034075,0.005463,0.44703,1.749
5,cavity-spread,1.7,1,0,0,0.25483,0.13266,0.11236,0.56765,0.069163,43.732,0.034075,0.005463,0.44703,1.752
5,cavity-spread,1.7,3.4,0,0,0.25483,0.13266,0.11236,0.56765,0.069163,43.732,0.034075,0.005463,0.44703,1.746
5,cavity-spread,1.7,4,0,0,0.25483,0.13266,0.11236,0.56765,0.069163,43.732,0.034075,0.005463,0.44703,1.760
5,mass-inner,0.75,0.1,17.432,0.88556,0.15399,0.10134,0.063459,0.73775,0.047852,36.139,0.022544,0.0017709,0.50384,5.516
5,mass-inner,0.75,0.3125,17.39,0.88308,0.1553,0.10103,0.063459,0.73775,0.048215,36.237,0.022875,0.001843,0.49932,5.561
5,mass-inner,0.75,0.525,15.892,0.87598,0.17752,0.10673,0.066687,0.71431,0.052223,39.804,0.032541,0.002773,0.44005,5.610
5,mass-inner,0.75,0.7375,2.507,0.47297,0.25222,0.13289,0.10811,0.57687,0.06868,43.559,0.03437,0.0053182,0.45099,5.393
5,mass-inner,0.75,0.95,17.733,0.86849,0.27511,0.12506,0.31495,0.32863,0.0697,45.565,0.029434,0.0073687,0.37435,4.948
5,mass-lobes,0.4,0,10.433,0.76987,0.26445,0.12196,0.20492,0.47993,0.069925,43.982,0.02833,0.0063153,0.41033,5.225
5,mass-lobes,0.4,0.2,8.631,0.6882,0.27168,0.12617,0.14859,0.52712,0.072786,44.212,0.029752,0.0060844,0.40397,5.284
5,mass-lobes,0.4,0.6,7.5441,0.75298,0.23163,0.13392,0.094535,0.59949,0.063842,42.619,0.03547,0.0047039,0.47576,5.503
5,mass-lobes,0.4,0.8,10.859,0.83149,0.20619,0.11989,0.080251,0.63509,0.059133,41.174,0.032985,0.0039825,0.45056,5.476
5,mass-scale,1.5,0.5,16.464,0.90621,0.21146,0.11477,0.14938,0.53179,0.060661,40.248,0.02291,0.0036153,0.44633,3.667
5,mass-scale,1.5,0.75,16.611,0.88124,0.21142,0.11513,0.20135,0.50052,0.06153,41.361,0.025755,0.0042913,0.45391,4.209
5,mass-scale,1.5,3,17.124,0.91744,0.22908,0.11789,0.097585,0.52085,0.066026,41.617,0.024029,0.0057076,0.43692,6.438
5,mass-scale,1.5,6,17.257,0.92769,0.22225,0.1134,0.048802,0.54437,0.065046,41.038,0.025416,0.0068191,0.43436,7.412
5,mass-density,6,1.5,12.712,0.86568,0.28487,0.12946,0.27427,0.20573,0.070202,46.903,0.032584,0.0065221,0.38733,5.301
5,mass-density,6,3,6.7039,0.7829,0.27092,0.13223,0.17455,0.37837,0.069855,45.399,0.03384,0.0059431,0.41782,5.418
5,mass-density,6,12,5.5195,0.73791,0.24114,0.13147,0.080484,0.74353,0.068119,42.461,0.034656,0.0053428,0.46483,5.248
5,mass-density,6,20,8.6488,0.80635,0.23304,0.13015,0.062655,0.81344,0.06734,41.881,0.03532,0.0054464,0.47289,5.070
5,mass-clusters,1,2,19.345,0.87369,0.35571,0.14103,0.13338,0.55804,0.0897,48.48,0.03845,0.0061192,0.36347,8.908
5,mass-clusters,1,3,32.364,0.90917,0.4144,0.15295,0.13467,0.54981,0.095119,54.163,0.048915,0.0063105,0.32954,12.274
5,mass-cavity,0,0.0005,0.021362,0.0022142,0.25495,0.13266,0.11236,0.56764,0.069187,43.737,0.034069,0.0054532,0.44695,5.434
5,mass-cavity,0,0.002,2.3537,0.097227,0.26556,0.14175,0.11178,0.56767,0.070229,44.987,0.038448,0.0048778,0.46202,5.451
5,mass-cavity,0,0.008,10.984,0.39046,0.30481,0.16672,0.10653,0.56857,0.072908,48.622,0.053105,0.0037195,0.51257,5.667
5,mass-cavity,0,0.032,28.011,0.67988,0.38083,0.19507,0.091143,0.5737,0.081551,53.354,0.074651,0.0024535,0.50228,5.977
5,mass-fine,1,0,5.2295,0.64595,0.25555,0.13062,0.13264,0.56874,0.06909,43.809,0.033797,0.0044143,0.43246,2.003
5,mass-fine,1,0.75,1.3915,0.32864,0.2548,0.1319,0.11905,0.56743,0.069103,43.774,0.034255,0.0050924,0.44276,5.465
5,mass-fine,1,1.5,2.7017,0.49178,0.25509,0.13398,0.10115,0.56637,0.069386,43.703,0.033909,0.006359,0.45261,5.481
5,mass-fine,1,2.25,6.2651,0.68523,0.25609,0.13641,0.079709,0.56302,0.069695,43.701,0.033926,0.0074901,0.4646,5.510
5,mass-fine,1,3,8.9958,0.77334,0.25691,0.13705,0.061762,0.56171,0.070157,43.701,0.03376,0.0082706,0.46958,5.432
5,mass-edge,0,0.25,2.0879,0.44241,0.2562,0.13177,0.11788,0.56794,0.069393,43.914,0.034403,0.0058974,0.44129,5.499
5,mass-edge,0,0.5,4.1147,0.61082,0.25778,0.13139,0.12323,0.56748,0.069628,44.133,0.034966,0.006451,0.43607,5.479
5,mass-edge,0,0.75,6.1074,0.6853,0.26081,0.13251,0.12703,0.56688,0.07006,44.492,0.035998,0.0073907,0.43305,5.434
5,mass-edge,0,1,8.6595,0.73645,0.26963,0.13855,0.12943,0.56699,0.071235,45.441,0.039364,0.0093919,0.43597,5.535
5,mass-edge-patch,0,0.25,0,0,0.25483,0.13266,0.11236,0.56765,0.069163,43.732,0.034075,0.005463,0.44703,5.366
5,mass-edge-patch,0,0.5,0,0,0.25483,0.13266,0.11236,0.56765,0.069163,43.732,0.034075,0.005463,0.44703,5.415
5,mass-edge-patch,0,0.75,0,0,0.25483,0.13266,0.11236,0.56765,0.069163,43.732,0.034075,0.005463,0.44703,5.422
5,mass-edge-patch,0,1,0,0,0.25483,0.13266,0.11236,0.56765,0.069163,43.732,0.034075,0.005463,0.44703,5.367
5,graze,3,0,4.5588,0.52333,0.27509,0.14859,0.11283,0.56767,0.07139,45.738,0.0414,0.0061236,0.46776,5.126
5,graze,3,1.25,5.9816,0.80549,0.28624,0.14116,0.11283,0.56741,0.074603,45.652,0.037194,0.0051286,0.44858,1.749
5,graze,3,2.5,1.1552,0.4391,0.26099,0.13455,0.11252,0.56757,0.070277,44.114,0.034848,0.0054037,0.44815,1.747
5,graze,3,3.75,1.3154,0.48602,0.24776,0.13031,0.11224,0.56765,0.067861,43.285,0.033127,0.0055219,0.44521,1.745
5,graze,3,5,2.8362,0.7237,0.23951,0.12728,0.11214,0.56779,0.066318,42.748,0.031911,0.0055759,0.44233,1.743
5,mass-blister,0.3,0,0.043367,0.0081602,0.25483,0.13262,0.1122,0.57269,0.069185,43.725,0.034065,0.0054567,0.44686,5.391
5,mass-blister,0.3,0.25,0.043411,0.0081865,0.25483,0.13262,0.1122,0.5723,0.069185,43.725,0.034065,0.0054567,0.44685,5.441
5,mass-blister,0.3,0.5,3.8575,0.42405,0.2571,0.13638,0.22261,0.46141,0.066509,44.528,0.033928,0.0060081,0.45094,5.225
5,mass-blister,0.3,0.75,11.233,0.68917,0.27309,0.13334,0.49436,0.21377,0.06598,45.626,0.029544,0.0068157,0.42068,4.992
5,mass-blister,0.3,1,15.438,0.81248,0.28202,0.13087,0.5943,0.085906,0.067013,46.38,0.028207,0.0071009,0.4039,5.006
5,mass-cluster-size,0.15,0.0375,3.4243,0.65877,0.25898,0.1419,0.11228,0.56759,0.068874,44.507,0.038016,0.006176,0.46579,4.544
5,mass-cluster-size,0.15,0.075,2.1636,0.54927,0.25699,0.1379,0.11227,0.56752,0.068969,44.194,0.036461,0.0058638,0.45751,4.886
5,mass-cluster-size,0.15,0.3,2.6663,0.53808,0.24783,0.12762,0.11251,0.56748,0.068085,43.123,0.032482,0.004967,0.44302,6.416
5,mass-cluster-size,0.15,0.5,4.5548,0.65944,0.23838,0.12521,0.11252,0.56735,0.066352,42.405,0.030566,0.0046031,0.44299,7.928
5,mass-cluster-size,0.15,0,4.1651,0.68995,0.26047,0.14458,0.11234,0.56757,0.068865,44.722,0.039035,0.0064971,0.47043,2.198
5,mass-dust,0,0.25,2.1845,0.3833,0.24507,0.12957,0.098471,0.6439,0.068468,42.385,0.031033,0.0052807,0.45196,5.299
5,mass-dust,0,0.5,4.718,0.50698,0.22929,0.128,0.090292,0.68128,0.065846,40.945,0.029593,0.0056721,0.46678,5.267
5,mass-dust,0,0.75,5.9789,0.56991,0.22166,0.12733,0.084603,0.71026,0.064655,40.184,0.02897,0.0056812,0.47776,5.189
5,mass-dust,0,1,6.8038,0.61199,0.21679,0.12672,0.080174,0.72943,0.063978,39.634,0.02847,0.0056508,0.48572,5.118
5,mass-warp,0.25,0,5.7376,0.70753,0.25488,0.13434,0.11319,0.56608,0.069102,43.741,0.03346,0.0054133,0.44915,5.298
5,mass-warp,0.25,0.5,6.0656,0.71013,0.25268,0.13121,0.11418,0.56899,0.068882,43.66,0.034519,0.005427,0.44587,5.376
5,mass-warp,0.25,0.75,10.399,0.81185,0.24937,0.13047,0.11627,0.57262,0.068512,43.395,0.034202,0.0053395,0.44328,5.428
5,mass-warp,0.25,1,13.183,0.85291,0.24529,0.13025,0.12828,0.5744,0.06774,43.111,0.034178,0.0052621,0.44838,5.403
5,cluster-size,0,0.005,0,0,0.25483,0.13266,0.11236,0.56765,0.069163,43.732,0.034075,0.005463,0.44703,5.273
5,cluster-size,0,0.02,0,0,0.25483,0.13266,0.11236,0.56765,0.069163,43.732,0.034075,0.005463,0.44703,1.754
5,cluster-size,0,0.08,0,0,0.25483,0.13266,0.11236,0.56765,0.069163,43.732,0.034075,0.005463,0.44703,1.746
5,cluster-size,0,0.32,0,0,0.25483,0.13266,0.11236,0.56765,0.069163,43.732,0.034075,0.005463,0.44703,1.748
5,fill-shadow,15,3.75,7.5286,0.82978,0.29753,0.13276,0.11278,0.56709,0.079293,45.761,0.035903,0.0050016,0.38405,1.750
5,fill-shadow,15,7.5,2.6554,0.60472,0.26991,0.13416,0.11258,0.56747,0.072673,44.557,0.035221,0.0053554,0.42434,1.757
5,fill-shadow,15,30,1.4572,0.43548,0.24669,0.13068,0.11225,0.56776,0.067328,43.199,0.032838,0.0054292,0.45871,1.744
5,fill-shadow,15,60,2.2651,0.4814,0.2422,0.12931,0.11212,0.56784,0.066345,42.87,0.031971,0.0053538,0.46467,1.746
5,fill,0.1,0.025,2.752,0.48426,0.2397,0.12763,0.11224,0.5677,0.065859,42.63,0.03092,0.0049967,0.46608,1.749
5,fill,0.1,0.05,1.7919,0.43459,0.24511,0.12907,0.11225,0.56762,0.067047,43.032,0.031919,0.0051509,0.45872,1.742
5,fill,0.1,0.2,3.1941,0.51065,0.27131,0.14084,0.11258,0.56763,0.072409,44.994,0.037988,0.0060383,0.43223,1.744
5,fill,0.1,0.4,8.6323,0.61058,0.29727,0.15697,0.1126,0.56755,0.076139,47.386,0.045159,0.0069804,0.4224,1.743
5,fill,0.1,0,3.7639,0.51749,0.23375,0.12672,0.11224,0.56772,0.064564,42.177,0.030155,0.0048539,0.47467,1.317
5,blister,0.8,0,0,0,0.25483,0.13266,0.11236,0.56765,0.069163,43.732,0.034075,0.005463,0.44703,1.744
5,blister,0.8,0.25,0,0,0.25483,0.13266,0.11236,0.56765,0.069163,43.732,0.034075,0.005463,0.44703,1.749
5,blister,0.8,0.5,0,0,0.25483,0.13266,0.11236,0.56765,0.069163,43.732,0.034075,0.005463,0.44703,1.752
5,blister,0.8,0.75,0,0,0.25483,0.13266,0.11236,0.56765,0.069163,43.732,0.034075,0.005463,0.44703,1.741
5,blister,0.8,1,0,0,0.25483,0.13266,0.11236,0.56765,0.069163,43.732,0.034075,0.005463,0.44703,1.747
5,distant-count,3,0,0.00025796,9.8643e-05,0.25483,0.13266,0.11236,0.56765,0.069162,43.731,0.034075,0.0054632,0.44703,4.870
5,distant-count,3,2,1.0662e-05,0,0.25483,0.13266,0.11236,0.56765,0.069163,43.732,0.034075,0.005463,0.44703,5.201
5,distant-count,3,4,0.0034159,0.001099,0.25485,0.13266,0.11236,0.56765,0.069169,43.731,0.034072,0.0054661,0.44699,5.515
5,distant-count,3,5,0.18319,0.0072472,0.25551,0.1337,0.1074,0.56772,0.069387,43.889,0.035367,0.0055631,0.44978,5.650
5,distant-count,3,7,0.18416,0.0075386,0.25552,0.13369,0.1074,0.56772,0.069389,43.889,0.035366,0.0055636,0.44977,6.387
5,distant-min-deg,3,0.75,0.00023721,7.3439e-05,0.25483,0.13266,0.11236,0.56765,0.069162,43.731,0.034075,0.0054632,0.44703,5.342
5,distant-min-deg,3,1.5,0.00019328,5.6726e-05,0.25483,0.13266,0.11236,0.56765,0.069162,43.731,0.034075,0.0054632,0.44703,5.283
5,distant-min-deg,3,6,0.00027707,8.7861e-05,0.25483,0.13266,0.11236,0.56765,0.069163,43.732,0.034075,0.0054629,0.44703,5.287
5,distant-min-deg,3,12,0.00064261,9.2208e-05,0.25483,0.13266,0.11236,0.56765,0.069163,43.732,0.034075,0.005463,0.44703,5.315
5,distant-max-deg,14,3.5,0.00025796,9.8643e-05,0.25483,0.13266,0.11236,0.56765,0.069162,43.731,0.034075,0.0054632,0.44703,5.326
5,distant-max-deg,14,7,0.00025804,9.8643e-05,0.25483,0.13266,0.11236,0.56765,0.069162,43.731,0.034075,0.0054632,0.44703,5.419
5,distant-max-deg,14,28,0.00039741,2.428e-05,0.25483,0.13266,0.11236,0.56765,0.069163,43.732,0.034075,0.005463,0.44703,5.547
5,distant-max-deg,14,56,0.066011,0.0094099,0.25514,0.13279,0.11118,0.56922,0.069215,43.747,0.034071,0.0054497,0.44734,5.384
5,density,1,0.25,12.653,0.88427,0.31372,0.13379,0.16703,0.22405,0.077445,48.126,0.036223,0.0045399,0.39431,5.712
5,density,1,0.5,5.6835,0.82096,0.28164,0.13332,0.1329,0.39496,0.07276,45.963,0.034907,0.0048899,0.42412,5.545
5,density,1,2,4.3016,0.74675,0.23606,0.1321,0.099326,0.71112,0.066621,42.183,0.034379,0.0063876,0.46273,5.134
5,density,1,4,7.6335,0.81941,0.22524,0.13336,0.090956,0.79702,0.065085,41.438,0.036042,0.0079118,0.47603,4.916
5,sigma,8,2,12.654,0.88453,0.31252,0.13149,0.16702,0.22404,0.077601,48.089,0.036035,0.0044814,0.38359,5.733
5,sigma,8,4,5.6979,0.82094,0.28125,0.13249,0.13296,0.39495,0.0728,45.952,0.034821,0.0048652,0.41972,5.587
5,sigma,8,16,4.3192,0.74678,0.23622,0.13252,0.099306,0.71114,0.0666,42.184,0.034405,0.00641,0.46541,5.187
5,sigma,8,32,7.669,0.81945,0.22546,0.13396,0.090909,0.79702,0.065052,41.441,0.036107,0.0079559,0.47996,4.982
5,oxygen-threshold,20,5,0.22453,0.040793,0.25565,0.13412,0.11234,0.56763,0.069139,43.745,0.034176,0.0055274,0.45495,5.420
5,oxygen-threshold,20,10,0.097757,0.019286,0.25517,0.13333,0.11235,0.56765,0.069144,43.737,0.034119,0.0054913,0.45086,1.754
5,oxygen-threshold,20,40,0.067961,0.013444,0.2546,0.13216,0.11242,0.56765,0.069183,43.726,0.03403,0.0054425,0.44416,1.765
5,oxygen-threshold,20,80,0.11386,0.017531,0.25444,0.13181,0.11243,0.56766,0.069196,43.721,0.033992,0.0054279,0.44235,1.762
5,line-o,1,0,0.42269,0.031042,0.25321,0.13001,0.11252,0.56759,0.069153,43.668,0.033722,0.0053795,0.43417,1.749
5,line-o,1,2,0.29452,0.030243,0.25583,0.13487,0.11227,0.56763,0.069074,43.756,0.034277,0.0055839,0.45968,1.757
5,line-o,1,3,0.52789,0.039763,0.2566,0.13665,0.11222,0.56766,0.068982,43.765,0.034408,0.0056929,0.47039,1.754
5,line-o,1,4,0.72301,0.046641,0.25723,0.13816,0.11217,0.56766,0.068897,43.763,0.034475,0.0057901,0.47957,1.748
5,line-h,1,0,7.3246,0.73978,0.21561,0.11277,0.11223,0.56758,0.062026,40.463,0.024224,0.0038917,0.44192,1.760
5,line-h,1,2,5.8475,0.73321,0.28355,0.14888,0.11251,0.56766,0.073554,45.868,0.040575,0.0065841,0.45727,1.758
5,line-h,1,3,10.811,0.78722,0.30666,0.16179,0.11255,0.56775,0.076295,47.695,0.045409,0.0074167,0.46394,1.784
5,line-h,1,4,15.181,0.81046,0.32614,0.17241,0.11255,0.56779,0.078019,49.323,0.0493,0.0080772,0.46778,1.765
5,line-s,0.5,0,6.3588,0.80404,0.21966,0.11969,0.11196,0.5678,0.062253,41.146,0.027599,0.0048668,0.45105,1.756
5,line-s,0.5,1,5.4062,0.79981,0.28246,0.14357,0.11268,0.56762,0.07362,45.734,0.039068,0.0059782,0.45206,1.760
5,line-s,0.5,2,14.396,0.87292,0.32531,0.1602,0.11286,0.56754,0.07926,48.619,0.045962,0.0067303,0.46028,1.756
5,line-s,0.5,3,21.806,0.8897,0.35842,0.17225,0.11304,0.56763,0.0827,50.733,0.05109,0.007271,0.46357,1.757
5,line-s,0.5,4,28.187,0.89781,0.38563,0.18141,0.11312,0.56768,0.08482,52.452,0.055008,0.0076831,0.46288,1.769
5,line-colors,natural,hubble-sho,10.307,0.81819,0.30516,0.15696,0.1126,0.56778,0.076543,47.461,0.044075,0.0069673,0.45742,1.762
5,line-colors,natural,hoo,0.1074,0.0098418,0.25431,0.13232,0.11238,0.56764,0.069096,43.696,0.033977,0.0054538,0.44584,1.775
5,grade,auto,physical,10.84,0.99057,0.24797,0.13663,0.11236,0.56765,0.060415,23.019,0.018245,0.0057204,0.42931,1.770
5,grade-strength,1,0,8.0685,0.77751,0.25935,0.12899,0.11236,0.56765,0.077836,28.547,0.013128,0.0054546,0.4291,1.761
5,grade-strength,1,0.25,5.9687,0.72412,0.25808,0.13015,0.11236,0.56765,0.075296,32.443,0.0097773,0.0054569,0.43451,1.750
5,grade-strength,1,0.5,3.8245,0.62677,0.2569,0.13131,0.11236,0.56765,0.073001,36.503,0.010059,0.0054653,0.43977,1.744
5,grade-strength,1,0.75,1.7088,0.32304,0.25581,0.13221,0.11236,0.56765,0.070962,40.425,0.016513,0.0054691,0.44431,1.782
5,haze,0.004,0.001,4.0759,0.95401,0.22457,0.14734,0.11252,0.56795,0.060103,43.435,0.035862,0.0063259,0.4894,1.771
5,haze,0.004,0.002,2.6923,0.89175,0.236,0.14097,0.11252,0.56782,0.063873,43.256,0.035274,0.0059439,0.47421,1.764
5,haze,0.004,0.008,5.0085,0.97885,0.28595,0.12164,0.11223,0.56734,0.07677,45.301,0.033616,0.0048143,0.40292,1.752
5,haze,0.004,0.016,13.578,0.99653,0.33395,0.10907,0.11202,0.56707,0.088897,47.206,0.037895,0.0040069,0.34145,1.743
5,haze,0.004,0,5.3914,0.97989,0.20999,0.1571,0.11261,0.56802,0.054947,44.079,0.036715,0.0069477,0.50589,1.756
5,shoulder,0.8,0.2,1.2859,0.096833,0.24987,0.11952,0.11236,0.56765,0.068681,43.382,0.032491,0.0050437,0.37662,1.750
5,shoulder,0.8,0.4,0.12738,0.012832,0.25442,0.13107,0.11236,0.56765,0.069163,43.729,0.034045,0.0054051,0.4346,1.750
5,shoulder,0.8,1.6,0.0050448,0.0008164,0.25485,0.13274,0.11236,0.56765,0.069162,43.731,0.034073,0.0054659,0.44817,1.772
5,shoulder,0.8,3.2,0.0050448,0.0008164,0.25485,0.13274,0.11236,0.56765,0.069162,43.731,0.034073,0.0054659,0.44817,1.763
5,shoulder,0.8,0,0.0050448,0.0008164,0.25485,0.13274,0.11236,0.56765,0.069162,43.731,0.034073,0.0054659,0.44817,1.763
5,grade-dust,1,0,0,0,0.25483,0.13266,0.11236,0.56765,0.069163,43.732,0.034075,0.005463,0.44703,1.751
5,grade-dust,1,0.25,0,0,0.25483,0.13266,0.11236,0.56765,0.069163,43.732,0.034075,0.005463,0.44703,1.753
5,grade-dust,1,0.5,0,0,0.25483,0.13266,0.11236,0.56765,0.069163,43.732,0.034075,0.005463,0.44703,1.749
5,grade-dust,1,0.75,0,0,0.25483,0.13266,0.11236,0.56765,0.069163,43.732,0.034075,0.005463,0.44703,1.756
5,hue-type,auto,single,1.6586,0.23552,0.25746,0.13325,0.11236,0.56765,0.073678,40.007,0.015512,0.0055482,0.44703,1.753
5,hue-type,auto,fan,0,0,0.25483,0.13266,0.11236,0.56765,0.069163,43.732,0.034075,0.005463,0.44703,1.773
5,hue-type,auto,split,9.0853,0.38426,0.25017,0.13109,0.11236,0.56765,0.05748,46.634,0.23985,0.0054446,0.44704,1.769
5,palette-family,auto,warm,0,0,0.25483,0.13266,0.11236,0.56765,0.069163,43.732,0.034075,0.005463,0.44703,1.760
5,palette-family,auto,green,20.862,0.99982,0.23107,0.13823,0.11236,0.56765,0.035222,137.01,0.036099,0.0057096,0.44707,1.763
5,palette-family,auto,teal,27.041,0.99985,0.23265,0.1374,0.11236,0.56765,0.026194,187.02,0.097019,0.0056868,0.44708,1.758
5,palette-family,auto,blue,29.626,0.99999,0.23468,0.13689,0.11236,0.56765,0.031807,243.84,0.064718,0.0056474,0.44699,1.759
5,grade-galaxy,0.2,0,0.69118,0.17565,0.2542,0.13273,0.11236,0.56765,0.067066,43.687,0.032885,0.0054896,0.44704,1.753
5,grade-galaxy,0.2,0.25,0.17347,0.048056,0.255,0.13265,0.11236,0.56765,0.069679,43.746,0.034477,0.0054558,0.44705,1.749
5,grade-galaxy,0.2,0.5,1.0467,0.21131,0.25587,0.13259,0.11236,0.56765,0.072169,43.806,0.036768,0.0054173,0.44703,1.751
5,grade-galaxy,0.2,0.75,1.9264,0.26175,0.25683,0.13257,0.11236,0.56765,0.074421,43.752,0.038979,0.0053735,0.44704,1.779
5,grade-galaxy,0.2,1,2.6943,0.29266,0.25788,0.13263,0.11236,0.56765,0.076229,43.356,0.039928,0.0053243,0.44703,1.800
5,grade-stars,0.6,0,0.15511,0.03424,0.25475,0.13266,0.11236,0.56765,0.068771,43.588,0.034054,0.0054376,0.44703,1.789
5,grade-stars,0.6,0.25,0.090896,0.018023,0.25478,0.13266,0.11236,0.56765,0.068931,43.647,0.033997,0.0054479,0.44703,1.745
5,grade-stars,0.6,0.5,0.026115,0.002792,0.25482,0.13266,0.11236,0.56765,0.069096,43.707,0.03404,0.0054584,0.44703,1.750
5,grade-stars,0.6,0.75,0.039538,0.0055655,0.25485,0.13266,0.11236,0.56765,0.069263,43.767,0.034138,0.0054696,0.44703,1.751
5,grade-stars,0.6,1,0.1064,0.021104,0.25489,0.13267,0.11236,0.56765,0.069429,43.826,0.034267,0.0054813,0.44703,1.776
5,reflection,0.2,0.05,0.54428,0.15627,0.25169,0.13245,0.11236,0.56765,0.068478,43.588,0.034043,0.0055188,0.44838,1.750
5,reflection,0.2,0.1,0.36154,0.10517,0.25275,0.13251,0.11236,0.56764,0.068712,43.635,0.03405,0.0054995,0.44791,1.747
5,reflection,0.2,0.4,0.70826,0.19047,0.25884,0.1331,0.11241,0.56757,0.070007,43.926,0.034163,0.0053985,0.44557,1.746
5,reflection,0.2,0.8,2.0685,0.62814,0.26634,0.13428,0.11245,0.56753,0.071509,44.316,0.034467,0.0052944,0.44361,1.759
5,reflection,0.2,0,0.72835,0.19414,0.25061,0.13241,0.11234,0.56766,0.068238,43.541,0.034039,0.005539,0.4489,1.784
5,anisotropy,0.5,-0.9,1.7784,0.30411,0.25922,0.13335,0.11241,0.56769,0.070134,44.07,0.034577,0.0054831,0.43921,1.756
5,anisotropy,0.5,-0.45,1.4713,0.54506,0.26127,0.13076,0.11247,0.56758,0.070573,44.133,0.034109,0.00535,0.43807,1.744
5,anisotropy,0.5,0,0.73649,0.30501,0.25882,0.13185,0.11242,0.56754,0.070076,43.94,0.034181,0.0053829,0.44235,1.746
5,anisotropy,0.5,0.45,0.077503,0,0.25528,0.13263,0.11237,0.56765,0.069267,43.752,0.034073,0.0054544,0.44663,1.770
5,anisotropy,0.5,0.9,0.6042,0.16953,0.25131,0.1325,0.11235,0.56766,0.068386,43.574,0.034052,0.0055265,0.4488,1.772
5,ion-opacity,8,2,5.5416,0.78873,0.25985,0.11896,0.11312,0.5671,0.071201,43.646,0.028696,0.003471,0.41107,5.413
5,ion-opacity,8,4,2.8173,0.63139,0.2548,0.12611,0.11273,0.56742,0.069473,43.57,0.031229,0.0043774,0.43677,5.402
5,ion-opacity,8,16,3.6092,0.57605,0.26616,0.14249,0.11224,0.56774,0.071105,44.703,0.038199,0.0067306,0.44286,5.395
5,ion-opacity,8,32,9.2328,0.68371,0.29174,0.16038,0.11222,0.56764,0.074616,47.108,0.045452,0.0082546,0.43832,5.374
5,dust-opacity,6,1.5,0,0,0.25483,0.13266,0.11236,0.56765,0.069163,43.732,0.034075,0.005463,0.44703,5.384
5,dust-opacity,6,3,0,0,0.25483,0.13266,0.11236,0.56765,0.069163,43.732,0.034075,0.005463,0.44703,5.461
5,dust-opacity,6,12,0,0,0.25483,0.13266,0.11236,0.56765,0.069163,43.732,0.034075,0.005463,0.44703,5.348
5,dust-opacity,6,24,0,0,0.25483,0.13266,0.11236,0.56765,0.069163,43.732,0.034075,0.005463,0.44703,5.416
5,dust-opacity,6,0,0,0,0.25483,0.13266,0.11236,0.56765,0.069163,43.732,0.034075,0.005463,0.44703,5.436
5,rim-shadow,2,0,0.029833,0.0045606,0.255,0.13269,0.11236,0.56765,0.069201,43.74,0.03408,0.0054584,0.44676,5.408
5,rim-shadow,2,1.5,0.00075474,0,0.25483,0.13266,0.11236,0.56765,0.069164,43.732,0.034074,0.0054629,0.44703,1.773
5,rim-shadow,2,3,0.00076291,0,0.25483,0.13266,0.11236,0.56765,0.069162,43.731,0.034075,0.0054631,0.44704,1.761
5,rim-shadow,2,4.5,0.0012571,4.1764e-05,0.25482,0.13266,0.11236,0.56765,0.069161,43.731,0.034075,0.0054632,0.44705,1.753
5,rim-shadow,2,6,0.0014927,9.7339e-05,0.25482,0.13266,0.11236,0.56765,0.069161,43.731,0.034075,0.0054632,0.44705,1.775
5,star-brightness,0.55,0.1375,0.46878,0.06841,0.2528,0.13156,0.11236,0.56765,0.06913,43.553,0.033988,0.0046686,0.44631,1.762
5,star-brightness,0.55,0.275,0.30692,0.043435,0.25351,0.13191,0.11236,0.56765,0.069139,43.618,0.034012,0.0049489,0.44637,1.760
5,star-brightness,0.55,1.1,0.56633,0.089474,0.25723,0.13425,0.11236,0.56765,0.069212,43.929,0.034235,0.0063685,0.44961,1.760
5,star-brightness,0.55,2.2,1.5771,0.18863,0.26143,0.13748,0.11236,0.56765,0.069307,44.258,0.034587,0.0078778,0.45739,1.755
5,star-brightness,0.55,0,0.6298,0.086708,0.25208,0.13128,0.11236,0.56765,0.06913,43.482,0.033991,0.0043924,0.44656,1.760
5,star-count,30000,7500,0.44967,0.061576,0.25287,0.13178,0.11236,0.56765,0.069132,43.548,0.034004,0.0047436,0.44814,1.420
5,star-count,30000,15000,0.299,0.038975,0.25354,0.13209,0.11236,0.56765,0.069138,43.61,0.03403,0.0050113,0.44781,1.531
5,star-count,30000,60000,0.62682,0.085701,0.25758,0.1339,0.11236,0.56765,0.069205,43.986,0.034176,0.0063131,0.44591,2.225
5,star-count,30000,120000,1.7649,0.22435,0.26248,0.13656,0.11236,0.56765,0.069287,44.408,0.034381,0.007446,0.4461,3.139
5,star-reach,1.5,0.375,0.94596,0.10824,0.25527,0.13256,0.11236,0.56765,0.069112,43.848,0.034012,0.0057189,0.45109,1.596
5,star-reach,1.5,0.75,0.73931,0.091911,0.25456,0.13216,0.11236,0.56765,0.069133,43.745,0.033997,0.0053843,0.44694,1.620
5,star-reach,1.5,3,0.92644,0.10743,0.25567,0.13454,0.11236,0.56765,0.069193,43.746,0.034148,0.0057312,0.45827,2.108
5,star-reach,1.5,6,0.98141,0.11181,0.25504,0.13455,0.11236,0.56765,0.069198,43.683,0.034153,0.0055004,0.45547,4.536
5,nebula-scale,0.08,0.02,0.0033507,0.00019654,0.25482,0.13265,0.11236,0.56765,0.069163,43.731,0.034073,0.005456,0.44698,1.789
5,nebula-scale,0.08,0.04,0.0018009,0.00017143,0.25482,0.13266,0.11236,0.56765,0.069163,43.731,0.034075,0.0054591,0.447,1.773
5,nebula-scale,0.08,0.16,0.010722,0.0013243,0.25488,0.13266,0.11236,0.56765,0.069164,43.739,0.034074,0.0054913,0.44697,1.788
5,nebula-scale,0.08,0.32,0.086979,0.0071917,0.25523,0.13287,0.11236,0.56765,0.069163,43.779,0.034109,0.0056646,0.44819,1.778
5,cluster-stars,1,0.25,0.0070687,0.00034014,0.25481,0.13261,0.11236,0.56765,0.069166,43.733,0.03408,0.005457,0.44645,1.767
5,cluster-stars,1,0.5,0.0040048,0.0003131,0.25482,0.13263,0.11236,0.56765,0.069164,43.732,0.034078,0.0054594,0.44665,1.791
5,cluster-stars,1,2,0.0053611,0.00039755,0.25485,0.1327,0.11236,0.56765,0.069161,43.731,0.034073,0.0054667,0.44784,1.786
5,cluster-stars,1,4,0.012156,0.00053948,0.25487,0.13275,0.11236,0.56765,0.069158,43.731,0.034068,0.0054714,0.44949,1.767
5,cluster-stars,1,0,0.012216,0.00037287,0.25479,0.13258,0.11236,0.56765,0.069169,43.734,0.034084,0.0054548,0.44627,1.822
5,young,40,0,0.0024866,0.00033436,0.25482,0.13266,0.11236,0.56765,0.069164,43.731,0.034076,0.005463,0.44703,1.852
5,young,40,125,0.0046275,0.00071001,0.25485,0.13266,0.11236,0.56765,0.06916,43.734,0.034073,0.0054623,0.44705,1.798
5,young,40,250,0.014602,0.0012975,0.25489,0.13267,0.11236,0.56765,0.069158,43.735,0.03407,0.0054629,0.4471,1.772
5,young,40,375,0.024025,0.00176,0.25493,0.13268,0.11236,0.56765,0.069156,43.735,0.034068,0.0054652,0.44713,1.778
5,young,40,500,0.029293,0.0020836,0.25495,0.13269,0.11236,0.56765,0.069154,43.736,0.034067,0.0054632,0.44718,1.859
5,star-halo,0.1,0,0.01797,0.00059746,0.25485,0.13268,0.11236,0.56765,0.069164,43.734,0.034077,0.0054676,0.44702,1.812
5,star-halo,0.1,0.25,0.026694,0.0015404,0.2548,0.13264,0.11236,0.56765,0.069162,43.729,0.034071,0.005462,0.44708,1.785
5,star-halo,0.1,0.5,0.070251,0.0065361,0.25474,0.1326,0.11236,0.56765,0.06916,43.723,0.034066,0.0054749,0.44714,1.776
5,star-halo,0.1,0.75,0.11484,0.012809,0.25468,0.13257,0.11236,0.56765,0.069158,43.718,0.034061,0.0054997,0.44722,1.759
5,star-halo,0.1,1,0.15962,0.019246,0.25463,0.13254,0.11236,0.56765,0.069157,43.713,0.034056,0.0055369,0.44732,1.759
5,star-halo-deg,0.4,0.1,0.058097,0.0050444,0.25483,0.13269,0.11236,0.56765,0.069164,43.73,0.034081,0.0055894,0.44772,1.802
5,star-halo-deg,0.4,0.2,0.030096,0.0020853,0.25483,0.13268,0.11236,0.56765,0.069164,43.731,0.034078,0.0055321,0.44731,1.797
5,star-halo-deg,0.4,0.8,0.023818,0.0014736,0.2548,0.13263,0.11236,0.56765,0.069161,43.73,0.03407,0.0053931,0.44693,1.803
5,star-halo-deg,0.4,1.6,0.039414,0.0029725,0.25473,0.13259,0.11236,0.56765,0.069159,43.724,0.034064,0.0053608,0.44685,1.773
5,spike,0,0.125,9.7393e-06,0,0.25483,0.13266,0.11236,0.56765,0.069163,43.732,0.034075,0.0054629,0.44703,1.752
5,spike,0,0.25,1.9877e-05,0,0.25483,0.13266,0.11236,0.56765,0.069163,43.732,0.034075,0.0054629,0.44703,1.757
5,spike,0,0.375,3.0785e-05,0,0.25483,0.13266,0.11236,0.56765,0.069163,43.732,0.034075,0.0054629,0.44703,1.770
5,spike,0,0.5,4.0563e-05,0,0.25483,0.13266,0.11236,0.56765,0.069163,43.732,0.034075,0.0054629,0.44703,1.749
5,spike-flux,5000,1250,0.0003763,8.1713e-06,0.25483,0.13266,0.11236,0.56765,0.069163,43.732,0.034074,0.0054626,0.44704,1.761
5,spike-flux,5000,2500,0.00016378,0,0.25483,0.13266,0.11236,0.56765,0.069163,43.732,0.034075,0.0054629,0.44704,1.768
5,spike-flux,5000,10000,0,0,0.25483,0.13266,0.11236,0.56765,0.069163,43.732,0.034075,0.005463,0.44703,1.801
5,spike-flux,5000,20000,0,0,0.25483,0.13266,0.11236,0.56765,0.069163,43.732,0.034075,0.005463,0.44703,1.767
5,nebula,on,off,19.668,0.9004,0.20892,0.11676,1,0,0.043794,45.418,0.0267,0.0056315,0.42417,0.585
5,galaxy-style,barred-spiral,grand-design,1.1076,0.15689,0.25563,0.13473,0.1124,0.5677,0.069134,43.655,0.033911,0.0056743,0.45466,1.596
5,galaxy-style,barred-spiral,flocculent,1.2436,0.16964,0.25292,0.1322,0.1124,0.56769,0.069101,43.517,0.033337,0.0056062,0.45121,1.674
5,galaxy-radius,3.5,0,34.635,0.67229,0.39197,0.20225,0.11301,0.56993,0.070963,52.56,0.049554,0.0042274,0.33659,1.628
5,galaxy-radius,3.5,2,15.415,0.59931,0.31885,0.15508,0.11245,0.56923,0.070858,48.623,0.041775,0.0051362,0.38423,1.744
5,galaxy-radius,3.5,4,3.0309,0.33871,0.25257,0.12856,0.11247,0.56747,0.068846,43.95,0.033247,0.0065176,0.44445,1.653
5,galaxy-radius,3.5,6,5.8178,0.37889,0.22825,0.12808,0.11261,0.56738,0.068615,40.795,0.030326,0.0060857,0.47769,1.749
5,galaxy-radius,3.5,8,6.6354,0.38022,0.22429,0.12741,0.1126,0.56736,0.068639,40.29,0.029209,0.0062021,0.4828,1.532
5,galaxy-height,0.03,-5,8.8806,0.45097,0.23482,0.13274,0.1126,0.56741,0.068724,41.501,0.031798,0.0060692,0.48312,1.604
5,galaxy-height,0.03,-2.5,8.5277,0.44016,0.24365,0.13773,0.11259,0.56734,0.06858,42.394,0.033681,0.005835,0.49004,1.670
5,galaxy-height,0.03,0,0.62826,0.096918,0.25479,0.13237,0.11238,0.56763,0.069155,43.772,0.034296,0.0055421,0.44625,1.795
5,galaxy-height,0.03,2.5,8.0299,0.39672,0.24826,0.14097,0.11255,0.56772,0.069004,42.176,0.031714,0.0056301,0.48812,2.091
5,galaxy-height,0.03,5,8.4694,0.40126,0.23782,0.13419,0.11266,0.56757,0.069086,41.353,0.029495,0.0061374,0.48104,1.615
5,galaxy-glow,1.5,0.375,4.8482,0.35328,0.23272,0.12308,0.11251,0.56737,0.068604,41.74,0.029925,0.0059738,0.4549,1.752
5,galaxy-glow,1.5,0.75,3.0419,0.3086,0.24131,0.12538,0.11244,0.56743,0.068841,42.582,0.031771,0.0057492,0.44461,1.759
5,galaxy-glow,1.5,3,4.7831,0.38013,0.27474,0.14771,0.11226,0.56795,0.069366,45.132,0.036617,0.0051143,0.47286,1.751
5,galaxy-glow,1.5,6,11.64,0.49884,0.30173,0.17048,0.11239,0.56866,0.069302,46.706,0.040049,0.0047394,0.51702,1.767
5,galaxy-glow,1.5,0,6.8873,0.38202,0.2212,0.12508,0.11262,0.56735,0.06862,40.042,0.027546,0.0064215,0.48303,1.770
5,galaxy-dust,1,0.25,0.78925,0.06205,0.25756,0.13749,0.11237,0.56765,0.068907,43.725,0.033961,0.0053558,0.46534,1.752
5,galaxy-dust,1,0.5,0.48637,0.046539,0.25654,0.13548,0.11237,0.56765,0.069032,43.746,0.034094,0.0054087,0.45693,1.761
5,galaxy-dust,1,2,0.70379,0.068567,0.2522,0.1293,0.11238,0.5676,0.069255,43.643,0.033685,0.0054759,0.43843,1.758
5,galaxy-dust,1,4,1.647,0.12439,0.24848,0.12583,0.11241,0.56756,0.0693,43.441,0.032854,0.0054421,0.43398,1.768
5,galaxy-dust,1,0,1.1453,0.073,0.2587,0.14017,0.11236,0.56768,0.068721,43.681,0.033805,0.0053306,0.47872,1.750
5,galaxy-warp,1,0,0.12262,0.013397,0.25484,0.13268,0.11232,0.56763,0.069163,43.725,0.034031,0.0054467,0.44701,1.760
5,galaxy-warp,1,1.25,0.046047,0.0034289,0.25486,0.13271,0.11237,0.56764,0.069163,43.737,0.0341,0.0054771,0.44722,1.764
5,galaxy-warp,1,2.5,0.17037,0.018428,0.25484,0.13271,0.11241,0.5676,0.069159,43.745,0.03416,0.0054877,0.4474,1.756
5,galaxy-warp,1,3.75,0.29606,0.04211,0.25489,0.13275,0.11241,0.56761,0.069154,43.756,0.034214,0.005535,0.44762,1.773
5,galaxy-warp,1,5,0.37633,0.058391,0.25486,0.13265,0.11242,0.56762,0.069147,43.764,0.034266,0.0055363,0.44747,1.760
5,galaxy-waves,1,0,0.87697,0.15921,0.25433,0.13274,0.11232,0.5676,0.069101,43.725,0.034216,0.0054641,0.44889,1.765
5,galaxy-waves,1,1.25,0.33893,0.038244,0.25513,0.13288,0.11236,0.56765,0.069173,43.744,0.03405,0.0055136,0.44842,1.759
5,galaxy-waves,1,2.5,1.1169,0.19706,0.25584,0.13314,0.11241,0.56764,0.069199,43.746,0.033916,0.0055001,0.44684,1.753
5,galaxy-waves,1,3.75,1.5968,0.25797,0.25644,0.13333,0.11245,0.5677,0.069223,43.735,0.033778,0.0055328,0.4457,1.791
5,galaxy-waves,1,5,1.9879,0.29333,0.25671,0.13344,0.11244,0.56764,0.069237,43.709,0.033631,0.0055571,0.44434,1.841
5,external-galaxies,4,0,0.0017684,0.00015229,0.25482,0.13266,0.11236,0.56765,0.069162,43.731,0.034075,0.0054606,0.44706,1.774
5,external-galaxies,4,2,0.00011466,2.8487e-05,0.25483,0.13266,0.11236,0.56765,0.069163,43.731,0.034075,0.0054629,0.44703,1.777
5,external-galaxies,4,6,4.4556e-06,0,0.25483,0.13266,0.11236,0.56765,0.069163,43.732,0.034075,0.005463,0.44703,1.802
5,external-galaxies,4,8,0.00052734,7.4534e-05,0.25483,0.13266,0.11236,0.56765,0.069163,43.732,0.034075,0.0054628,0.44703,1.756
5,galaxy-res,512,64,0.077596,0.010708,0.25491,0.13264,0.11234,0.56764,0.069172,43.743,0.034136,0.0053992,0.44638,1.661
5,galaxy-res,512,560,0.0012352,3.8332e-05,0.25483,0.13266,0.11236,0.56765,0.069162,43.731,0.034074,0.0054636,0.44706,1.787
5,galaxy-res,512,1056,0.0021076,3.8332e-05,0.25483,0.13266,0.11236,0.56765,0.069162,43.731,0.034073,0.0054646,0.44707,2.019
5,galaxy-res,512,1552,0.0022878,3.8332e-05,0.25483,0.13266,0.11236,0.56765,0.069162,43.731,0.034073,0.0054647,0.44707,2.422
5,galaxy-res,512,2048,0.0022872,3.8332e-05,0.25483,0.13266,0.11236,0.56765,0.069162,43.731,0.034073,0.0054647,0.44707,2.992
5,exposure,0.18,0.045,17.748,0.96481,0.15907,0.07116,0.11191,0.56699,0.054436,35.323,0.012567,0.0025737,0.34231,1.777
5,exposure,0.18,0.09,10.928,0.9444,0.19854,0.099315,0.11221,0.56738,0.061109,39.147,0.021974,0.0038643,0.40397,1.883
5,exposure,0.18,0.36,16.371,0.97746,0.33051,0.16701,0.11252,0.56789,0.077151,48.909,0.045251,0.007157,0.46462,1.768
5,exposure,0.18,0.72,38.982,0.99352,0.42409,0.19667,0.11263,0.568,0.081932,54.978,0.055854,0.0086356,0.4484,1.759
5,denoise,0.35,0.0875,0.80056,0.25123,0.25384,0.1331,0.11487,0.57024,0.068938,43.654,0.034068,0.0071566,0.44936,1.755
5,denoise,0.35,0.175,0.54967,0.16724,0.25412,0.13297,0.11363,0.56889,0.069,43.67,0.034039,0.0066213,0.44881,1.770
5,denoise,0.35,0.7,0.68168,0.16275,0.25594,0.13204,0.1114,0.56661,0.069449,43.834,0.034145,0.0040301,0.44259,1.772
5,denoise,0.35,1.4,1.0459,0.20693,0.2565,0.13165,0.11132,0.56634,0.069622,43.884,0.034169,0.003396,0.43931,1.759
5,denoise,0.35,0,0.93838,0.28568,0.25377,0.13323,0.11651,0.5732,0.068913,43.65,0.034109,0.0075217,0.44982,1.808
5,supersample,2,1,0.5517,0.11279,0.25411,0.13269,0.11307,0.56875,0.069014,43.659,0.033944,0.0058457,0.44801,0.936
5,step-frac,0.15,0.0375,0.1619,0.02323,0.25456,0.13248,0.11268,0.56747,0.069111,43.725,0.034058,0.0054078,0.44635,4.514
5,step-frac,0.15,0.075,0.14297,0.018143,0.25477,0.13257,0.11258,0.56755,0.069153,43.731,0.034079,0.0054218,0.44666,2.689
5,step-frac,0.15,0.3,0.3737,0.07383,0.25453,0.13259,0.11224,0.56744,0.069106,43.695,0.033941,0.0057351,0.44763,1.281
5,step-frac,0.15,0.6,1.2075,0.30366,0.25212,0.1317,0.11388,0.56585,0.068665,43.469,0.033197,0.0073922,0.44866,1.065
5,max-steps,600,50,5.5108,0.38528,0.25428,0.11743,0.24747,0.27967,0.065767,44.824,0.030665,0.0058243,0.38027,1.145
5,max-steps,600,1038,0,0,0.25483,0.13266,0.11236,0.56765,0.069163,43.732,0.034075,0.005463,0.44703,1.748
5,max-steps,600,2025,0,0,0.25483,0.13266,0.11236,0.56765,0.069163,43.732,0.034075,0.005463,0.44703,1.765
5,max-steps,600,3013,0,0,0.25483,0.13266,0.11236,0.56765,0.069163,43.732,0.034075,0.005463,0.44703,1.745
5,max-steps,600,4000,0,0,0.25483,0.13266,0.11236,0.56765,0.069163,43.732,0.034075,0.005463,0.44703,1.747
5,light-res,96,16,7.6121,0.81101,0.21169,0.12019,0.11234,0.56775,0.060154,40.817,0.028526,0.0044667,0.46451,1.821
5,light-res,96,76,0.492,0.12635,0.25239,0.13194,0.11238,0.56768,0.068715,43.56,0.033665,0.0053979,0.44734,3.875
5,light-res,96,136,0.41433,0.096263,0.25696,0.13337,0.11241,0.56764,0.069536,43.886,0.034455,0.0055098,0.44708,11.450
5,light-res,96,196,0.63637,0.19026,0.25818,0.13382,0.11244,0.56761,0.069745,43.978,0.034683,0.0055459,0.44706,26.580
5,light-res,96,256,0.73216,0.22882,0.25869,0.13401,0.11244,0.56759,0.069832,44.016,0.034779,0.0055598,0.44702,52.132
5,light-steps,48,8,4.2908,0.51863,0.27796,0.13945,0.11245,0.56745,0.073409,45.889,0.04124,0.0058883,0.42345,2.493
5,light-steps,48,70,0.044032,6.8597e-05,0.25458,0.13262,0.11236,0.56764,0.069114,43.71,0.034013,0.0054575,0.44736,7.049
5,light-steps,48,132,0.07154,0.001488,0.25443,0.13259,0.11236,0.56764,0.069084,43.696,0.033972,0.0054541,0.44756,11.532
5,light-steps,48,194,0.077343,0.0022869,0.2544,0.13259,0.11236,0.56764,0.069078,43.693,0.033964,0.0054534,0.4476,16.010
5,light-steps,48,256,0.079443,0.0026272,0.25438,0.13259,0.11236,0.56764,0.069075,43.692,0.033961,0.0054532,0.44762,20.360
7,(default),,,0,0,0.19544,0.11966,0.16416,0.63721,0.0087968,219.44,0.31443,0.0060065,0.39343,4.909
7,viewer-offset,0.55,0,24.162,0.92397,0.2035,0.12029,0.16633,0.61129,0.0079243,220.51,0.17357,0.0065769,0.4795,5.011
7,viewer-offset,0.55,1,23.229,0.87344,0.20977,0.12602,0.63159,0.28687,0.0057764,155.39,0.59734,0.0072401,0.39245,4.462
7,viewer-offset,0.55,2,21.934,0.86386,0.24378,0.11392,0.91445,0.059323,0.0051549,114.68,0.33898,0.0089206,0.37198,4.261
7,viewer-offset,0.55,3,21.698,0.85624,0.24781,0.10966,0.95359,0.025488,0.0050201,111.55,0.27712,0.0090593,0.37347,4.183
7,viewer-offset,0.55,4,21.589,0.85366,0.24893,0.10736,0.96681,0.014185,0.0050082,110.75,0.2645,0.0090023,0.37084,4.034
7,cluster-offset,0.85,0,35.823,0.85946,0.34253,0.1377,0.17096,0.62967,0.018245,220.7,0.085822,0.0074859,0.34498,4.896
7,cluster-offset,0.85,0.2375,30.689,0.85153,0.32425,0.13965,0.16352,0.63926,0.016951,221.11,0.093104,0.007362,0.36525,4.955
7,cluster-offset,0.85,0.475,18.893,0.79886,0.27724,0.13974,0.16345,0.63936,0.013754,220.96,0.14031,0.0068958,0.39372,4.838
7,cluster-offset,0.85,0.7125,6.4218,0.6058,0.22378,0.12976,0.16382,0.63798,0.010526,220.38,0.2402,0.0063617,0.40073,4.917
7,cluster-offset,0.85,0.95,4.3649,0.49307,0.17463,0.11231,0.16426,0.6379,0.0076549,218.12,0.37417,0.0055642,0.38461,4.991
7,luminosity,1,0.25,11.037,0.59848,0.13938,0.095155,0.16392,0.63722,0.0063411,212.19,0.50521,0.0043819,0.34098,4.904
7,luminosity,1,0.5,6.8927,0.56844,0.16265,0.1025,0.16414,0.63717,0.0070741,215.86,0.42094,0.0050049,0.35334,4.874
7,luminosity,1,2,10.558,0.62438,0.24089,0.14752,0.16416,0.63702,0.011936,220.62,0.21469,0.0074211,0.43548,4.802
7,luminosity,1,4,25.506,0.6999,0.30093,0.18502,0.16419,0.63704,0.015849,218.78,0.14794,0.0090689,0.45653,4.750
7,clusters,2,1,0,0,0.19544,0.11966,0.16416,0.63721,0.0087968,219.44,0.31443,0.0060065,0.39343,4.738
7,clusters,2,3,0,0,0.19544,0.11966,0.16416,0.63721,0.0087968,219.44,0.31443,0.0060065,0.39343,1.245
7,thickness,0.06,0.015,0.54678,0.080185,0.19649,0.12046,0.16453,0.63619,0.0088585,219.48,0.31205,0.0059578,0.39361,5.909
7,thickness,0.06,0.03,0.47806,0.065749,0.19625,0.12025,0.16435,0.63654,0.0088464,219.5,0.31267,0.0059597,0.39363,5.329
7,thickness,0.06,0.12,1.0888,0.18582,0.19222,0.11842,0.16408,0.63695,0.0085974,219.17,0.32259,0.0067126,0.39374,5.386
7,thickness,0.06,0.24,3.3164,0.39449,0.18245,0.11548,0.16445,0.63264,0.0081147,218.47,0.3454,0.010085,0.39516,7.007
7,fold,0.18,0,5.6981,0.54893,0.19946,0.12139,0.17184,0.63155,0.0089588,219.28,0.3114,0.0060914,0.40484,4.618
7,fold,0.18,0.25,2.5989,0.35812,0.19342,0.11922,0.16006,0.63993,0.0087386,219.52,0.3162,0.0059955,0.39204,5.029
7,fold,0.18,0.5,9.1527,0.65905,0.18673,0.11781,0.14168,0.65249,0.0085879,219.38,0.30846,0.0057762,0.38469,5.419
7,fold,0.18,0.75,13.316,0.74723,0.17878,0.116,0.11925,0.66754,0.0084151,220.45,0.29462,0.0054738,0.37258,6.288
7,fold,0.18,1,16.427,0.80777,0.1675,0.11326,0.096118,0.68247,0.0078159,221.24,0.28383,0.0053672,0.35978,6.923
7,fold-scale,1.6,0.4,6.3486,0.57229,0.20172,0.12252,0.18086,0.62134,0.0089623,218.76,0.3236,0.0061165,0.40526,4.530
7,fold-scale,1.6,0.8,6.7409,0.58125,0.20085,0.12244,0.17946,0.619,0.0088983,218.66,0.3255,0.0061045,0.4104,4.568
7,fold-scale,1.6,3.2,7.8992,0.60583,0.19731,0.12139,0.17182,0.63623,0.0089351,219.11,0.30821,0.0061663,0.40132,6.262
7,fold-scale,1.6,6.4,7.8949,0.62175,0.19187,0.11872,0.16532,0.63355,0.0087265,219.25,0.32823,0.0066445,0.39356,8.626
7,keep,0.7,0,20.844,0.83441,0.24837,0.10817,0.93022,0.032922,0.0050941,115.1,0.32496,0.0087121,0.36989,4.294
7,keep,0.7,0.25,17.752,0.72735,0.24095,0.12193,0.70356,0.19782,0.0063236,160.11,0.56341,0.0083705,0.38605,4.509
7,keep,0.7,0.5,8.8356,0.39496,0.22081,0.1246,0.35076,0.45169,0.0079271,207.19,0.43033,0.007027,0.39371,4.785
7,keep,0.7,0.75,0.52234,0.060593,0.1939,0.12053,0.15325,0.6466,0.008844,219.8,0.3088,0.0059425,0.39599,4.893
7,keep,0.7,1,0.83554,0.07841,0.192,0.12157,0.14154,0.6609,0.0088559,220.37,0.30061,0.0058768,0.39824,4.934
7,hole-scale,1.3,0.325,6.6337,0.61906,0.18151,0.12441,0.10277,0.73307,0.0086298,224,0.20191,0.0053649,0.40127,4.941
7,hole-scale,1.3,0.65,6.1311,0.5816,0.17697,0.12558,0.10285,0.72398,0.0084993,224.4,0.18693,0.0053142,0.39897,4.887
7,hole-scale,1.3,2.6,10.873,0.71171,0.20591,0.12167,0.16227,0.60927,0.009221,220.32,0.25446,0.0068866,0.37906,5.103
7,hole-scale,1.3,5.2,12.266,0.77269,0.21396,0.12288,0.12218,0.64616,0.0095159,221.19,0.20388,0.0071534,0.4002,5.947
7,outer-sharpness,6,1.5,0.0012009,0,0.19545,0.11965,0.16413,0.63727,0.0087976,219.44,0.31442,0.0060056,0.39343,4.905
7,outer-sharpness,6,3,0.0012009,0,0.19545,0.11965,0.16413,0.63727,0.0087976,219.44,0.31442,0.0060056,0.39343,4.869
7,outer-sharpness,6,12,0.0029496,0.00011795,0.19544,0.11967,0.16423,0.63709,0.0087956,219.43,0.31452,0.0060091,0.39343,4.906
7,outer-sharpness,6,24,0.0050962,0.00055077,0.19543,0.11968,0.16427,0.63698,0.0087948,219.43,0.31464,0.0060106,0.39344,4.895
7,detail-scale,5,1.25,6.0135,0.60223,0.19215,0.1144,0.18296,0.60412,0.0081676,217.33,0.34463,0.0058113,0.38213,4.884
7,detail-scale,5,2.5,5.9239,0.58816,0.19442,0.11942,0.16676,0.61078,0.0084842,218.47,0.3277,0.0057529,0.40366,4.934
7,detail-scale,5,10,5.4189,0.57982,0.19638,0.1188,0.16149,0.64168,0.008722,219.69,0.29318,0.0066211,0.38239,4.985
7,detail-scale,5,20,5.1317,0.58469,0.19819,0.11812,0.16185,0.64139,0.0088036,219.92,0.28882,0.0074145,0.38548,4.902
7,detail-gain,0.55,0.2,1.8438,0.29119,0.19658,0.12104,0.15959,0.63904,0.0089257,219.48,0.31343,0.0056594,0.40126,4.977
7,detail-gain,0.55,0.375,1.0306,0.17275,0.19614,0.12062,0.16154,0.6373,0.008884,219.57,0.31359,0.005809,0.39849,4.975
7,detail-gain,0.55,0.725,1.1302,0.1918,0.19457,0.11849,0.1672,0.63643,0.0087117,219.34,0.31658,0.0062318,0.38843,4.939
7,detail-gain,0.55,0.9,2.208,0.36232,0.19328,0.11736,0.17052,0.63711,0.0086252,219.25,0.31856,0.0063373,0.38323,5.006
7,erosion,0.65,0,3.3332,0.40476,0.2071,0.12212,0.13236,0.64638,0.0094235,221.42,0.25897,0.0047812,0.40228,5.044
7,erosion,0.65,0.25,1.422,0.21069,0.19899,0.12061,0.14962,0.64242,0.0089939,220.3,0.2939,0.0054047,0.39606,4.808
7,erosion,0.65,0.5,0.46146,0.06016,0.19639,0.11986,0.15965,0.63891,0.0088513,219.71,0.30835,0.0057942,0.39393,4.921
7,erosion,0.65,0.75,0.27552,0.027112,0.19498,0.11958,0.16671,0.63579,0.0087702,219.3,0.31766,0.0061404,0.39313,4.869
7,erosion,0.65,1,2.5148,0.28084,0.19447,0.11966,0.18019,0.60404,0.0086297,217.42,0.36239,0.0075182,0.38569,4.799
7,filament,0.5,0,2.9448,0.39582,0.19622,0.12217,0.15856,0.64459,0.0088836,219.81,0.30327,0.005886,0.40017,5.025
7,filament,0.5,0.25,1.7877,0.289,0.19559,0.12101,0.16297,0.64105,0.0088314,219.53,0.31064,0.0058841,0.3979,4.957
7,filament,0.5,0.75,1.9845,0.31173,0.19646,0.11881,0.16224,0.63184,0.0088377,219.57,0.31165,0.0061918,0.39081,4.798
7,filament,0.5,1,3.4126,0.446,0.19784,0.11819,0.16034,0.62908,0.0089264,219.64,0.30686,0.0062858,0.39018,4.924
7,contrast,1.5,0,5.6511,0.53874,0.18466,0.12223,0.12006,0.74206,0.0091319,223.92,0.1997,0.005713,0.4039,5.027
7,contrast,1.5,0.75,3.2697,0.38148,0.18593,0.12125,0.13412,0.72176,0.0089533,222.88,0.24157,0.005802,0.40028,4.901
7,contrast,1.5,2.25,4.5334,0.44522,0.21118,0.12021,0.21794,0.5156,0.0087165,214.67,0.3702,0.0063938,0.3859,4.960
7,contrast,1.5,3,9.2557,0.60654,0.22853,0.12244,0.31049,0.40788,0.0084904,210.36,0.37541,0.0068648,0.3849,4.780
7,pillars,9,0,0,0,0.19544,0.11966,0.16416,0.63721,0.0087968,219.44,0.31443,0.0060065,0.39343,4.939
7,pillars,9,14,0,0,0.19544,0.11966,0.16416,0.63721,0.0087968,219.44,0.31443,0.0060065,0.39343,4.940
7,pillars,9,28,0,0,0.19544,0.11966,0.16416,0.63721,0.0087968,219.44,0.31443,0.0060065,0.39343,4.879
7,pillars,9,42,0,0,0.19544,0.11966,0.16416,0.63721,0.0087968,219.44,0.31443,0.0060065,0.39343,5.022
7,pillars,9,56,0,0,0.19544,0.11966,0.16416,0.63721,0.0087968,219.44,0.31443,0.0060065,0.39343,4.823
7,pillar-length,0.3,0.075,0,0,0.19544,0.11966,0.16416,0.63721,0.0087968,219.44,0.31443,0.0060065,0.39343,4.867
7,pillar-length,0.3,0.15,0,0,0.19544,0.11966,0.16416,0.63721,0.0087968,219.44,0.31443,0.0060065,0.39343,5.031
7,pillar-length,0.3,0.6,0,0,0.19544,0.11966,0.16416,0.63721,0.0087968,219.44,0.31443,0.0060065,0.39343,5.053
7,pillar-length,0.3,0.8,0,0,0.19544,0.11966,0.16416,0.63721,0.0087968,219.44,0.31443,0.0060065,0.39343,4.969
7,pillar-width,0.045,0.01125,0,0,0.19544,0.11966,0.16416,0.63721,0.0087968,219.44,0.31443,0.0060065,0.39343,4.803
7,pillar-width,0.045,0.0225,0,0,0.19544,0.11966,0.16416,0.63721,0.0087968,219.44,0.31443,0.0060065,0.39343,4.753
7,pillar-width,0.045,0.09,0,0,0.19544,0.11966,0.16416,0.63721,0.0087968,219.44,0.31443,0.0060065,0.39343,4.878
7,pillar-width,0.045,0.18,0,0,0.19544,0.11966,0.16416,0.63721,0.0087968,219.44,0.31443,0.0060065,0.39343,4.734
7,pillar-density,2.5,0.625,0,0,0.19544,0.11966,0.16416,0.63721,0.0087968,219.44,0.31443,0.0060065,0.39343,4.837
7,pillar-density,2.5,1.25,0,0,0.19544,0.11966,0.16416,0.63721,0.0087968,219.44,0.31443,0.0060065,0.39343,4.728
7,pillar-density,2.5,5,0,0,0.19544,0.11966,0.16416,0.63721,0.0087968,219.44,0.31443,0.0060065,0.39343,4.861
7,pillar-density,2.5,10,0,0,0.19544,0.11966,0.16416,0.63721,0.0087968,219.44,0.31443,0.0060065,0.39343,4.851
7,clouds,4,0,0,0,0.19544,0.11966,0.16416,0.63721,0.0087968,219.44,0.31443,0.0060065,0.39343,4.824
7,clouds,4,3,0,0,0.19544,0.11966,0.16416,0.63721,0.0087968,219.44,0.31443,0.0060065,0.39343,4.895
7,clouds,4,6,0,0,0.19544,0.11966,0.16416,0.63721,0.0087968,219.44,0.31443,0.0060065,0.39343,4.890
7,clouds,4,9,0,0,0.19544,0.11966,0.16416,0.63721,0.0087968,219.44,0.31443,0.0060065,0.39343,4.874
7,clouds,4,12,0,0,0.19544,0.11966,0.16416,0.63721,0.0087968,219.44,0.31443,0.0060065,0.39343,4.909
7,cloud-length,0.15,0.0375,0,0,0.19544,0.11966,0.16416,0.63721,0.0087968,219.44,0.31443,0.0060065,0.39343,5.021
7,cloud-length,0.15,0.075,0,0,0.19544,0.11966,0.16416,0.63721,0.0087968,219.44,0.31443,0.0060065,0.39343,5.067
7,cloud-length,0.15,0.3,0,0,0.19544,0.11966,0.16416,0.63721,0.0087968,219.44,0.31443,0.0060065,0.39343,4.887
7,cloud-length,0.15,0.6,0,0,0.19544,0.11966,0.16416,0.63721,0.0087968,219.44,0.31443,0.0060065,0.39343,4.899
7,cloud-width,0.022,0.0055,0,0,0.19544,0.11966,0.16416,0.63721,0.0087968,219.44,0.31443,0.0060065,0.39343,4.770
7,cloud-width,0.022,0.011,0,0,0.19544,0.11966,0.16416,0.63721,0.0087968,219.44,0.31443,0.0060065,0.39343,4.741
7,cloud-width,0.022,0.044,0,0,0.19544,0.11966,0.16416,0.63721,0.0087968,219.44,0.31443,0.0060065,0.39343,4.865
7,cloud-width,0.022,0.088,0,0,0.19544,0.11966,0.16416,0.63721,0.0087968,219.44,0.31443,0.0060065,0.39343,4.864
7,cloud-distance,0.35,0.0875,0,0,0.19544,0.11966,0.16416,0.63721,0.0087968,219.44,0.31443,0.0060065,0.39343,5.182
7,cloud-distance,0.35,0.175,0,0,0.19544,0.11966,0.16416,0.63721,0.0087968,219.44,0.31443,0.0060065,0.39343,5.073
7,cloud-distance,0.35,0.7,0,0,0.19544,0.11966,0.16416,0.63721,0.0087968,219.44,0.31443,0.0060065,0.39343,4.894
7,cloud-distance,0.35,1.4,0,0,0.19544,0.11966,0.16416,0.63721,0.0087968,219.44,0.31443,0.0060065,0.39343,1.358
7,cloud-density,3,0.75,0,0,0.19544,0.11966,0.16416,0.63721,0.0087968,219.44,0.31443,0.0060065,0.39343,5.455
7,cloud-density,3,1.5,0,0,0.19544,0.11966,0.16416,0.63721,0.0087968,219.44,0.31443,0.0060065,0.39343,4.835
7,cloud-density,3,6,0,0,0.19544,0.11966,0.16416,0.63721,0.0087968,219.44,0.31443,0.0060065,0.39343,4.875
7,cloud-density,3,12,0,0,0.19544,0.11966,0.16416,0.63721,0.0087968,219.44,0.31443,0.0060065,0.39343,4.945
7,hardness,0.5,0,2.3762,0.37467,0.19127,0.11692,0.1741,0.64087,0.008565,219.12,0.32599,0.0058045,0.38218,4.941
7,hardness,0.5,0.25,0.98231,0.15345,0.19354,0.11846,0.16844,0.63825,0.0086969,219.28,0.32107,0.0059092,0.38859,4.739
7,hardness,0.5,0.75,0.61137,0.08348,0.19674,0.12038,0.16142,0.63594,0.0088703,219.61,0.30979,0.0060808,0.39649,4.827
7,hardness,0.5,1,0.99566,0.16331,0.19764,0.12079,0.15939,0.63542,0.0089245,219.73,0.30644,0.0061521,0.3982,4.897
7,dust-style,lanes,vein,0,0,0.19544,0.11966,0.16416,0.63721,0.0087968,219.44,0.31443,0.0060065,0.39343,4.875
7,dust-style,lanes,physical,0,0,0.19544,0.11966,0.16416,0.63721,0.0087968,219.44,0.31443,0.0060065,0.39343,4.891
7,dust,0.6,0,0,0,0.19544,0.11966,0.16416,0.63721,0.0087968,219.44,0.31443,0.0060065,0.39343,4.885
7,dust,0.6,0.25,0,0,0.19544,0.11966,0.16416,0.63721,0.0087968,219.44,0.31443,0.0060065,0.39343,1.251
7,dust,0.6,0.5,0,0,0.19544,0.11966,0.16416,0.63721,0.0087968,219.44,0.31443,0.0060065,0.39343,1.247
7,dust,0.6,0.75,0,0,0.19544,0.11966,0.16416,0.63721,0.0087968,219.44,0.31443,0.0060065,0.39343,1.249
7,dust,0.6,1,0,0,0.19544,0.11966,0.16416,0.63721,0.0087968,219.44,0.31443,0.0060065,0.39343,1.258
7,dust-scale,4,1,0,0,0.19544,0.11966,0.16416,0.63721,0.0087968,219.44,0.31443,0.0060065,0.39343,4.550
7,dust-scale,4,2,0,0,0.19544,0.11966,0.16416,0.63721,0.0087968,219.44,0.31443,0.0060065,0.39343,4.669
7,dust-scale,4,8,0,0,0.19544,0.11966,0.16416,0.63721,0.0087968,219.44,0.31443,0.0060065,0.39343,6.182
7,dust-scale,4,16,0,0,0.19544,0.11966,0.16416,0.63721,0.0087968,219.44,0.31443,0.0060065,0.39343,7.185
7,cavity-density,0.006,0.0015,0,0,0.19544,0.11966,0.16416,0.63721,0.0087968,219.44,0.31443,0.0060065,0.39343,4.879
7,cavity-density,0.006,0.003,0,0,0.19544,0.11966,0.16416,0.63721,0.0087968,219.44,0.31443,0.0060065,0.39343,1.251
7,cavity-density,0.006,0.012,0,0,0.19544,0.11966,0.16416,0.63721,0.0087968,219.44,0.31443,0.0060065,0.39343,1.253
7,cavity-density,0.006,0.024,0,0,0.19544,0.11966,0.16416,0.63721,0.0087968,219.44,0.31443,0.0060065,0.39343,1.252
7,cavity-density,0.006,0,0,0,0.19544,0.11966,0.16416,0.63721,0.0087968,219.44,0.31443,0.0060065,0.39343,1.254
7,cavity-spread,1.7,1,0,0,0.19544,0.11966,0.16416,0.63721,0.0087968,219.44,0.31443,0.0060065,0.39343,1.254
7,cavity-spread,1.7,3.4,0,0,0.19544,0.11966,0.16416,0.63721,0.0087968,219.44,0.31443,0.0060065,0.39343,1.248
7,cavity-spread,1.7,4,0,0,0.19544,0.11966,0.16416,0.63721,0.0087968,219.44,0.31443,0.0060065,0.39343,1.247
7,mass-inner,0.75,0.1,17.23,0.71729,0.090654,0.10165,0.093093,0.79282,0.005743,225.91,0.4422,0.002531,0.40506,4.887
7,mass-inner,0.75,0.3125,17.226,0.7172,0.090513,0.10149,0.093093,0.79265,0.0057324,225.88,0.44304,0.0025295,0.40491,4.833
7,mass-inner,0.75,0.525,16.328,0.71393,0.10302,0.10176,0.093114,0.76337,0.0060421,224.98,0.42604,0.0029544,0.38382,4.871
7,mass-inner,0.75,0.7375,2.8069,0.35907,0.19072,0.12058,0.15994,0.64746,0.0087551,219.82,0.31559,0.0058575,0.39432,4.861
7,mass-inner,0.75,0.95,19.393,0.79355,0.24997,0.11686,0.37901,0.32498,0.0085025,206.05,0.39675,0.0086405,0.37728,4.746
7,mass-lobes,0.4,0,14.109,0.7283,0.23422,0.11364,0.2065,0.54187,0.0090938,217.07,0.27072,0.0073535,0.40917,4.935
7,mass-lobes,0.4,0.2,8.5995,0.60391,0.21825,0.11327,0.18102,0.59847,0.0089264,218.44,0.28129,0.0067722,0.40504,4.905
7,mass-lobes,0.4,0.6,8.9,0.5056,0.1683,0.11848,0.15011,0.66618,0.0079706,220.2,0.34107,0.0049224,0.35421,4.860
7,mass-lobes,0.4,0.8,12.186,0.59178,0.14091,0.11364,0.11977,0.69789,0.0067404,220.06,0.39552,0.0041319,0.35331,4.873
7,mass-scale,1.5,0.5,21.799,0.90261,0.25799,0.10686,0.36921,0.34048,0.0094395,213.62,0.26121,0.0063046,0.33077,3.224
7,mass-scale,1.5,0.75,21.025,0.88761,0.24917,0.11315,0.29947,0.44665,0.0098986,216.62,0.25642,0.0065498,0.36415,3.865
7,mass-scale,1.5,3,20.022,0.91619,0.20222,0.11461,0.072904,0.63685,0.0086809,222.84,0.20477,0.0065345,0.39646,5.994
7,mass-scale,1.5,6,16.648,0.87161,0.18322,0.12081,0.031636,0.66441,0.0084822,222.7,0.26556,0.0086151,0.41064,6.828
7,mass-density,6,1.5,12.336,0.7661,0.24309,0.11777,0.26135,0.31647,0.0084208,206.69,0.38917,0.0069195,0.38409,4.990
7,mass-density,6,3,5.6562,0.60595,0.21591,0.11757,0.20353,0.49989,0.0087949,214.27,0.37445,0.0062981,0.3873,4.951
7,mass-density,6,12,4.302,0.52254,0.18036,0.12311,0.13635,0.72766,0.0087894,222.95,0.23453,0.0060491,0.39785,4.747
7,mass-density,6,20,6.6133,0.6094,0.17304,0.12466,0.12082,0.76848,0.0089074,224.71,0.19677,0.0062488,0.40057,4.712
7,mass-clusters,1,2,5.4614,0.50349,0.22343,0.12333,0.16677,0.62506,0.010472,220.19,0.24341,0.0062553,0.39078,8.734
7,mass-clusters,1,3,23.383,0.83177,0.30213,0.14007,0.16653,0.62475,0.015624,220.08,0.12523,0.0064389,0.35144,11.992
7,mass-cavity,0,0.0005,0.019333,9.5894e-05,0.19555,0.11964,0.16416,0.63722,0.0088003,219.45,0.31424,0.0059993,0.3934,4.962
7,mass-cavity,0,0.002,3.9949,0.18028,0.21173,0.13457,0.1633,0.63734,0.0099878,220.17,0.25923,0.0053112,0.42034,4.993
7,mass-cavity,0,0.008,18.303,0.54613,0.2721,0.17239,0.15473,0.63847,0.014043,220.62,0.1726,0.0038682,0.4874,5.138
7,mass-cavity,0,0.032,36.315,0.7758,0.34593,0.2057,0.12283,0.64514,0.017667,217.7,0.12003,0.0028638,0.48535,5.421
7,mass-fine,1,0,5.8217,0.56613,0.19669,0.11535,0.18294,0.63512,0.0087077,219.14,0.31718,0.0049551,0.3697,1.676
7,mass-fine,1,0.75,1.583,0.25958,0.19586,0.11835,0.16833,0.63559,0.008777,219.33,0.31516,0.0056541,0.38636,4.929
7,mass-fine,1,1.5,3.0272,0.41727,0.19469,0.12189,0.1558,0.63947,0.0088697,219.69,0.3106,0.0068223,0.40546,4.983
7,mass-fine,1,2.25,6.6959,0.60954,0.19473,0.12349,0.14092,0.64604,0.0089953,220.08,0.29554,0.0077473,0.4139,5.058
7,mass-fine,1,3,9.4912,0.6933,0.196,0.12362,0.11856,0.64946,0.0090889,220.57,0.2753,0.0085052,0.41518,5.009
7,mass-edge,0,0.25,2.5703,0.35576,0.19797,0.11856,0.17176,0.63883,0.0088629,219.65,0.30522,0.0064258,0.39005,4.846
7,mass-edge,0,0.5,5.0724,0.5165,0.20079,0.11792,0.17977,0.63991,0.0089525,219.77,0.29572,0.0070578,0.38514,4.911
7,mass-edge,0,0.75,7.5902,0.59899,0.20558,0.11994,0.1896,0.64039,0.0092148,220.02,0.27899,0.0082685,0.38507,4.927
7,mass-edge,0,1,11.712,0.66201,0.22054,0.13209,0.19626,0.64049,0.010254,220.23,0.24185,0.010891,0.4062,5.101
7,mass-edge-patch,0,0.25,0,0,0.19544,0.11966,0.16416,0.63721,0.0087968,219.44,0.31443,0.0060065,0.39343,4.891
7,mass-edge-patch,0,0.5,0,0,0.19544,0.11966,0.16416,0.63721,0.0087968,219.44,0.31443,0.0060065,0.39343,4.883
7,mass-edge-patch,0,0.75,0,0,0.19544,0.11966,0.16416,0.63721,0.0087968,219.44,0.31443,0.0060065,0.39343,4.925
7,mass-edge-patch,0,1,0,0,0.19544,0.11966,0.16416,0.63721,0.0087968,219.44,0.31443,0.0060065,0.39343,4.846
7,graze,3,0,8.5147,0.47194,0.22819,0.14811,0.16464,0.63701,0.011179,220.12,0.24618,0.0065003,0.44313,4.726
7,graze,3,1.25,4.9974,0.50825,0.21821,0.13102,0.16438,0.63691,0.010212,220.27,0.26465,0.0057267,0.4187,1.252
7,graze,3,2.5,0.95393,0.19027,0.19991,0.12179,0.16422,0.63709,0.0090627,219.76,0.30399,0.0059555,0.39915,1.258
7,graze,3,3.75,1.0809,0.22669,0.19031,0.11722,0.16404,0.63722,0.0085176,219.12,0.32691,0.0060627,0.38625,1.260
7,graze,3,5,2.3219,0.42188,0.18428,0.11442,0.16401,0.63738,0.0082142,218.74,0.34239,0.0061236,0.377,1.256
7,mass-blister,0.3,0,0.022782,0.0016347,0.19549,0.1197,0.16416,0.63722,0.0088025,219.44,0.31418,0.0060111,0.39347,4.846
7,mass-blister,0.3,0.25,0.0219,0.0015729,0.19548,0.1197,0.16416,0.63722,0.0088023,219.44,0.31419,0.006011,0.39346,4.858
7,mass-blister,0.3,0.5,4.7611,0.29789,0.2114,0.1294,0.19932,0.51724,0.0082114,210.4,0.41579,0.006535,0.41555,4.936
7,mass-blister,0.3,0.75,13.341,0.58131,0.2447,0.13204,0.4071,0.24666,0.0070041,190.61,0.46012,0.0081397,0.38937,4.806
7,mass-blister,0.3,1,20.746,0.77028,0.27728,0.12431,0.52058,0.10911,0.0074106,186.98,0.41701,0.0087507,0.37227,4.730
7,mass-cluster-size,0.15,0.0375,4.1252,0.44411,0.19925,0.13106,0.16414,0.63699,0.0093404,219.85,0.30467,0.0067428,0.41531,4.119
7,mass-cluster-size,0.15,0.075,2.5067,0.3883,0.19735,0.12662,0.16424,0.63701,0.0090894,219.64,0.31025,0.0064327,0.4078,4.446
7,mass-cluster-size,0.15,0.3,3.15,0.44276,0.19006,0.10891,0.1643,0.63719,0.0084975,219.5,0.31948,0.0055123,0.36812,5.751
7,mass-cluster-size,0.15,0.5,4.9032,0.56101,0.18988,0.10507,0.16423,0.6371,0.0083109,219.25,0.30684,0.0053489,0.3692,7.178
7,mass-cluster-size,0.15,0,5.2909,0.4655,0.19993,0.13462,0.16417,0.63703,0.0094933,219.73,0.30235,0.0071575,0.4214,1.675
7,mass-dust,0,0.25,1.919,0.25024,0.18538,0.1194,0.155,0.67964,0.0090335,220.31,0.25972,0.0058591,0.39608,4.828
7,mass-dust,0,0.5,3.9844,0.34023,0.17243,0.12007,0.14907,0.70708,0.0092312,221.24,0.23127,0.0062543,0.39979,4.803
7,mass-dust,0,0.75,4.9759,0.38035,0.16626,0.11989,0.14595,0.72236,0.0096025,221.99,0.21288,0.0063802,0.40075,4.764
7,mass-dust,0,1,5.6003,0.40487,0.16253,0.11946,0.14351,0.73188,0.0099392,222.71,0.20213,0.0064185,0.40163,4.775
7,mass-warp,0.25,0,5.6079,0.54291,0.1982,0.12081,0.17182,0.63153,0.0088993,219.28,0.31494,0.006071,0.40438,4.817
7,mass-warp,0.25,0.5,5.9384,0.55775,0.19192,0.11905,0.15227,0.64566,0.0087466,219.57,0.31178,0.0059743,0.39022,4.920
7,mass-warp,0.25,0.75,9.9001,0.67773,0.18779,0.11923,0.13866,0.65511,0.0086908,219.52,0.30069,0.0057543,0.38556,4.995
7,mass-warp,0.25,1,12.944,0.74,0.18321,0.11862,0.12236,0.66636,0.0086798,220.58,0.28751,0.0055589,0.37937,4.976
7,cluster-size,0,0.005,0,0,0.19544,0.11966,0.16416,0.63721,0.0087968,219.44,0.31443,0.0060065,0.39343,4.779
7,cluster-size,0,0.02,0,0,0.19544,0.11966,0.16416,0.63721,0.0087968,219.44,0.31443,0.0060065,0.39343,1.247
7,cluster-size,0,0.08,0,0,0.19544,0.11966,0.16416,0.63721,0.0087968,219.44,0.31443,0.0060065,0.39343,1.246
7,cluster-size,0,0.32,0,0,0.19544,0.11966,0.16416,0.63721,0.0087968,219.44,0.31443,0.0060065,0.39343,1.247
7,fill-shadow,15,3.75,7.5083,0.64005,0.23197,0.12396,0.16459,0.63676,0.010975,221.77,0.20091,0.0056693,0.36049,1.251
7,fill-shadow,15,7.5,2.7789,0.44758,0.20909,0.12217,0.16431,0.63698,0.0096404,220.72,0.26823,0.005943,0.38235,1.243
7,fill-shadow,15,30,1.6316,0.31512,0.18748,0.11757,0.16408,0.63718,0.0083057,218.47,0.34405,0.0059718,0.39875,1.251
7,fill-shadow,15,60,2.557,0.36591,0.18295,0.11631,0.16395,0.63722,0.0080464,217.82,0.3621,0.0059055,0.40132,1.253
7,fill,0.1,0.025,3.1788,0.37674,0.18039,0.11435,0.16396,0.63709,0.0078787,217.51,0.37163,0.0054924,0.4005,1.242
7,fill,0.1,0.05,2.0744,0.32953,0.18583,0.11576,0.16407,0.63717,0.0081664,218.33,0.35005,0.0056539,0.39687,1.248
7,fill,0.1,0.2,3.7016,0.40712,0.21162,0.1291,0.16425,0.63712,0.01002,220.4,0.26523,0.0066952,0.39467,1.243
7,fill,0.1,0.4,9.8527,0.50919,0.23709,0.14824,0.16433,0.63712,0.012031,220.23,0.20981,0.0078513,0.40751,1.253
7,fill,0.1,0,4.321,0.40819,0.17409,0.11386,0.16394,0.63705,0.0076158,216.75,0.39775,0.0053482,0.40583,0.992
7,blister,0.8,0,0,0,0.19544,0.11966,0.16416,0.63721,0.0087968,219.44,0.31443,0.0060065,0.39343,1.257
7,blister,0.8,0.25,0,0,0.19544,0.11966,0.16416,0.63721,0.0087968,219.44,0.31443,0.0060065,0.39343,1.260
7,blister,0.8,0.5,0,0,0.19544,0.11966,0.16416,0.63721,0.0087968,219.44,0.31443,0.0060065,0.39343,1.256
7,blister,0.8,0.75,0,0,0.19544,0.11966,0.16416,0.63721,0.0087968,219.44,0.31443,0.0060065,0.39343,1.258
7,blister,0.8,1,0,0,0.19544,0.11966,0.16416,0.63721,0.0087968,219.44,0.31443,0.0060065,0.39343,1.258
7,distant-count,3,0,0.047126,0.0046442,0.19492,0.12013,0.16429,0.63594,0.0087702,219.36,0.31593,0.005988,0.39393,4.525
7,distant-count,3,2,0.047143,0.0046442,0.19492,0.12013,0.16429,0.63594,0.0087702,219.36,0.31593,0.005988,0.39393,4.770
7,distant-count,3,4,0.28219,0.011924,0.19643,0.12083,0.15772,0.63985,0.0089086,219.76,0.30511,0.0060858,0.39566,5.103
7,distant-count,3,5,0.2822,0.011924,0.19643,0.12083,0.15772,0.63985,0.0089086,219.76,0.30511,0.0060858,0.39566,5.279
7,distant-count,3,7,0.3012,0.01349,0.19651,0.12089,0.15772,0.64,0.0089175,219.77,0.30481,0.0061034,0.39572,5.857
7,distant-min-deg,3,0.75,0.0039813,0.00056157,0.19543,0.11967,0.16418,0.63716,0.0087956,219.44,0.31447,0.0060066,0.39345,4.848
7,distant-min-deg,3,1.5,0.0027236,0.00031888,0.19543,0.11967,0.16418,0.63718,0.0087959,219.44,0.31446,0.0060064,0.39345,4.865
7,distant-min-deg,3,6,0.0056449,0.00088231,0.19547,0.11964,0.16412,0.63728,0.0087984,219.44,0.31437,0.0060055,0.39339,4.924
7,distant-min-deg,3,12,0.017084,0.0025602,0.19554,0.1196,0.16402,0.63732,0.008801,219.45,0.31413,0.0060052,0.3933,4.911
7,distant-max-deg,14,3.5,0.046814,0.0045652,0.19494,0.12012,0.16429,0.63594,0.008773,219.37,0.31586,0.0059909,0.39392,4.875
7,distant-max-deg,14,7,0.043777,0.0042691,0.19503,0.12001,0.16429,0.63603,0.0087804,219.39,0.3156,0.0059966,0.39387,4.864
7,distant-max-deg,14,28,0.48994,0.020483,0.19771,0.12001,0.15683,0.63844,0.0089468,219.79,0.30566,0.0060412,0.39181,4.830
7,distant-max-deg,14,56,0.17107,0.015329,0.19623,0.11974,0.16206,0.63834,0.0088564,219.6,0.31067,0.0060117,0.39249,4.917
7,density,1,0.25,12.017,0.77834,0.2514,0.12002,0.21019,0.33746,0.0092843,211.8,0.33239,0.0056217,0.39166,5.192
7,density,1,0.5,5.0911,0.60679,0.21944,0.11821,0.18348,0.51096,0.0090739,215.78,0.34793,0.0056516,0.39075,5.070
7,density,1,2,3.6409,0.50186,0.17889,0.12334,0.14996,0.71716,0.008705,222.45,0.2502,0.0068577,0.39745,4.814
7,density,1,4,6.3455,0.60748,0.17021,0.12778,0.13847,0.76278,0.008901,224.65,0.20567,0.0084491,0.40585,4.578
7,sigma,8,2,11.95,0.7786,0.25092,0.11888,0.21022,0.33744,0.0092815,211.76,0.33263,0.0055934,0.38424,5.244
7,sigma,8,4,5.0734,0.60719,0.21929,0.11784,0.18346,0.51097,0.0090731,215.77,0.34801,0.0056397,0.38792,5.085
7,sigma,8,16,3.6376,0.50184,0.17894,0.12351,0.14996,0.71714,0.0087039,222.45,0.25023,0.0068686,0.39894,4.816
7,sigma,8,32,6.3417,0.60741,0.17026,0.12798,0.13846,0.76277,0.0088993,224.65,0.20571,0.0084672,0.40758,4.595
7,oxygen-threshold,20,5,0.10391,0.01303,0.19582,0.12035,0.16414,0.63721,0.0088115,219.47,0.31369,0.0060418,0.39798,4.816
7,oxygen-threshold,20,10,0.043005,0.0053645,0.1956,0.11997,0.16413,0.63719,0.0088012,219.45,0.31419,0.0060215,0.39566,1.247
7,oxygen-threshold,20,40,0.024788,0.0034292,0.19536,0.11943,0.16417,0.63719,0.0087971,219.44,0.31445,0.0059965,0.39153,1.242
7,oxygen-threshold,20,80,0.039074,0.005564,0.19531,0.11927,0.16417,0.63719,0.0087983,219.44,0.31441,0.0059902,0.39018,1.242
7,line-o,1,0,0.18175,0.01321,0.1948,0.11787,0.16419,0.63726,0.0087961,219.45,0.31459,0.0059824,0.38011,1.249
7,line-o,1,2,0.12647,0.012827,0.19589,0.12096,0.16411,0.63721,0.0087947,219.44,0.31444,0.0060643,0.40409,1.246
7,line-o,1,3,0.22663,0.02025,0.19625,0.12196,0.16402,0.6372,0.0087939,219.43,0.3144,0.0061265,0.41242,1.246
7,line-o,1,4,0.31172,0.025527,0.19655,0.12279,0.164,0.63719,0.0087939,219.43,0.31433,0.0061854,0.41927,1.257
7,line-h,1,0,6.8736,0.53768,0.16398,0.10192,0.1641,0.63699,0.0070075,215.05,0.42661,0.0046496,0.36644,1.271
7,line-h,1,2,5.5856,0.53586,0.21924,0.1361,0.1641,0.63713,0.010505,220.49,0.25295,0.0070908,0.41745,1.250
7,line-h,1,3,10.342,0.59376,0.2388,0.1503,0.16407,0.63706,0.011954,220.42,0.21604,0.0079622,0.4333,1.244
7,line-h,1,4,14.512,0.61953,0.25556,0.16261,0.16407,0.63704,0.01315,220,0.19213,0.008683,0.44395,1.279
7,line-s,0.5,0,5.9716,0.54629,0.16643,0.10701,0.16389,0.63734,0.0073797,217.16,0.40096,0.0054897,0.36939,1.250
7,line-s,0.5,1,5.0539,0.54648,0.21751,0.13249,0.16419,0.63702,0.010253,220.49,0.26062,0.0065274,0.41281,1.242
7,line-s,0.5,2,13.387,0.62757,0.252,0.15429,0.16432,0.637,0.01274,220.55,0.19925,0.0073501,0.434,1.247
7,line-s,0.5,3,20.183,0.65567,0.27907,0.17185,0.16436,0.63706,0.014659,219.81,0.1675,0.0079654,0.44295,1.246
7,line-s,0.5,4,25.962,0.67256,0.30153,0.18641,0.16455,0.63706,0.016105,218.93,0.14899,0.0084456,0.44637,1.244
7,line-colors,natural,hubble-sho,9.7947,0.60421,0.23691,0.14682,0.16416,0.63713,0.01177,220.56,0.22036,0.0075334,0.42658,1.250
7,line-colors,natural,hoo,0.089048,0.0022769,0.19506,0.11938,0.16416,0.63719,0.0087793,219.42,0.31522,0.006003,0.39202,1.250
7,grade,auto,physical,14.461,0.86316,0.20986,0.12165,0.16416,0.63721,0.048618,23.707,0.023287,0.006136,0.37406,1.243
7,grade-strength,1,0,13.772,0.73234,0.20929,0.12167,0.16416,0.63721,0.047034,21.317,0.042992,0.0061164,0.37408,1.244
7,grade-strength,1,0.25,10.569,0.68264,0.20478,0.12127,0.16416,0.63721,0.036985,18.29,0.057563,0.0060997,0.37991,1.244
7,grade-strength,1,0.5,7.2775,0.64166,0.20072,0.12098,0.16416,0.63721,0.025287,14.021,0.091368,0.0060735,0.38574,1.247
7,grade-strength,1,0.75,3.8065,0.57487,0.19736,0.12059,0.16416,0.63721,0.012277,3.0663,0.22792,0.0060464,0.39093,1.252
7,haze,0.004,0.001,4.3542,0.84051,0.16207,0.13255,0.16421,0.63734,0.0079813,209.58,0.53861,0.0072098,0.44278,1.246
7,haze,0.004,0.002,3.004,0.77561,0.17228,0.12976,0.16419,0.63728,0.0081847,213.62,0.46698,0.0067493,0.4245,1.248
7,haze,0.004,0.008,6.4728,0.97054,0.2342,0.10194,0.16411,0.63697,0.0095909,221.72,0.15393,0.0051969,0.34716,1.257
7,haze,0.004,0.016,18.142,0.99611,0.2851,0.092372,0.16398,0.63674,0.01276,224.38,0.048047,0.0043869,0.29169,1.245
7,haze,0.004,0,5.6228,0.85757,0.15237,0.1345,0.16417,0.63728,0.0079299,204.59,0.60882,0.0076543,0.46335,1.253
7,shoulder,0.8,0.2,0.33795,0.012203,0.19435,0.11486,0.16416,0.63721,0.0088,219.44,0.31431,0.0058313,0.35516,1.252
7,shoulder,0.8,0.4,0.076375,0.0050203,0.19521,0.11842,0.16416,0.63721,0.008801,219.43,0.3143,0.0059648,0.38008,1.252
7,shoulder,0.8,1.6,0.0063025,0.0010668,0.19546,0.11977,0.16416,0.63721,0.0087965,219.44,0.31444,0.0060107,0.39549,1.254
7,shoulder,0.8,3.2,0.0063032,0.0010668,0.19546,0.11977,0.16416,0.63721,0.0087965,219.44,0.31444,0.0060107,0.39549,1.275
7,shoulder,0.8,0,0.0063032,0.0010668,0.19546,0.11977,0.16416,0.63721,0.0087965,219.44,0.31444,0.0060107,0.39549,1.256
7,grade-dust,1,0,0,0,0.19544,0.11966,0.16416,0.63721,0.0087968,219.44,0.31443,0.0060065,0.39343,1.258
7,grade-dust,1,0.25,0,0,0.19544,0.11966,0.16416,0.63721,0.0087968,219.44,0.31443,0.0060065,0.39343,1.259
7,grade-dust,1,0.5,0,0,0.19544,0.11966,0.16416,0.63721,0.0087968,219.44,0.31443,0.0060065,0.39343,1.246
7,grade-dust,1,0.75,0,0,0.19544,0.11966,0.16416,0.63721,0.0087968,219.44,0.31443,0.0060065,0.39343,1.255
7,hue-type,auto,single,0,0,0.19544,0.11966,0.16416,0.63721,0.0087968,219.44,0.31443,0.0060065,0.39343,1.251
7,hue-type,auto,fan,0.13419,0.044578,0.1954,0.11962,0.16416,0.63721,0.0088779,213.35,0.33165,0.0060061,0.39344,1.245
7,hue-type,auto,split,4.498,0.24677,0.1983,0.12193,0.16416,0.63721,0.01792,40.234,0.60137,0.0060163,0.39343,1.251
7,palette-family,auto,warm,8.5863,0.94204,0.20326,0.11677,0.16416,0.63721,0.02716,30.961,0.028415,0.0060387,0.39343,1.261
7,palette-family,auto,green,3.8129,0.86195,0.19519,0.1204,0.16415,0.63721,0.012064,101.06,0.034436,0.0060562,0.39364,1.259
7,palette-family,auto,teal,1.4002,0.54523,0.19479,0.11999,0.16416,0.63721,0.009873,152.19,0.19066,0.0060472,0.39364,1.256
7,palette-family,auto,blue,0,0,0.19544,0.11966,0.16416,0.63721,0.0087968,219.44,0.31443,0.0060065,0.39343,1.249
7,grade-galaxy,0.2,0,0.3583,0.056256,0.19555,0.11966,0.16416,0.63721,0.0095601,213.71,0.49102,0.0060052,0.39344,1.249
7,grade-galaxy,0.2,0.25,0.089422,0.00030043,0.19542,0.11966,0.16416,0.63721,0.0086502,220.51,0.26825,0.0060067,0.39342,1.247
7,grade-galaxy,0.2,0.5,0.5356,0.162,0.19536,0.11961,0.16416,0.63721,0.0085252,224.45,0.079729,0.0060052,0.39344,1.252
7,grade-galaxy,0.2,0.75,0.98097,0.25729,0.19536,0.11952,0.16416,0.63721,0.0095386,226.89,0.01719,0.0060002,0.39343,1.256
7,grade-galaxy,0.2,1,1.4263,0.33061,0.19541,0.11941,0.16416,0.63721,0.01101,228.45,0.011305,0.0059913,0.39341,1.262
7,grade-stars,0.6,0,0.16613,0.027527,0.19549,0.11969,0.16416,0.63721,0.0089779,218.78,0.38472,0.0060313,0.39342,1.258
7,grade-stars,0.6,0.25,0.09696,0.013839,0.19547,0.11968,0.16416,0.63721,0.0088679,219.09,0.35324,0.0060194,0.39344,1.256
7,grade-stars,0.6,0.5,0.027749,0.0013828,0.19545,0.11967,0.16416,0.63721,0.0088048,219.35,0.32463,0.0060098,0.39343,1.254
7,grade-stars,0.6,0.75,0.041714,0.0041219,0.19543,0.11965,0.16416,0.63721,0.0088046,219.56,0.30066,0.0060024,0.39342,1.258
7,grade-stars,0.6,1,0.11146,0.016867,0.19542,0.11963,0.16416,0.63721,0.0088578,219.74,0.28111,0.0059967,0.39344,1.251
7,reflection,0.2,0.05,0.45744,0.051386,0.19256,0.11993,0.16413,0.63725,0.008629,219.13,0.32213,0.0060713,0.39233,1.279
7,reflection,0.2,0.1,0.30431,0.03448,0.19354,0.11981,0.16415,0.63724,0.0086915,219.27,0.31945,0.0060478,0.39265,1.257
7,reflection,0.2,0.4,0.59653,0.067574,0.19899,0.11961,0.16417,0.63717,0.0089926,219.76,0.30538,0.0059386,0.39535,1.261
7,reflection,0.2,0.8,1.7386,0.21613,0.20529,0.1203,0.16421,0.63712,0.0092684,219.73,0.28948,0.005836,0.4001,1.249
7,reflection,0.2,0,0.61095,0.067114,0.19156,0.12006,0.16414,0.63726,0.0085746,219.06,0.32504,0.0060994,0.39208,1.247
7,anisotropy,0.5,-0.9,2.2334,0.16549,0.20106,0.12605,0.16417,0.63716,0.0092339,219.62,0.2952,0.0060187,0.40039,1.246
7,anisotropy,0.5,-0.45,1.9993,0.44993,0.20311,0.12052,0.16421,0.6371,0.009123,220.06,0.29123,0.005857,0.38495,1.246
7,anisotropy,0.5,0,0.92073,0.11571,0.19913,0.11945,0.16414,0.63717,0.0089548,219.84,0.30348,0.0059035,0.39057,1.251
7,anisotropy,0.5,0.45,0.07504,0.0024075,0.19574,0.11957,0.16415,0.63721,0.008812,219.48,0.31349,0.0059989,0.39309,1.263
7,anisotropy,0.5,0.9,0.54937,0.053316,0.193,0.12121,0.16415,0.63728,0.008637,219.01,0.32204,0.0060807,0.40053,1.257
7,ion-opacity,8,2,4.9186,0.50964,0.1892,0.11371,0.16444,0.63696,0.0081522,218.1,0.34443,0.0043376,0.38979,4.861
7,ion-opacity,8,4,2.7942,0.40377,0.18953,0.11626,0.1644,0.63699,0.0082791,218.61,0.33951,0.0050836,0.394,4.849
7,ion-opacity,8,16,4.1862,0.44642,0.21071,0.12836,0.16411,0.63722,0.010076,220.6,0.26514,0.0071998,0.39592,4.853
7,ion-opacity,8,32,10.869,0.57318,0.23815,0.14752,0.16406,0.63723,0.012205,220.25,0.20445,0.0088331,0.41157,4.893
7,dust-opacity,6,1.5,0,0,0.19544,0.11966,0.16416,0.63721,0.0087968,219.44,0.31443,0.0060065,0.39343,5.004
7,dust-opacity,6,3,0,0,0.19544,0.11966,0.16416,0.63721,0.0087968,219.44,0.31443,0.0060065,0.39343,4.867
7,dust-opacity,6,12,0,0,0.19544,0.11966,0.16416,0.63721,0.0087968,219.44,0.31443,0.0060065,0.39343,4.849
7,dust-opacity,6,24,0,0,0.19544,0.11966,0.16416,0.63721,0.0087968,219.44,0.31443,0.0060065,0.39343,4.887
7,dust-opacity,6,0,0,0,0.19544,0.11966,0.16416,0.63721,0.0087968,219.44,0.31443,0.0060065,0.39343,4.900
7,rim-shadow,2,0,0.069344,0.008682,0.19587,0.11958,0.16416,0.6372,0.0088196,219.47,0.31366,0.0059984,0.39312,4.861
7,rim-shadow,2,1.5,0.0035545,0.00011059,0.19547,0.11965,0.16416,0.6372,0.0087982,219.44,0.3144,0.0060048,0.3934,1.258
7,rim-shadow,2,3,0.0042869,0.0002638,0.19542,0.11967,0.16416,0.63719,0.0087953,219.44,0.31448,0.0060083,0.39346,1.257
7,rim-shadow,2,4.5,0.0077548,0.00096237,0.19539,0.11968,0.16416,0.63719,0.0087943,219.44,0.31451,0.0060097,0.39348,1.256
7,rim-shadow,2,6,0.0097483,0.0012853,0.19538,0.11969,0.16416,0.63719,0.0087939,219.44,0.31453,0.0060102,0.3935,1.250
7,star-brightness,0.55,0.1375,0.83007,0.092202,0.19196,0.11658,0.16416,0.63721,0.008814,219.54,0.34092,0.0044237,0.38605,1.258
7,star-brightness,0.55,0.275,0.52902,0.067355,0.19323,0.11762,0.16416,0.63721,0.0088019,219.51,0.33033,0.0050185,0.3879,1.265
7,star-brightness,0.55,1.1,0.90332,0.11088,0.19917,0.12344,0.16416,0.63721,0.008818,219.29,0.29252,0.0075718,0.40779,1.263
7,star-brightness,0.55,2.2,2.398,0.18953,0.20522,0.13017,0.16416,0.63721,0.0088953,219.02,0.26499,0.0099043,0.43926,1.259
7,star-brightness,0.55,0,1.181,0.11002,0.19044,0.11569,0.16416,0.63721,0.0088455,219.52,0.3566,0.0036952,0.38632,1.256
7,star-count,30000,7500,0.84413,0.082867,0.19188,0.11686,0.16416,0.63721,0.0088345,219.54,0.3444,0.0044351,0.38874,0.988
7,star-count,30000,15000,0.54097,0.053506,0.19316,0.11791,0.16416,0.63721,0.0088175,219.48,0.33408,0.0050531,0.39111,1.072
7,star-count,30000,60000,1.0649,0.10421,0.19994,0.12312,0.16416,0.63721,0.008793,219.3,0.28133,0.007593,0.40218,1.622
7,star-count,30000,120000,3.2988,0.24262,0.20921,0.13089,0.16416,0.63721,0.0089136,219.15,0.22942,0.010291,0.42172,2.338
7,star-reach,1.5,0.375,1.4961,0.13584,0.1944,0.11762,0.16416,0.63721,0.008808,219.5,0.3226,0.0054589,0.38628,1.122
7,star-reach,1.5,0.75,1.4366,0.12955,0.19495,0.11849,0.16416,0.63721,0.0088033,219.5,0.31729,0.0057419,0.38895,1.152
7,star-reach,1.5,3,1.5481,0.1273,0.19457,0.11938,0.16416,0.63721,0.0087994,219.5,0.32049,0.0056916,0.39882,1.571
7,star-reach,1.5,6,1.6294,0.12604,0.19367,0.11952,0.16416,0.63721,0.0088178,219.5,0.33155,0.0052618,0.41006,2.749
7,nebula-scale,0.08,0.02,0.051472,0.0016613,0.19524,0.11934,0.16416,0.63721,0.0087924,219.47,0.31462,0.0059072,0.39208,1.249
7,nebula-scale,0.08,0.04,0.044539,0.0016014,0.19527,0.11937,0.16416,0.63721,0.0087914,219.46,0.31465,0.0059208,0.39216,1.281
7,nebula-scale,0.08,0.16,0.076914,0.0059368,0.19578,0.11997,0.16416,0.63721,0.0088004,219.38,0.31403,0.0061728,0.3947,1.255
7,nebula-scale,0.08,0.32,0.34218,0.020773,0.19697,0.12082,0.16416,0.63721,0.0088287,219.22,0.31169,0.0067443,0.40042,1.249
7,cluster-stars,1,0.25,0.0061207,0.00043778,0.19542,0.11961,0.16416,0.63721,0.0087954,219.43,0.31447,0.0060002,0.39315,1.255
7,cluster-stars,1,0.5,0.0038356,0.00036661,0.19543,0.11963,0.16416,0.63721,0.008796,219.44,0.31445,0.006002,0.39324,1.263
7,cluster-stars,1,2,0.0060125,0.00050711,0.19547,0.11972,0.16416,0.63721,0.0087977,219.45,0.3144,0.0060143,0.39385,1.261
7,cluster-stars,1,4,0.014694,0.00065975,0.1955,0.11982,0.16416,0.63721,0.0087983,219.45,0.31438,0.0060237,0.3947,1.259
7,cluster-stars,1,0,0.0088043,0.00050711,0.19541,0.1196,0.16416,0.63721,0.0087944,219.43,0.31451,0.0059983,0.39309,1.257
7,young,40,0,0.0022588,0.0004534,0.19544,0.11965,0.16416,0.63721,0.0087967,219.44,0.31454,0.0060077,0.39341,1.253
7,young,40,125,0.0034063,0.00062462,0.19546,0.11967,0.16416,0.63721,0.0087975,219.45,0.31431,0.006005,0.39347,1.251
7,young,40,250,0.0080317,0.0010775,0.19548,0.11969,0.16416,0.63721,0.0087988,219.45,0.31422,0.0060036,0.39355,1.252
7,young,40,375,0.016415,0.0013926,0.19551,0.11973,0.16416,0.63721,0.0088012,219.47,0.31411,0.0060034,0.39369,1.258
7,young,40,500,0.022489,0.001638,0.19553,0.11975,0.16416,0.63721,0.0088032,219.48,0.31402,0.0059991,0.39377,1.259
7,star-halo,0.1,0,0.032293,0.0018835,0.19548,0.11971,0.16416,0.63721,0.0087974,219.43,0.31439,0.0060284,0.39361,1.253
7,star-halo,0.1,0.25,0.050587,0.0048043,0.19541,0.11959,0.16416,0.63721,0.0087961,219.45,0.31441,0.0059801,0.39315,1.257
7,star-halo,0.1,0.5,0.13723,0.017063,0.19536,0.11947,0.16416,0.63721,0.0087955,219.47,0.31434,0.0059598,0.39269,1.256
7,star-halo,0.1,0.75,0.22463,0.028949,0.1953,0.11936,0.16416,0.63721,0.0087958,219.49,0.31445,0.0059618,0.3923,1.256
7,star-halo,0.1,1,0.31361,0.039455,0.19524,0.11926,0.16416,0.63721,0.0087966,219.5,0.31461,0.005984,0.39194,1.258
7,star-halo-deg,0.4,0.1,0.093283,0.0088354,0.19537,0.11966,0.16416,0.63721,0.0087993,219.43,0.31544,0.0061774,0.39393,1.260
7,star-halo-deg,0.4,0.2,0.051721,0.0046873,0.19541,0.11967,0.16416,0.63721,0.0087983,219.44,0.31502,0.0061129,0.3939,1.250
7,star-halo-deg,0.4,0.8,0.047179,0.005176,0.19544,0.11958,0.16416,0.63721,0.0087948,219.45,0.31393,0.0058765,0.39276,1.244
7,star-halo-deg,0.4,1.6,0.078811,0.010364,0.19537,0.11947,0.16416,0.63721,0.0087927,219.47,0.31404,0.0058176,0.39225,1.247
7,spike,0,0.125,2.1826e-07,0,0.19544,0.11966,0.16416,0.63721,0.0087968,219.44,0.31443,0.0060065,0.39343,1.255
7,spike,0,0.25,4.4694e-07,0,0.19544,0.11966,0.16416,0.63721,0.0087968,219.44,0.31443,0.0060065,0.39343,1.249
7,spike,0,0.375,4.4694e-07,0,0.19544,0.11966,0.16416,0.63721,0.0087968,219.44,0.31443,0.0060065,0.39343,1.253
7,spike,0,0.5,4.4694e-07,0,0.19544,0.11966,0.16416,0.63721,0.0087968,219.44,0.31443,0.0060065,0.39343,1.251
7,spike-flux,5000,1250,0.0013752,0.00014429,0.19545,0.11966,0.16416,0.63721,0.0087968,219.44,0.31436,0.006005,0.39341,1.258
7,spike-flux,5000,2500,0.00054935,4.2883e-05,0.19545,0.11966,0.16416,0.63721,0.008797,219.44,0.31443,0.0060058,0.39342,1.259
7,spike-flux,5000,10000,0,0,0.19544,0.11966,0.16416,0.63721,0.0087968,219.44,0.31443,0.0060065,0.39343,1.259
7,spike-flux,5000,20000,0,0,0.19544,0.11966,0.16416,0.63721,0.0087968,219.44,0.31443,0.0060065,0.39343,1.261
7,nebula,on,off,20.994,0.85084,0.24781,0.10281,1,0,0.0047615,106.06,0.18285,0.0085455,0.36455,0.501
7,galaxy-style,barred-spiral,grand-design,4.2324,0.35596,0.21083,0.12596,0.16422,0.63734,0.0086625,219.55,0.32856,0.0065332,0.39006,1.172
7,galaxy-style,barred-spiral,flocculent,1.8917,0.21198,0.19339,0.11806,0.16417,0.63719,0.0087684,219.5,0.30919,0.0059304,0.39177,1.284
7,galaxy-radius,3.5,0,37.957,0.56193,0.34386,0.23599,0.16489,0.63867,0.01467,96.136,0.63875,0.0038981,0.35533,1.207
7,galaxy-radius,3.5,2,10.647,0.46312,0.23957,0.14322,0.16438,0.6378,0.010173,195.37,0.66473,0.00467,0.37464,1.265
7,galaxy-radius,3.5,4,4.0721,0.31074,0.17952,0.11586,0.16407,0.63694,0.0084347,223.61,0.17741,0.0057721,0.4092,1.209
7,galaxy-radius,3.5,6,7.3423,0.39201,0.15007,0.1261,0.16434,0.63681,0.0097244,229.18,0.035268,0.0077592,0.45335,1.122
7,galaxy-radius,3.5,8,7.3885,0.39272,0.14897,0.12666,0.16435,0.63683,0.0096926,229.5,0.022549,0.0077717,0.45389,1.129
7,galaxy-height,0.03,-5,7.038,0.3816,0.17085,0.13019,0.16445,0.63685,0.0094435,226.48,0.12917,0.006521,0.439,1.184
7,galaxy-height,0.03,-2.5,5.7461,0.36725,0.1759,0.12754,0.16449,0.63684,0.0092353,225.47,0.17333,0.0056779,0.41706,1.914
7,galaxy-height,0.03,0,0.82855,0.076598,0.19518,0.11949,0.16417,0.63714,0.0088091,219.47,0.31295,0.0059069,0.39166,1.254
7,galaxy-height,0.03,2.5,7.8129,0.39522,0.15868,0.128,0.16418,0.63698,0.008854,227.7,0.074581,0.0058498,0.43415,2.758
7,galaxy-height,0.03,5,8.2298,0.40631,0.15999,0.13019,0.16412,0.63686,0.0090669,227.68,0.07085,0.0068463,0.4392,1.188
7,galaxy-glow,1.5,0.375,4.7846,0.37486,0.17014,0.11865,0.16416,0.6368,0.0087744,225.31,0.077818,0.0071645,0.43134,1.256
7,galaxy-glow,1.5,0.75,3.0657,0.34946,0.18046,0.11705,0.16413,0.63691,0.0085626,223.4,0.16407,0.0065571,0.41436,1.256
7,galaxy-glow,1.5,3,5.1014,0.39916,0.21799,0.13061,0.16424,0.6374,0.0094206,211.07,0.50323,0.0054063,0.37843,1.256
7,galaxy-glow,1.5,6,12.939,0.46792,0.25011,0.1548,0.16436,0.63777,0.010422,191.11,0.68309,0.0048291,0.39043,1.245
7,galaxy-glow,1.5,0,6.4823,0.39056,0.15352,0.12671,0.16435,0.63684,0.009819,228.79,0.02212,0.0091063,0.45459,1.256
7,galaxy-dust,1,0.25,0.29046,0.032941,0.19669,0.12072,0.16415,0.63722,0.0087787,219.45,0.31101,0.0060051,0.39594,1.254
7,galaxy-dust,1,0.5,0.18671,0.021458,0.19625,0.12033,0.16415,0.63722,0.0087853,219.44,0.31217,0.0060067,0.39493,1.260
7,galaxy-dust,1,2,0.31898,0.03865,0.19405,0.11865,0.16416,0.63721,0.0088114,219.48,0.31738,0.0059994,0.39166,1.259
7,galaxy-dust,1,4,0.82878,0.10868,0.19175,0.11736,0.16418,0.63715,0.0088236,219.6,0.31971,0.0059724,0.3906,1.256
7,galaxy-dust,1,0,0.40504,0.044832,0.19718,0.12119,0.16414,0.63724,0.0087682,219.46,0.30912,0.0060059,0.39716,1.248
7,galaxy-warp,1,0,0.36583,0.029263,0.19524,0.11913,0.16414,0.63721,0.0087979,219.42,0.31615,0.0058769,0.39006,1.250
7,galaxy-warp,1,1.25,0.057903,0.0051722,0.19538,0.11965,0.16416,0.63721,0.0087944,219.45,0.31449,0.0059895,0.39365,1.248
7,galaxy-warp,1,2.5,0.30552,0.029013,0.19522,0.1195,0.16413,0.63718,0.0087825,219.51,0.31283,0.005942,0.39321,1.249
7,galaxy-warp,1,3.75,0.53014,0.059636,0.19509,0.11937,0.16415,0.63717,0.0087705,219.5,0.31183,0.0059265,0.39265,1.258
7,galaxy-warp,1,5,0.73784,0.084807,0.1951,0.11938,0.16416,0.63715,0.0087624,219.53,0.31001,0.0059572,0.3924,1.242
7,galaxy-waves,1,0,1.5337,0.21308,0.1939,0.11846,0.16415,0.63721,0.0087435,219.63,0.31358,0.0058134,0.39875,1.250
7,galaxy-waves,1,1.25,0.50678,0.039552,0.19553,0.11989,0.16415,0.63721,0.008808,219.46,0.31265,0.0060145,0.39408,1.244
7,galaxy-waves,1,2.5,1.8694,0.24164,0.19494,0.12109,0.16414,0.63713,0.0088725,219.94,0.29667,0.0061241,0.39608,1.238
7,galaxy-waves,1,3.75,2.4319,0.29155,0.19158,0.12134,0.16417,0.63709,0.0089721,220.96,0.27206,0.0059499,0.39075,1.245
7,galaxy-waves,1,5,2.6919,0.30887,0.18766,0.12111,0.16422,0.63708,0.0090058,222.2,0.24958,0.0058,0.3937,1.257
7,external-galaxies,4,0,1.3622e-06,0,0.19544,0.11966,0.16416,0.63721,0.0087968,219.44,0.31443,0.0060065,0.39343,1.259
7,external-galaxies,4,2,7.1112e-07,0,0.19544,0.11966,0.16416,0.63721,0.0087968,219.44,0.31443,0.0060065,0.39343,1.261
7,external-galaxies,4,6,0.00020788,8.669e-06,0.19545,0.11966,0.16416,0.63721,0.0087969,219.44,0.31443,0.0060064,0.39343,1.276
7,external-galaxies,4,8,0.00023969,8.669e-06,0.19545,0.11966,0.16416,0.63721,0.0087967,219.44,0.31444,0.0060065,0.39343,1.257
7,galaxy-res,512,64,0.011776,0.0010661,0.19545,0.11965,0.16416,0.6372,0.0087975,219.44,0.31457,0.0059991,0.39337,1.134
7,galaxy-res,512,560,0.00035733,0,0.19544,0.11966,0.16416,0.63721,0.0087969,219.44,0.31443,0.0060066,0.39343,1.283
7,galaxy-res,512,1056,0.00045726,0,0.19544,0.11966,0.16416,0.63721,0.0087969,219.44,0.31443,0.0060068,0.39343,1.495
7,galaxy-res,512,1552,0.00047994,0,0.19544,0.11966,0.16416,0.63721,0.0087968,219.44,0.31443,0.0060068,0.39342,1.906
7,galaxy-res,512,2048,0.00044468,0,0.19544,0.11966,0.16416,0.63721,0.0087968,219.44,0.31443,0.0060068,0.39342,2.472
7,exposure,0.18,0.045,16.946,0.83789,0.10625,0.074393,0.1639,0.63674,0.0060881,225.24,0.15094,0.0032808,0.29312,1.274
7,exposure,0.18,0.09,10.593,0.82183,0.14435,0.092535,0.16406,0.63694,0.0067512,222.47,0.23984,0.0043495,0.34895,1.272
7,exposure,0.18,0.36,16.209,0.87321,0.26509,0.15338,0.16421,0.63733,0.012402,216.25,0.33548,0.0079666,0.41177,1.263
7,exposure,0.18,0.72,38.979,0.92242,0.35555,0.19026,0.16421,0.63735,0.016714,211.35,0.33499,0.0097916,0.4057,1.266
7,denoise,0.35,0.0875,0.76687,0.14143,0.19461,0.12032,0.16654,0.63883,0.0088038,219.4,0.31679,0.0077141,0.39621,1.254
7,denoise,0.35,0.175,0.5163,0.081799,0.19486,0.12009,0.16517,0.63798,0.0087991,219.41,0.31609,0.0071019,0.39557,1.254
7,denoise,0.35,0.7,0.61103,0.092604,0.19628,0.11936,0.16349,0.63632,0.0088228,219.5,0.31149,0.0048503,0.38955,1.264
7,denoise,0.35,1.4,0.93361,0.1261,0.19671,0.11929,0.16306,0.63628,0.008851,219.54,0.30987,0.0043707,0.38723,1.281
7,denoise,0.35,0,0.90705,0.16558,0.19456,0.12049,0.16813,0.64039,0.0088225,219.39,0.31814,0.0081416,0.39688,1.270
7,supersample,2,1,0.61637,0.076516,0.19482,0.11946,0.16452,0.63769,0.0087701,219.39,0.3166,0.0063998,0.39364,0.729
7,step-frac,0.15,0.0375,0.23631,0.017529,0.19544,0.11958,0.16439,0.63707,0.0087943,219.44,0.315,0.0059197,0.39275,2.865
7,step-frac,0.15,0.075,0.22293,0.015605,0.19554,0.11969,0.16427,0.63709,0.0088017,219.45,0.31449,0.0059325,0.3932,1.792
7,step-frac,0.15,0.3,0.74792,0.11513,0.19407,0.11911,0.16464,0.63633,0.0087045,219.32,0.31838,0.0067823,0.39495,1.014
7,step-frac,0.15,0.6,2.6009,0.32927,0.18724,0.11763,0.16869,0.63079,0.0083338,218.57,0.33609,0.01061,0.39956,0.895
7,max-steps,600,50,0.84871,0.13124,0.19845,0.1187,0.17203,0.58216,0.0084378,217.7,0.3421,0.006053,0.38557,1.108
7,max-steps,600,1038,0,0,0.19544,0.11966,0.16416,0.63721,0.0087968,219.44,0.31443,0.0060065,0.39343,1.261
7,max-steps,600,2025,0,0,0.19544,0.11966,0.16416,0.63721,0.0087968,219.44,0.31443,0.0060065,0.39343,1.264
7,max-steps,600,3013,0,0,0.19544,0.11966,0.16416,0.63721,0.0087968,219.44,0.31443,0.0060065,0.39343,1.265
7,max-steps,600,4000,0,0,0.19544,0.11966,0.16416,0.63721,0.0087968,219.44,0.31443,0.0060065,0.39343,1.266
7,light-res,96,16,6.9668,0.49928,0.16,0.10579,0.16426,0.63715,0.0071822,217.66,0.41318,0.0052557,0.35383,1.357
7,light-res,96,76,0.63984,0.11505,0.19297,0.11865,0.16415,0.63727,0.0086484,219.2,0.32124,0.0059689,0.3917,3.353
7,light-res,96,136,0.56502,0.096964,0.1977,0.12089,0.16413,0.63721,0.0089387,219.57,0.30927,0.0060611,0.395,10.972
7,light-res,96,196,0.83951,0.17736,0.19903,0.12156,0.16414,0.63719,0.0090166,219.64,0.30601,0.0060912,0.39543,26.200
7,light-res,96,256,0.967,0.21089,0.19964,0.12188,0.1641,0.63717,0.0090575,219.64,0.30456,0.0061052,0.39577,52.229
7,light-steps,48,8,5.5441,0.40877,0.21924,0.13157,0.1642,0.63705,0.010681,220.76,0.25536,0.0062906,0.37442,1.961
7,light-steps,48,70,0.08519,0.00024902,0.19507,0.11951,0.16416,0.63721,0.0087703,219.41,0.31542,0.0060016,0.39389,6.505
7,light-steps,48,132,0.13637,0.0033372,0.19484,0.11942,0.16416,0.63721,0.0087545,219.39,0.31601,0.0059986,0.39418,11.026
7,light-steps,48,194,0.14693,0.0049542,0.1948,0.11941,0.16416,0.63721,0.0087513,219.38,0.31614,0.005998,0.39425,15.284
7,light-steps,48,256,0.15095,0.0057885,0.19478,0.1194,0.16416,0.63721,0.0087501,219.38,0.31618,0.0059979,0.39425,19.691
